cn8_code,year,extra_eu_import_quantity_100kg
15180010,2008,169.0
15180010,2009,608.0
15180010,2010,808.54
15180010,2011,585.91
15180010,2012,1558.54
15180010,2013,4137.04
15180010,2014,879.78
15180010,2015,4215.52
15180010,2016,5599.28
15180010,2017,1949.24
15180010,2018,4416.5
15180010,2019,41817.79
15180010,2020,12639.97
15180010,2021,8181.81
15180010,2022,1579.23
15180031,2008,6554.0
15180031,2009,11016.0
15180031,2010,7354.93
15180031,2011,20339.17
15180031,2012,19001.94
15180031,2013,21169.52
15180031,2014,54184.96
15180031,2015,28122.71
15180031,2016,61927.58
15180031,2017,46297.28
15180031,2018,2320.18
15180031,2019,18249.21
15180031,2020,5746.18
15180031,2021,80016.42
15180031,2022,133134.5
15180039,2008,106635.2
15180039,2009,73322.0
15180039,2010,87663.61
15180039,2011,104829.03
15180039,2012,87185.4
15180039,2013,124460.14
15180039,2014,75495.11
15180039,2015,25292.37
15180039,2016,11256.93
15180039,2017,22787.97
15180039,2018,31882.72
15180039,2019,111015.64
15180039,2020,133975.42
15180039,2021,25169.82
15180039,2022,66810.89
15180091,2008,71444.1
15180091,2009,83169.3
15180091,2010,125187.45
15180091,2011,129294.52
15180091,2012,308537.85
15180091,2013,178139.98
15180091,2014,142543.67
15180091,2015,131661.28
15180091,2016,128177.46
15180091,2017,1971935.63
15180091,2018,2143859.09
15180091,2019,1832433.86
15180091,2020,2339521.19
15180091,2021,2470451.69
15180091,2022,2689317.16
15180095,2008,1198980.0
15180095,2009,895059.0
15180095,2010,1688344.45
15180095,2011,2383766.05
15180095,2012,2517719.57
15180095,2013,3222579.37
15180095,2014,4449110.63
15180095,2015,4788578.19
15180095,2016,7418225.78
15180095,2017,9105693.15
15180095,2018,10971143.88
15180095,2019,12804091.2
15180095,2020,16246410.19
15180095,2021,16086592.22
15180095,2022,19799174.4
15180099,2008,121497.0
15180099,2009,101756.15
15180099,2010,192295.51
15180099,2011,431861.6
15180099,2012,548926.35
15180099,2013,1537531.41
15180099,2014,1353863.99
15180099,2015,1538644.84
15180099,2016,1321857.17
15180099,2017,1015782.75
15180099,2018,825337.32
15180099,2019,846530.26
15180099,2020,866867.75
15180099,2021,1356461.09
15180099,2022,1396570.87
15200000,2008,171033.34
15200000,2009,261539.75
15200000,2010,153415.61
15200000,2011,584867.95
15200000,2012,1250115.45
15200000,2013,862903.23
15200000,2014,501747.07
15200000,2015,585161.42
15200000,2016,742300.33
15200000,2017,1126631.71
15200000,2018,758748.05
15200000,2019,955231.82
15200000,2020,1449854.81
15200000,2021,1130422.36
15200000,2022,1421166.52
25030090,2008,120883.16
25030090,2009,77217.08
25030090,2010,77499.87
25030090,2011,85144.5
25030090,2012,142379.63
25030090,2013,99781.57
25030090,2014,1367203.72
25030090,2015,1209994.05
25030090,2016,1854368.27
25030090,2017,2240663.14
25030090,2018,1936582.39
25030090,2019,2804819.56
25030090,2020,4555285.36
25030090,2021,2084908.26
25030090,2022,783942.29
25173000,2008,1290251.0
25173000,2009,1155952.0
25173000,2010,1917713.17
25173000,2011,2043495.28
25173000,2012,2134082.71
25173000,2013,1287652.74
25173000,2014,1370581.57
25173000,2015,603267.74
25173000,2016,1083073.94
25173000,2017,961976.89
25173000,2018,1079451.47
25173000,2019,1863710.31
25173000,2020,1777165.23
25173000,2021,2434283.23
25173000,2022,2187660.45
25182000,2008,577292.55
25182000,2009,516248.0
25182000,2010,781312.83
25182000,2011,1164828.73
25182000,2012,1211573.82
25182000,2013,1077875.34
25182000,2014,1499817.75
25182000,2015,1441805.18
25182000,2016,1300903.46
25182000,2017,1499454.19
25182000,2018,1573969.27
25182000,2019,1798668.49
25182000,2020,1364988.13
25182000,2021,1403382.76
25182000,2022,1397987.1
25202000,2008,
25202000,2009,
25202000,2010,1321174.64
25202000,2011,1292387.46
25202000,2012,1087374.64
25202000,2013,1087870.2
25202000,2014,1210557.44
25202000,2015,1095499.29
25202000,2016,1155316.75
25202000,2017,1098401.06
25202000,2018,1088140.65
25202000,2019,2024367.0
25202000,2020,2626216.26
25202000,2021,2980877.45
25202000,2022,2411481.98
25221000,2008,984767.0
25221000,2009,1874889.8
25221000,2010,2769648.76
25221000,2011,2951864.83
25221000,2012,2809969.54
25221000,2013,2678154.11
25221000,2014,2653276.82
25221000,2015,2585796.54
25221000,2016,3202800.65
25221000,2017,3014029.29
25221000,2018,3150670.88
25221000,2019,2758303.5
25221000,2020,1903770.54
25221000,2021,2473975.37
25221000,2022,3459593.46
25222000,2008,566795.92
25222000,2009,655067.49
25222000,2010,695157.16
25222000,2011,618741.03
25222000,2012,495772.25
25222000,2013,604701.13
25222000,2014,579579.77
25222000,2015,510005.08
25222000,2016,451230.24
25222000,2017,444281.69
25222000,2018,499199.42
25222000,2019,459549.93
25222000,2020,550305.1
25222000,2021,850733.48
25222000,2022,894054.65
25223000,2008,83915.9
25223000,2009,91357.95
25223000,2010,45244.04
25223000,2011,64554.58
25223000,2012,66889.81
25223000,2013,65896.81
25223000,2014,88359.93
25223000,2015,71089.97
25223000,2016,97961.48
25223000,2017,53727.44
25223000,2018,51689.5
25223000,2019,49523.16
25223000,2020,53283.41
25223000,2021,48948.86
25223000,2022,35131.41
25231000,2008,85415685.0
25231000,2009,43688997.0
25231000,2010,27849910.16
25231000,2011,18929022.95
25231000,2012,11699841.38
25231000,2013,11626111.05
25231000,2014,9709148.37
25231000,2015,10515888.78
25231000,2016,7628672.19
25231000,2017,10694105.85
25231000,2018,11232070.57
25231000,2019,21656480.54
25231000,2020,25025704.64
25231000,2021,48756438.87
25231000,2022,59095274.66
25232100,2008,4081248.8
25232100,2009,3696772.2
25232100,2010,3476646.73
25232100,2011,3624177.29
25232100,2012,3242276.36
25232100,2013,3640504.85
25232100,2014,2573695.17
25232100,2015,2134335.35
25232100,2016,2906356.99
25232100,2017,3685659.29
25232100,2018,4167856.51
25232100,2019,5077665.99
25232100,2020,5424795.47
25232100,2021,6175123.5
25232100,2022,5978796.59
25232900,2008,17937977.81
25232900,2009,27173070.76
25232900,2010,23956890.31
25232900,2011,19828204.0
25232900,2012,13508164.19
25232900,2013,10713976.4
25232900,2014,12010745.53
25232900,2015,12227819.33
25232900,2016,12351415.08
25232900,2017,16401236.58
25232900,2018,17486571.6
25232900,2019,23143686.9
25232900,2020,30527645.56
25232900,2021,37686580.95
25232900,2022,32512640.07
25233000,2008,686876.81
25233000,2009,489835.36
25233000,2010,512607.82
25233000,2011,496491.47
25233000,2012,627927.39
25233000,2013,573891.31
25233000,2014,604449.33
25233000,2015,602110.56
25233000,2016,755681.72
25233000,2017,869990.62
25233000,2018,938073.52
25233000,2019,681227.65
25233000,2020,579363.69
25233000,2021,769606.17
25233000,2022,714165.51
25239000,2008,
25239000,2009,
25239000,2010,458310.91
25239000,2011,415207.37
25239000,2012,371140.43
25239000,2013,269535.36
25239000,2014,427446.5
25239000,2015,652916.5
25239000,2016,610574.2
25239000,2017,231895.97
25239000,2018,251450.02
25239000,2019,1763282.28
25239000,2020,1562129.24
25239000,2021,3676653.97
25239000,2022,3461094.3
26012000,2008,1924252.0
26012000,2009,177989.0
26012000,2010,185558.38
26012000,2011,317.38
26012000,2012,3402.79
26012000,2013,314.57
26012000,2014,31250.82
26012000,2015,189769.2
26012000,2016,109736.46
26012000,2017,226684.92
26012000,2018,4470.22
26012000,2019,4596.43
26012000,2020,4973.79
26012000,2021,125.84
26012000,2022,197.76
27071000,2008,
27071000,2009,
27071000,2010,
27071000,2011,
27071000,2012,
27071000,2013,6564917.14
27071000,2014,4536449.5
27071000,2015,2073019.02
27071000,2016,2688204.91
27071000,2017,2818199.11
27071000,2018,2930195.51
27071000,2019,2329952.98
27071000,2020,2263170.97
27071000,2021,2310012.89
27071000,2022,2591736.75
27072000,2008,
27072000,2009,
27072000,2010,
27072000,2011,
27072000,2012,
27072000,2013,77535.86
27072000,2014,71635.95
27072000,2015,36345.69
27072000,2016,100698.33
27072000,2017,163771.36
27072000,2018,71536.88
27072000,2019,1611.96
27072000,2020,1.3
27072000,2021,21.61
27072000,2022,57.52
27073000,2008,
27073000,2009,
27073000,2010,
27073000,2011,
27073000,2012,
27073000,2013,148226.04
27073000,2014,422577.47
27073000,2015,538676.61
27073000,2016,681154.54
27073000,2017,632086.02
27073000,2018,1232464.19
27073000,2019,782146.94
27073000,2020,699744.41
27073000,2021,174232.39
27073000,2022,643590.72
27074000,2008,772378.0
27074000,2009,449070.0
27074000,2010,562905.89
27074000,2011,557171.6
27074000,2012,2630106.57
27074000,2013,1030539.6
27074000,2014,1030906.13
27074000,2015,400724.17
27074000,2016,418901.61
27074000,2017,553529.11
27074000,2018,109092.88
27074000,2019,222952.38
27074000,2020,27505.91
27074000,2021,91378.67
27074000,2022,69091.46
27075000,2008,
27075000,2009,
27075000,2010,
27075000,2011,
27075000,2012,
27075000,2013,9940536.75
27075000,2014,11377664.24
27075000,2015,13877735.98
27075000,2016,18594082.93
27075000,2017,18559189.28
27075000,2018,16584008.41
27075000,2019,24577114.54
27075000,2020,24810484.92
27075000,2021,19806812.59
27075000,2022,17789826.58
27079100,2008,33705.0
27079100,2009,30116.0
27079100,2010,12626.42
27079100,2011,20186.99
27079100,2012,10676.08
27079100,2013,2503.2
27079100,2014,4320.23
27079100,2015,1351.51
27079100,2016,318.36
27079100,2017,1934.68
27079100,2018,253.91
27079100,2019,471.24
27079100,2020,471.04
27079100,2021,2044.2
27079100,2022,865.44
27079911,2008,541358.0
27079911,2009,466925.0
27079911,2010,560182.06
27079911,2011,651366.9
27079911,2012,612343.24
27079911,2013,603086.96
27079911,2014,658957.47
27079911,2015,744997.49
27079911,2016,658657.08
27079911,2017,741947.59
27079911,2018,974305.68
27079911,2019,683337.76
27079911,2020,401795.59
27079911,2021,418.55
27079911,2022,17850.23
27079919,2008,463372.0
27079919,2009,270264.0
27079919,2010,581962.45
27079919,2011,206304.39
27079919,2012,156737.22
27079919,2013,517771.18
27079919,2014,8987.73
27079919,2015,7780.26
27079919,2016,656926.15
27079919,2017,223483.79
27079919,2018,499339.66
27079919,2019,262387.81
27079919,2020,79.13
27079919,2021,598.89
27079919,2022,67337.07
27079920,2008,
27079920,2009,
27079920,2010,
27079920,2011,
27079920,2012,2.25
27079920,2013,117840.0
27079920,2014,210.0
27079920,2015,
27079920,2016,115.0
27079920,2017,160.0
27079920,2018,246.41
27079920,2019,211.0
27079920,2020,0.05
27079920,2021,5.69
27079920,2022,160.18
27079950,2008,287.0
27079950,2009,49.0
27079950,2010,70.85
27079950,2011,12.33
27079950,2012,12.14
27079950,2013,17.71
27079950,2014,57.18
27079950,2015,11.84
27079950,2016,87.91
27079950,2017,539.26
27079950,2018,542.82
27079950,2019,1766.44
27079950,2020,1043.41
27079950,2021,612.14
27079950,2022,808.5
27079980,2008,29040.0
27079980,2009,2330.0
27079980,2010,2438.52
27079980,2011,2481.49
27079980,2012,1992.15
27079980,2013,8001.71
27079980,2014,12660.16
27079980,2015,9772.81
27079980,2016,8926.43
27079980,2017,6405.3
27079980,2018,6561.68
27079980,2019,7333.52
27079980,2020,9188.83
27079980,2021,17017.37
27079980,2022,35632.87
27079991,2008,2915639.5
27079991,2009,2598230.0
27079991,2010,3684413.4
27079991,2011,2772332.54
27079991,2012,1670260.82
27079991,2013,1332530.33
27079991,2014,275796.59
27079991,2015,2.2
27079991,2016,779625.04
27079991,2017,1514940.55
27079991,2018,1202009.21
27079991,2019,206921.85
27079991,2020,42924.7
27079991,2021,84750.86
27079991,2022,196388.08
27079999,2008,254489.49
27079999,2009,249210.0
27079999,2010,919562.98
27079999,2011,3213616.17
27079999,2012,2272557.54
27079999,2013,1305871.43
27079999,2014,26586571.85
27079999,2015,34802860.52
27079999,2016,25223444.66
27079999,2017,36327229.39
27079999,2018,55817728.67
27079999,2019,69856897.26
27079999,2020,116164705.23
27079999,2021,155509612.9
27079999,2022,81918414.9
27081000,2008,692155.0
27081000,2009,594705.0
27081000,2010,436018.66
27081000,2011,566727.91
27081000,2012,518254.34
27081000,2013,240483.37
27081000,2014,203424.93
27081000,2015,155458.35
27081000,2016,247641.99
27081000,2017,187873.18
27081000,2018,220066.32
27081000,2019,59993.86
27081000,2020,70749.5
27081000,2021,86779.65
27081000,2022,56283.47
27082000,2008,252101.0
27082000,2009,347671.0
27082000,2010,165607.88
27082000,2011,340145.8
27082000,2012,251384.39
27082000,2013,283716.02
27082000,2014,274351.12
27082000,2015,300702.14
27082000,2016,354127.12
27082000,2017,276550.15
27082000,2018,363237.74
27082000,2019,221441.09
27082000,2020,310616.05
27082000,2021,253862.75
27082000,2022,112141.25
27150000,2008,1616959.72
27150000,2009,1048157.26
27150000,2010,1608926.35
27150000,2011,1138900.17
27150000,2012,1073465.1
27150000,2013,830660.87
27150000,2014,462596.9
27150000,2015,442685.52
27150000,2016,627746.34
27150000,2017,1396154.02
27150000,2018,698011.96
27150000,2019,903296.98
27150000,2020,995647.68
27150000,2021,1474008.48
27150000,2022,872019.93
28011000,2008,147565.03
28011000,2009,109844.75
28011000,2010,100759.63
28011000,2011,88559.62
28011000,2012,44215.2
28011000,2013,26986.81
28011000,2014,31631.8
28011000,2015,31517.59
28011000,2016,12302.4
28011000,2017,177587.48
28011000,2018,379950.12
28011000,2019,11058.42
28011000,2020,24357.82
28011000,2021,8241.98
28011000,2022,9950.77
28012000,2008,84164.0
28012000,2009,58590.01
28012000,2010,62742.84
28012000,2011,74143.9
28012000,2012,74126.18
28012000,2013,81837.14
28012000,2014,88880.07
28012000,2015,65511.14
28012000,2016,92294.34
28012000,2017,89468.95
28012000,2018,99196.62
28012000,2019,80570.53
28012000,2020,90793.4
28012000,2021,75513.75
28012000,2022,80126.91
28013010,2008,37.4
28013010,2009,60.0
28013010,2010,127.23
28013010,2011,422.06
28013010,2012,87.56
28013010,2013,96.16
28013010,2014,85.73
28013010,2015,154.58
28013010,2016,64.32
28013010,2017,39.99
28013010,2018,95.1
28013010,2019,102.22
28013010,2020,7.83
28013010,2021,3.07
28013010,2022,11.23
28013090,2008,326119.0
28013090,2009,246215.0
28013090,2010,199880.73
28013090,2011,300936.95
28013090,2012,291316.63
28013090,2013,287797.01
28013090,2014,305521.4
28013090,2015,268481.76
28013090,2016,255103.41
28013090,2017,253705.12
28013090,2018,230971.62
28013090,2019,244688.5
28013090,2020,213069.3
28013090,2021,196991.15
28013090,2022,175240.85
28020000,2008,72619.0
28020000,2009,12143.0
28020000,2010,16576.29
28020000,2011,17129.01
28020000,2012,18416.56
28020000,2013,20994.72
28020000,2014,20763.97
28020000,2015,19359.9
28020000,2016,14907.37
28020000,2017,45029.78
28020000,2018,13197.09
28020000,2019,22875.97
28020000,2020,10182.4
28020000,2021,3360.08
28020000,2022,3434.87
28030000,2008,
28030000,2009,3358161.9
28030000,2010,4671308.01
28030000,2011,6068522.57
28030000,2012,5609560.16
28030000,2013,5911274.64
28030000,2014,6326491.93
28030000,2015,6066107.02
28030000,2016,6604456.74
28030000,2017,7585136.21
28030000,2018,7794385.57
28030000,2019,7023172.43
28030000,2020,5960609.81
28030000,2021,7485983.39
28030000,2022,7769410.11
28062000,2008,61204.15
28062000,2009,51200.0
28062000,2010,79850.88
28062000,2011,92146.21
28062000,2012,71985.5
28062000,2013,69919.65
28062000,2014,66275.79
28062000,2015,75658.53
28062000,2016,67122.73
28062000,2017,64273.29
28062000,2018,63966.97
28062000,2019,66146.71
28062000,2020,42938.02
28062000,2021,64560.81
28062000,2022,47200.1
28112100,2008,1879607.22
28112100,2009,1715338.38
28112100,2010,1898656.02
28112100,2011,1719265.69
28112100,2012,1663892.59
28112100,2013,1829480.91
28112100,2014,1801032.96
28112100,2015,2018336.63
28112100,2016,1593317.44
28112100,2017,1602818.79
28112100,2018,2061853.99
28112100,2019,2003169.52
28112100,2020,1851168.64
28112100,2021,1740308.17
28112100,2022,2047981.57
28112930,2008,3905.0
28112930,2009,4271.07
28112930,2010,6989.01
28112930,2011,9744.46
28112930,2012,10443.05
28112930,2013,10726.63
28112930,2014,12503.66
28112930,2015,23544.75
28112930,2016,19014.01
28112930,2017,22522.33
28112930,2018,33127.44
28112930,2019,75777.64
28112930,2020,107026.31
28112930,2021,148921.29
28112930,2022,128309.76
28112990,2008,34709.0
28112990,2009,26371.0
28112990,2010,39086.46
28112990,2011,27625.25
28112990,2012,16452.36
28112990,2013,21205.41
28112990,2014,10468.15
28112990,2015,5830.33
28112990,2016,6765.55
28112990,2017,6512.44
28112990,2018,5608.1
28112990,2019,5093.54
28112990,2020,10197.52
28112990,2021,9500.82
28112990,2022,11542.34
28121100,2008,
28121100,2009,
28121100,2010,
28121100,2011,
28121100,2012,
28121100,2013,
28121100,2014,
28121100,2015,
28121100,2016,
28121100,2017,604.79
28121100,2018,673.13
28121100,2019,327.49
28121100,2020,72.33
28121100,2021,0.01
28121100,2022,3.12
28121500,2008,
28121500,2009,
28121500,2010,
28121500,2011,
28121500,2012,
28121500,2013,
28121500,2014,
28121500,2015,
28121500,2016,
28121500,2017,
28121500,2018,
28121500,2019,
28121500,2020,45885.01
28121500,2021,17051.5
28121500,2022,37489.13
28121600,2008,
28121600,2009,
28121600,2010,
28121600,2011,
28121600,2012,
28121600,2013,
28121600,2014,
28121600,2015,
28121600,2016,
28121600,2017,4092.3
28121600,2018,4212.51
28121600,2019,4306.9
28121600,2020,3238.6
28121600,2021,4389.2
28121600,2022,3273.8
28121700,2008,
28121700,2009,
28121700,2010,
28121700,2011,
28121700,2012,
28121700,2013,
28121700,2014,
28121700,2015,
28121700,2016,
28121700,2017,20184.95
28121700,2018,16473.68
28121700,2019,19320.45
28121700,2020,18944.45
28121700,2021,22886.55
28121700,2022,23555.58
28121990,2008,
28121990,2009,
28121990,2010,
28121990,2011,
28121990,2012,
28121990,2013,
28121990,2014,
28121990,2015,
28121990,2016,
28121990,2017,8018.95
28121990,2018,3070.75
28121990,2019,2814.43
28121990,2020,1941.52
28121990,2021,1079.52
28121990,2022,1832.93
28129000,2008,14789.44
28129000,2009,13532.6
28129000,2010,12522.96
28129000,2011,15692.23
28129000,2012,16831.12
28129000,2013,13050.46
28129000,2014,13090.53
28129000,2015,12624.2
28129000,2016,13744.14
28129000,2017,13327.85
28129000,2018,14294.37
28129000,2019,15596.06
28129000,2020,20912.27
28129000,2021,19194.98
28129000,2022,17901.1
28153000,2008,1954.35
28153000,2009,84684.0
28153000,2010,193825.45
28153000,2011,4642.93
28153000,2012,4963.34
28153000,2013,3385.76
28153000,2014,2530.26
28153000,2015,11084.13
28153000,2016,39851.77
28153000,2017,6517.18
28153000,2018,590.15
28153000,2019,711.13
28153000,2020,1115.32
28153000,2021,185.67
28153000,2022,469.9
28170000,2008,584009.0
28170000,2009,356298.5
28170000,2010,573322.0
28170000,2011,611042.78
28170000,2012,547708.49
28170000,2013,560658.19
28170000,2014,651147.18
28170000,2015,674278.01
28170000,2016,645647.48
28170000,2017,636514.36
28170000,2018,636399.65
28170000,2019,574277.44
28170000,2020,596358.68
28170000,2021,718102.6
28170000,2022,636703.12
28181011,2008,256720.0
28181011,2009,194336.0
28181011,2010,476805.59
28181011,2011,555789.14
28181011,2012,413165.23
28181011,2013,457228.77
28181011,2014,500275.76
28181011,2015,500170.36
28181011,2016,565959.52
28181011,2017,655591.3
28181011,2018,696821.33
28181011,2019,520119.82
28181011,2020,540553.83
28181011,2021,821615.06
28181011,2022,1066170.31
28181019,2008,94893.0
28181019,2009,37398.0
28181019,2010,60355.36
28181019,2011,50135.6
28181019,2012,22025.19
28181019,2013,33330.65
28181019,2014,54072.26
28181019,2015,107346.06
28181019,2016,100578.4
28181019,2017,89921.81
28181019,2018,114518.84
28181019,2019,58037.44
28181019,2020,39534.68
28181019,2021,59631.23
28181019,2022,43288.37
28181091,2008,1629682.0
28181091,2009,479071.4
28181091,2010,1195047.47
28181091,2011,1223209.74
28181091,2012,1018165.16
28181091,2013,1195427.82
28181091,2014,1298076.19
28181091,2015,1256707.11
28181091,2016,1398187.32
28181091,2017,1547170.43
28181091,2018,1595390.96
28181091,2019,1306660.45
28181091,2020,1124640.3
28181091,2021,1493579.62
28181091,2022,1265634.4
28181099,2008,473310.0
28181099,2009,150201.0
28181099,2010,285619.04
28181099,2011,377138.58
28181099,2012,392172.34
28181099,2013,310267.83
28181099,2014,342229.59
28181099,2015,222092.61
28181099,2016,214595.39
28181099,2017,202867.09
28181099,2018,236984.99
28181099,2019,128053.69
28181099,2020,35260.19
28181099,2021,55053.33
28181099,2022,59992.57
28182000,2008,17083835.43
28182000,2009,11073349.09
28182000,2010,9538600.84
28182000,2011,14080950.88
28182000,2012,7110654.84
28182000,2013,7886617.91
28182000,2014,9087040.1
28182000,2015,6642679.26
28182000,2016,7705111.12
28182000,2017,7939226.1
28182000,2018,9343162.44
28182000,2019,10114174.53
28182000,2020,6109164.68
28182000,2021,10107936.58
28182000,2022,8171770.09
28211000,2008,970130.52
28211000,2009,814789.93
28211000,2010,984923.79
28211000,2011,842305.69
28211000,2012,699241.27
28211000,2013,687140.82
28211000,2014,931450.79
28211000,2015,701956.67
28211000,2016,869785.11
28211000,2017,898535.67
28211000,2018,889918.48
28211000,2019,857231.88
28211000,2020,748222.02
28211000,2021,843336.25
28211000,2022,911761.6
28212000,2008,12999.17
28212000,2009,13957.1
28212000,2010,54719.33
28212000,2011,49747.56
28212000,2012,52001.27
28212000,2013,10976.52
28212000,2014,70654.93
28212000,2015,36193.97
28212000,2016,37522.64
28212000,2017,36701.3
28212000,2018,52129.54
28212000,2019,65094.67
28212000,2020,41570.14
28212000,2021,43784.26
28212000,2022,81423.01
28220000,2008,12583.43
28220000,2009,10320.0
28220000,2010,14065.37
28220000,2011,11235.28
28220000,2012,13644.09
28220000,2013,11275.84
28220000,2014,10614.23
28220000,2015,9866.49
28220000,2016,11763.64
28220000,2017,12047.46
28220000,2018,59292.26
28220000,2019,14830.62
28220000,2020,12709.58
28220000,2021,18136.27
28220000,2022,13670.46
28251000,2008,38050.6
28251000,2009,64184.7
28251000,2010,38477.69
28251000,2011,30727.42
28251000,2012,31859.88
28251000,2013,32956.1
28251000,2014,36147.83
28251000,2015,30470.01
28251000,2016,26162.64
28251000,2017,26929.68
28251000,2018,35216.08
28251000,2019,44926.98
28251000,2020,31962.49
28251000,2021,29383.1
28251000,2022,26493.67
28257000,2008,41140.0
28257000,2009,29719.0
28257000,2010,46006.1
28257000,2011,35134.99
28257000,2012,26326.1
28257000,2013,32502.64
28257000,2014,32932.24
28257000,2015,43905.46
28257000,2016,42242.29
28257000,2017,52164.78
28257000,2018,45955.73
28257000,2019,49010.48
28257000,2020,44737.58
28257000,2021,36155.54
28257000,2022,29728.15
28258000,2008,97248.23
28258000,2009,50306.25
28258000,2010,65986.51
28258000,2011,59942.9
28258000,2012,64124.37
28258000,2013,50658.05
28258000,2014,48814.16
28258000,2015,50083.89
28258000,2016,65264.85
28258000,2017,40939.21
28258000,2018,45973.9
28258000,2019,58978.31
28258000,2020,31600.9
28258000,2021,45716.32
28258000,2022,50475.86
28271000,2008,58502.0
28271000,2009,49371.0
28271000,2010,70880.84
28271000,2011,82305.86
28271000,2012,70581.94
28271000,2013,79677.62
28271000,2014,90266.83
28271000,2015,90856.46
28271000,2016,94398.08
28271000,2017,85341.63
28271000,2018,94988.6
28271000,2019,108855.46
28271000,2020,95350.73
28271000,2021,69200.41
28271000,2022,104830.83
28274100,2008,16240.0
28274100,2009,13966.0
28274100,2010,14402.51
28274100,2011,14870.41
28274100,2012,14544.72
28274100,2013,23380.0
28274100,2014,21187.75
28274100,2015,21851.21
28274100,2016,26849.86
28274100,2017,25124.32
28274100,2018,22902.56
28274100,2019,17434.4
28274100,2020,22803.38
28274100,2021,19780.65
28274100,2022,15737.64
28274910,2008,1.0
28274910,2009,11.0
28274910,2010,0.11
28274910,2011,404.85
28274910,2012,801.36
28274910,2013,1301.12
28274910,2014,800.02
28274910,2015,11.4
28274910,2016,8.1
28274910,2017,583.25
28274910,2018,2.58
28274910,2019,22.4
28274910,2020,545.1
28274910,2021,5524.04
28274910,2022,2160.17
28274990,2008,119395.0
28274990,2009,86581.0
28274990,2010,112526.87
28274990,2011,107355.06
28274990,2012,106147.52
28274990,2013,103341.05
28274990,2014,92553.72
28274990,2015,95402.52
28274990,2016,117584.52
28274990,2017,119697.62
28274990,2018,134570.03
28274990,2019,116253.06
28274990,2020,120162.69
28274990,2021,102250.22
28274990,2022,101743.73
28323000,2008,303063.0
28323000,2009,140645.0
28323000,2010,196242.36
28323000,2011,156138.66
28323000,2012,212141.96
28323000,2013,146925.51
28323000,2014,260244.98
28323000,2015,312866.3
28323000,2016,214903.65
28323000,2017,222552.17
28323000,2018,6410.82
28323000,2019,6816.45
28323000,2020,10240.17
28323000,2021,140826.18
28323000,2022,17696.79
28333000,2008,25345.0
28333000,2009,15648.0
28333000,2010,18771.64
28333000,2011,21282.91
28333000,2012,17169.19
28333000,2013,11155.67
28333000,2014,12764.94
28333000,2015,11827.5
28333000,2016,11485.13
28333000,2017,12706.46
28333000,2018,13281.4
28333000,2019,12910.41
28333000,2020,10192.29
28333000,2021,10048.21
28333000,2022,10316.1
28334000,2008,139438.88
28334000,2009,83181.97
28334000,2010,102956.47
28334000,2011,96583.78
28334000,2012,92428.93
28334000,2013,96936.65
28334000,2014,94907.15
28334000,2015,101324.52
28334000,2016,102853.17
28334000,2017,108594.07
28334000,2018,123934.37
28334000,2019,114917.05
28334000,2020,111728.17
28334000,2021,147781.79
28334000,2022,111264.69
28363000,2008,884027.96
28363000,2009,1075173.81
28363000,2010,1412817.5
28363000,2011,1553010.02
28363000,2012,1680031.97
28363000,2013,1971494.83
28363000,2014,2284017.69
28363000,2015,2413549.16
28363000,2016,2580228.08
28363000,2017,3023338.85
28363000,2018,3635325.36
28363000,2019,3649179.17
28363000,2020,4287743.42
28363000,2021,4526251.77
28363000,2022,4348682.13
28365000,2008,16833272.5
28365000,2009,14968210.0
28365000,2010,17268735.12
28365000,2011,17494802.5
28365000,2012,17683153.36
28365000,2013,16282246.11
28365000,2014,15813064.03
28365000,2015,14963656.05
28365000,2016,6664714.33
28365000,2017,1064737.8
28365000,2018,771315.45
28365000,2019,7785441.41
28365000,2020,5265260.44
28365000,2021,5617240.58
28365000,2022,4943685.06
28371100,2008,11729.0
28371100,2009,18525.0
28371100,2010,20421.76
28371100,2011,29791.66
28371100,2012,9738.37
28371100,2013,14644.12
28371100,2014,17159.06
28371100,2015,23772.09
28371100,2016,10362.02
28371100,2017,10649.22
28371100,2018,15517.58
28371100,2019,4096.22
28371100,2020,6739.34
28371100,2021,4128.7
28371100,2022,1530.12
28371900,2008,7403.74
28371900,2009,7757.0
28371900,2010,7951.26
28371900,2011,9222.96
28371900,2012,4660.83
28371900,2013,4131.69
28371900,2014,4574.52
28371900,2015,4235.23
28371900,2016,7021.67
28371900,2017,7246.91
28371900,2018,7913.72
28371900,2019,5237.62
28371900,2020,3799.27
28371900,2021,3448.2
28371900,2022,3504.84
28372000,2008,23114.5
28372000,2009,22062.02
28372000,2010,28982.9
28372000,2011,26016.25
28372000,2012,18763.98
28372000,2013,31594.72
28372000,2014,26071.33
28372000,2015,26603.0
28372000,2016,25074.07
28372000,2017,13727.76
28372000,2018,13542.23
28372000,2019,12625.21
28372000,2020,10201.31
28372000,2021,17323.95
28372000,2022,24208.88
28413000,2008,467713.0
28413000,2009,333407.0
28413000,2010,466268.43
28413000,2011,410906.3
28413000,2012,384847.9
28413000,2013,392392.42
28413000,2014,416101.57
28413000,2015,402292.74
28413000,2016,430582.33
28413000,2017,411644.11
28413000,2018,441719.03
28413000,2019,402541.16
28413000,2020,343300.44
28413000,2021,388380.31
28413000,2022,358949.06
28415000,2008,18070.0
28415000,2009,11214.0
28415000,2010,16274.69
28415000,2011,11272.9
28415000,2012,17290.26
28415000,2013,16242.91
28415000,2014,13420.98
28415000,2015,10702.5
28415000,2016,13498.29
28415000,2017,12349.62
28415000,2018,10393.78
28415000,2019,9757.69
28415000,2020,6431.78
28415000,2021,6849.37
28415000,2022,8431.84
28421000,2008,318390.0
28421000,2009,348005.8
28421000,2010,380690.85
28421000,2011,649150.54
28421000,2012,564733.1
28421000,2013,517043.01
28421000,2014,427434.38
28421000,2015,528040.52
28421000,2016,508801.27
28421000,2017,543636.42
28421000,2018,534811.81
28421000,2019,483050.44
28421000,2020,421835.12
28421000,2021,523842.33
28421000,2022,530204.14
28429010,2008,7326.25
28429010,2009,5803.0
28429010,2010,4201.56
28429010,2011,4861.26
28429010,2012,5387.75
28429010,2013,5701.67
28429010,2014,4571.11
28429010,2015,6204.7
28429010,2016,6158.3
28429010,2017,5899.44
28429010,2018,6481.01
28429010,2019,6315.74
28429010,2020,5777.03
28429010,2021,7187.97
28429010,2022,2824.34
28429080,2008,49397.0
28429080,2009,40620.5
28429080,2010,52719.64
28429080,2011,82112.32
28429080,2012,123989.19
28429080,2013,302843.21
28429080,2014,101347.25
28429080,2015,56944.35
28429080,2016,58081.73
28429080,2017,63051.57
28429080,2018,83130.55
28429080,2019,107714.99
28429080,2020,86746.63
28429080,2021,99741.81
28429080,2022,114875.75
28431010,2008,260.05
28431010,2009,379.0
28431010,2010,293.88
28431010,2011,298.79
28431010,2012,287.27
28431010,2013,236.72
28431010,2014,241.23
28431010,2015,246.05
28431010,2016,218.37
28431010,2017,178.19
28431010,2018,301.49
28431010,2019,138.14
28431010,2020,431.74
28431010,2021,99.1
28431010,2022,121.42
28431090,2008,1.0
28431090,2009,59.0
28431090,2010,276.83
28431090,2011,75.62
28431090,2012,85.68
28431090,2013,74.56
28431090,2014,154.97
28431090,2015,283.59
28431090,2016,280.15
28431090,2017,266.08
28431090,2018,116.66
28431090,2019,101.06
28431090,2020,102.21
28431090,2021,105.37
28431090,2022,78.11
28432100,2008,3671.11
28432100,2009,4483.06
28432100,2010,4579.84
28432100,2011,4332.26
28432100,2012,4366.03
28432100,2013,2905.16
28432100,2014,3121.22
28432100,2015,2501.8
28432100,2016,2214.9
28432100,2017,2434.75
28432100,2018,2558.67
28432100,2019,2906.19
28432100,2020,1982.54
28432100,2021,3542.22
28432100,2022,2870.42
28432900,2008,42375.62
28432900,2009,1762.88
28432900,2010,70669.0
28432900,2011,47150.69
28432900,2012,70385.28
28432900,2013,71602.06
28432900,2014,25928.29
28432900,2015,581.58
28432900,2016,427.14
28432900,2017,569.8
28432900,2018,900.7
28432900,2019,837.48
28432900,2020,1271.92
28432900,2021,4485.35
28432900,2022,4154.87
28433000,2008,234.0
28433000,2009,73.0
28433000,2010,110.13
28433000,2011,143.33
28433000,2012,859.45
28433000,2013,461.81
28433000,2014,218.57
28433000,2015,68.81
28433000,2016,71.45
28433000,2017,95.73
28433000,2018,126.29
28433000,2019,178.43
28433000,2020,493.93
28433000,2021,80.1
28433000,2022,157.65
28439010,2008,53.0
28439010,2009,34.0
28439010,2010,103.68
28439010,2011,131.4
28439010,2012,263.34
28439010,2013,131.3
28439010,2014,172.13
28439010,2015,47.99
28439010,2016,28.73
28439010,2017,401.92
28439010,2018,290.27
28439010,2019,287.99
28439010,2020,103.74
28439010,2021,220.88
28439010,2022,304.99
28439090,2008,1354.0
28439090,2009,623.03
28439090,2010,1396.6
28439090,2011,5856.79
28439090,2012,1442.72
28439090,2013,1456.63
28439090,2014,2274.2
28439090,2015,1379.14
28439090,2016,530.81
28439090,2017,729.85
28439090,2018,669.43
28439090,2019,1450.93
28439090,2020,3402.99
28439090,2021,643.28
28439090,2022,774.89
28521000,2008,
28521000,2009,
28521000,2010,
28521000,2011,
28521000,2012,217.63
28521000,2013,279.29
28521000,2014,219.02
28521000,2015,511.07
28521000,2016,1223.47
28521000,2017,1511.33
28521000,2018,639.16
28521000,2019,559.29
28521000,2020,324.96
28521000,2021,2001.27
28521000,2022,664.85
28539010,2008,
28539010,2009,
28539010,2010,
28539010,2011,
28539010,2012,
28539010,2013,
28539010,2014,
28539010,2015,
28539010,2016,
28539010,2017,94640.25
28539010,2018,84610.36
28539010,2019,39903.02
28539010,2020,36416.93
28539010,2021,49663.4
28539010,2022,36949.13
28539030,2008,
28539030,2009,
28539030,2010,
28539030,2011,
28539030,2012,
28539030,2013,
28539030,2014,
28539030,2015,
28539030,2016,
28539030,2017,894.96
28539030,2018,1704.19
28539030,2019,1317.93
28539030,2020,1536.03
28539030,2021,957.94
28539030,2022,1622.96
29011000,2008,7480848.27
29011000,2009,6472178.69
29011000,2010,6620740.77
29011000,2011,12927738.22
29011000,2012,15179016.54
29011000,2013,15594679.22
29011000,2014,17445199.18
29011000,2015,17292812.25
29011000,2016,19053849.08
29011000,2017,19140494.15
29011000,2018,21699149.63
29011000,2019,19937846.41
29011000,2020,14811100.94
29011000,2021,16980919.54
29011000,2022,17928813.59
29012100,2008,14475950.51
29012100,2009,12290100.53
29012100,2010,11949305.09
29012100,2011,11784767.1
29012100,2012,10051483.95
29012100,2013,11650942.44
29012100,2014,8140493.33
29012100,2015,11288497.22
29012100,2016,12494754.16
29012100,2017,13260811.02
29012100,2018,13781882.66
29012100,2019,14192513.76
29012100,2020,12970941.11
29012100,2021,8898518.83
29012100,2022,12503339.99
29012200,2008,6338234.5
29012200,2009,5588849.5
29012200,2010,7233049.4
29012200,2011,7494350.52
29012200,2012,6165615.71
29012200,2013,5628204.9
29012200,2014,4350916.44
29012200,2015,5194685.84
29012200,2016,6289834.75
29012200,2017,7029974.67
29012200,2018,6262314.12
29012200,2019,8456533.39
29012200,2020,6934222.45
29012200,2021,7479215.05
29012200,2022,5077221.36
29012300,2008,
29012300,2009,513764.81
29012300,2010,366031.01
29012300,2011,286398.55
29012300,2012,180087.94
29012300,2013,179350.15
29012300,2014,29458.34
29012300,2015,104710.69
29012300,2016,85906.66
29012300,2017,30042.44
29012300,2018,418.66
29012300,2019,661.19
29012300,2020,4311.96
29012300,2021,36593.87
29012300,2022,466.66
29012900,2008,4060473.4
29012900,2009,3438883.6
29012900,2010,4754333.91
29012900,2011,3733445.77
29012900,2012,3553402.28
29012900,2013,5050748.46
29012900,2014,5420467.65
29012900,2015,5166501.98
29012900,2016,4129295.06
29012900,2017,3851212.17
29012900,2018,3629338.77
29012900,2019,3496044.6
29012900,2020,3972530.32
29012900,2021,4282844.49
29012900,2022,4201654.13
29021100,2008,5223644.0
29021100,2009,4558982.11
29021100,2010,5679858.64
29021100,2011,4882242.71
29021100,2012,4035123.98
29021100,2013,4617474.38
29021100,2014,5324417.57
29021100,2015,5262113.99
29021100,2016,5424932.93
29021100,2017,5009768.03
29021100,2018,5535824.97
29021100,2019,4630703.08
29021100,2020,4019573.87
29021100,2021,5218466.23
29021100,2022,4433150.16
29021900,2008,
29021900,2009,348824.8
29021900,2010,554637.5
29021900,2011,657124.7
29021900,2012,503171.12
29021900,2013,570586.5
29021900,2014,594737.34
29021900,2015,676158.4
29021900,2016,605474.5
29021900,2017,643771.94
29021900,2018,683376.65
29021900,2019,675178.58
29021900,2020,707437.56
29021900,2021,759615.32
29021900,2022,748797.48
29022000,2008,9144626.0
29022000,2009,6868722.0
29022000,2010,7713623.13
29022000,2011,9034371.57
29022000,2012,7524077.46
29022000,2013,8708822.0
29022000,2014,9488023.15
29022000,2015,9401968.93
29022000,2016,10769815.53
29022000,2017,10521014.44
29022000,2018,10495180.17
29022000,2019,10303136.39
29022000,2020,10375376.81
29022000,2021,11247475.93
29022000,2022,7302390.98
29023000,2008,1406225.97
29023000,2009,709109.88
29023000,2010,477936.6
29023000,2011,499153.2
29023000,2012,491629.57
29023000,2013,242029.51
29023000,2014,381772.19
29023000,2015,238648.83
29023000,2016,365228.17
29023000,2017,279249.84
29023000,2018,283302.38
29023000,2019,504919.23
29023000,2020,269642.19
29023000,2021,140399.66
29023000,2022,237658.37
29024100,2008,912346.0
29024100,2009,672676.0
29024100,2010,897807.43
29024100,2011,850444.44
29024100,2012,702123.21
29024100,2013,584312.3
29024100,2014,645069.93
29024100,2015,855043.04
29024100,2016,1166634.74
29024100,2017,851389.35
29024100,2018,1100116.98
29024100,2019,1135723.93
29024100,2020,1414250.01
29024100,2021,1549775.33
29024100,2022,1756363.48
29024200,2008,196923.0
29024200,2009,385198.0
29024200,2010,472613.62
29024200,2011,201421.99
29024200,2012,508.34
29024200,2013,159.14
29024200,2014,120336.8
29024200,2015,306309.42
29024200,2016,305965.01
29024200,2017,240437.98
29024200,2018,798478.74
29024200,2019,123157.67
29024200,2020,144952.55
29024200,2021,70404.84
29024200,2022,131164.91
29024300,2008,1781055.0
29024300,2009,1077158.0
29024300,2010,896717.34
29024300,2011,1358515.98
29024300,2012,1781173.86
29024300,2013,840574.32
29024300,2014,658066.07
29024300,2015,1199556.46
29024300,2016,1347840.93
29024300,2017,1287653.69
29024300,2018,3021160.99
29024300,2019,4664763.17
29024300,2020,5215705.41
29024300,2021,7147831.4
29024300,2022,6365059.52
29024400,2008,318020.09
29024400,2009,526108.35
29024400,2010,200901.01
29024400,2011,703882.76
29024400,2012,336617.05
29024400,2013,27327.23
29024400,2014,395196.18
29024400,2015,22255.93
29024400,2016,39172.74
29024400,2017,232135.06
29024400,2018,19924.98
29024400,2019,253594.08
29024400,2020,127244.07
29024400,2021,88575.18
29024400,2022,83170.44
29025000,2008,5291666.1
29025000,2009,7049842.5
29025000,2010,5717161.44
29025000,2011,4815484.46
29025000,2012,5060517.8
29025000,2013,6439234.81
29025000,2014,7142615.65
29025000,2015,7795114.89
29025000,2016,5137580.78
29025000,2017,4724719.73
29025000,2018,4691757.56
29025000,2019,7804645.15
29025000,2020,6468255.87
29025000,2021,5520131.51
29025000,2022,6279763.9
29026000,2008,1532132.0
29026000,2009,1578176.0
29026000,2010,1354632.58
29026000,2011,1451272.3
29026000,2012,1088850.88
29026000,2013,1012215.58
29026000,2014,681258.34
29026000,2015,1002560.07
29026000,2016,2057596.11
29026000,2017,1721960.16
29026000,2018,1657126.17
29026000,2019,1728204.88
29026000,2020,1356483.84
29026000,2021,923919.39
29026000,2022,424972.59
29027000,2008,1219245.0
29027000,2009,290889.0
29027000,2010,2120591.86
29027000,2011,2229865.7
29027000,2012,1697950.64
29027000,2013,473837.02
29027000,2014,378528.05
29027000,2015,570250.66
29027000,2016,1254777.77
29027000,2017,2550638.12
29027000,2018,3109439.93
29027000,2019,2405674.37
29027000,2020,479310.83
29027000,2021,1070712.76
29027000,2022,509275.27
29029000,2008,
29029000,2009,279095.9
29029000,2010,259063.27
29029000,2011,1417826.37
29029000,2012,284049.86
29029000,2013,264343.05
29029000,2014,297898.52
29029000,2015,288022.04
29029000,2016,267292.98
29029000,2017,270971.89
29029000,2018,238736.31
29029000,2019,253957.21
29029000,2020,209708.22
29029000,2021,321487.69
29029000,2022,299588.56
29031100,2008,12067.0
29031100,2009,9260.0
29031100,2010,11737.93
29031100,2011,8459.33
29031100,2012,5944.03
29031100,2013,7674.55
29031100,2014,8552.69
29031100,2015,9674.6
29031100,2016,9078.21
29031100,2017,9346.78
29031100,2018,39302.37
29031100,2019,58777.94
29031100,2020,23002.4
29031100,2021,10189.17
29031100,2022,8941.06
29031200,2008,217668.44
29031200,2009,149555.52
29031200,2010,277647.58
29031200,2011,331260.26
29031200,2012,251755.27
29031200,2013,218775.41
29031200,2014,91912.43
29031200,2015,114730.52
29031200,2016,28627.77
29031200,2017,26120.17
29031200,2018,18737.06
29031200,2019,32261.71
29031200,2020,22361.0
29031200,2021,23308.33
29031200,2022,30564.84
29031300,2008,322696.02
29031300,2009,223839.0
29031300,2010,459464.66
29031300,2011,418490.04
29031300,2012,436285.47
29031300,2013,261923.17
29031300,2014,276301.27
29031300,2015,61209.73
29031300,2016,61615.6
29031300,2017,52092.12
29031300,2018,62133.79
29031300,2019,30459.04
29031300,2020,9937.57
29031300,2021,4299.64
29031300,2022,9103.26
29031400,2008,37805.0
29031400,2009,15929.45
29031400,2010,33979.81
29031400,2011,38919.4
29031400,2012,42091.61
29031400,2013,26452.22
29031400,2014,41984.33
29031400,2015,45193.38
29031400,2016,10357.1
29031400,2017,19390.15
29031400,2018,15732.36
29031400,2019,5.46
29031400,2020,2.38
29031400,2021,2.91
29031400,2022,3.97
29031500,2008,1035348.0
29031500,2009,1356444.0
29031500,2010,1004010.57
29031500,2011,1167802.47
29031500,2012,1078060.22
29031500,2013,1780724.87
29031500,2014,2650386.21
29031500,2015,3235774.11
29031500,2016,2490815.29
29031500,2017,3247139.69
29031500,2018,4467027.14
29031500,2019,4183885.18
29031500,2020,3732580.08
29031500,2021,3292200.9
29031500,2022,2929393.82
29031900,2008,
29031900,2009,
29031900,2010,
29031900,2011,
29031900,2012,
29031900,2013,
29031900,2014,
29031900,2015,
29031900,2016,9875.66
29031900,2017,8211.5
29031900,2018,8884.29
29031900,2019,9827.13
29031900,2020,17396.14
29031900,2021,22034.06
29031900,2022,19461.37
29032100,2008,1705567.0
29032100,2009,987371.0
29032100,2010,1704389.91
29032100,2011,2015230.12
29032100,2012,1425134.08
29032100,2013,661320.0
29032100,2014,661530.27
29032100,2015,1074725.36
29032100,2016,644376.91
29032100,2017,781096.87
29032100,2018,1104392.35
29032100,2019,915763.59
29032100,2020,892050.9
29032100,2021,1162805.11
29032100,2022,822725.43
29032200,2008,288178.99
29032200,2009,67893.56
29032200,2010,42841.39
29032200,2011,74318.84
29032200,2012,88578.84
29032200,2013,56833.19
29032200,2014,19131.22
29032200,2015,36477.68
29032200,2016,66730.32
29032200,2017,159081.56
29032200,2018,173314.57
29032200,2019,119520.6
29032200,2020,41230.69
29032200,2021,45268.06
29032200,2022,24021.36
29032300,2008,131567.32
29032300,2009,36108.6
29032300,2010,26160.99
29032300,2011,3056.72
29032300,2012,4310.89
29032300,2013,4001.16
29032300,2014,5889.71
29032300,2015,57536.63
29032300,2016,68253.67
29032300,2017,49894.78
29032300,2018,10228.92
29032300,2019,8880.5
29032300,2020,7618.46
29032300,2021,5892.62
29032300,2022,5603.01
29032900,2008,23600.0
29032900,2009,11160.0
29032900,2010,11187.95
29032900,2011,21326.19
29032900,2012,31385.88
29032900,2013,46627.82
29032900,2014,52898.44
29032900,2015,61576.07
29032900,2016,71797.43
29032900,2017,47117.56
29032900,2018,35034.31
29032900,2019,35146.45
29032900,2020,21850.23
29032900,2021,22921.49
29032900,2022,15302.4
29034100,2008,409.0
29034100,2009,339.0
29034100,2010,855.05
29034100,2011,43.75
29034100,2012,
29034100,2013,
29034100,2014,
29034100,2015,
29034100,2016,
29034100,2017,
29034100,2018,
29034100,2019,
29034100,2020,
29034100,2021,
29034100,2022,851.19
29034200,2008,7846.0
29034200,2009,2375.0
29034200,2010,631.64
29034200,2011,3285.74
29034200,2012,
29034200,2013,
29034200,2014,
29034200,2015,
29034200,2016,
29034200,2017,
29034200,2018,
29034200,2019,
29034200,2020,
29034200,2021,
29034200,2022,83158.32
29034300,2008,1514.0
29034300,2009,138.0
29034300,2010,237.36
29034300,2011,254.91
29034300,2012,
29034300,2013,
29034300,2014,
29034300,2015,
29034300,2016,
29034300,2017,
29034300,2018,
29034300,2019,
29034300,2020,
29034300,2021,
29034300,2022,21841.64
29034400,2008,
29034400,2009,
29034400,2010,
29034400,2011,
29034400,2012,
29034400,2013,
29034400,2014,
29034400,2015,
29034400,2016,
29034400,2017,
29034400,2018,
29034400,2019,
29034400,2020,
29034400,2021,
29034400,2022,66777.26
29034500,2008,
29034500,2009,
29034500,2010,
29034500,2011,
29034500,2012,
29034500,2013,
29034500,2014,
29034500,2015,
29034500,2016,
29034500,2017,
29034500,2018,
29034500,2019,
29034500,2020,
29034500,2021,
29034500,2022,265841.87
29034600,2008,
29034600,2009,
29034600,2010,
29034600,2011,
29034600,2012,
29034600,2013,
29034600,2014,
29034600,2015,
29034600,2016,
29034600,2017,
29034600,2018,
29034600,2019,
29034600,2020,
29034600,2021,
29034600,2022,3733.6
29034700,2008,1404.01
29034700,2009,158.08
29034700,2010,145.47
29034700,2011,1098.09
29034700,2012,
29034700,2013,
29034700,2014,
29034700,2015,
29034700,2016,
29034700,2017,
29034700,2018,
29034700,2019,
29034700,2020,
29034700,2021,
29034700,2022,2779.86
29034800,2008,
29034800,2009,
29034800,2010,
29034800,2011,
29034800,2012,
29034800,2013,
29034800,2014,
29034800,2015,
29034800,2016,
29034800,2017,
29034800,2018,
29034800,2019,
29034800,2020,
29034800,2021,
29034800,2022,720.63
29034910,2008,
29034910,2009,
29034910,2010,
29034910,2011,
29034910,2012,
29034910,2013,
29034910,2014,
29034910,2015,
29034910,2016,
29034910,2017,
29034910,2018,
29034910,2019,
29034910,2020,
29034910,2021,
29034910,2022,1.34
29034930,2008,3168.0
29034930,2009,2994.0
29034930,2010,2752.87
29034930,2011,2749.5
29034930,2012,
29034930,2013,
29034930,2014,
29034930,2015,
29034930,2016,
29034930,2017,
29034930,2018,
29034930,2019,
29034930,2020,
29034930,2021,
29034930,2022,4868.25
29034990,2008,
29034990,2009,
29034990,2010,
29034990,2011,
29034990,2012,
29034990,2013,
29034990,2014,
29034990,2015,
29034990,2016,
29034990,2017,
29034990,2018,
29034990,2019,
29034990,2020,
29034990,2021,
29034990,2022,590.83
29035100,2008,
29035100,2009,0.0
29035100,2010,0.39
29035100,2011,3.71
29035100,2012,
29035100,2013,
29035100,2014,
29035100,2015,
29035100,2016,
29035100,2017,
29035100,2018,
29035100,2019,
29035100,2020,
29035100,2021,
29035100,2022,146558.72
29035900,2008,
29035900,2009,
29035900,2010,
29035900,2011,
29035900,2012,
29035900,2013,
29035900,2014,
29035900,2015,
29035900,2016,
29035900,2017,
29035900,2018,
29035900,2019,
29035900,2020,
29035900,2021,
29035900,2022,31009.96
29036100,2008,7632.0
29036100,2009,4060.0
29036100,2010,2778.05
29036100,2011,1220.58
29036100,2012,
29036100,2013,
29036100,2014,
29036100,2015,
29036100,2016,
29036100,2017,
29036100,2018,
29036100,2019,
29036100,2020,
29036100,2021,
29036100,2022,956.86
29036200,2008,1.0
29036200,2009,71.0
29036200,2010,0.74
29036200,2011,194.84
29036200,2012,
29036200,2013,
29036200,2014,
29036200,2015,
29036200,2016,
29036200,2017,
29036200,2018,
29036200,2019,
29036200,2020,
29036200,2021,
29036200,2022,865.99
29036911,2008,
29036911,2009,
29036911,2010,
29036911,2011,
29036911,2012,
29036911,2013,
29036911,2014,
29036911,2015,
29036911,2016,
29036911,2017,
29036911,2018,
29036911,2019,
29036911,2020,
29036911,2021,
29036911,2022,29966.57
29036919,2008,
29036919,2009,
29036919,2010,
29036919,2011,
29036919,2012,
29036919,2013,
29036919,2014,
29036919,2015,
29036919,2016,
29036919,2017,
29036919,2018,
29036919,2019,
29036919,2020,
29036919,2021,
29036919,2022,7694.45
29036980,2008,
29036980,2009,
29036980,2010,
29036980,2011,
29036980,2012,
29036980,2013,
29036980,2014,
29036980,2015,
29036980,2016,
29036980,2017,
29036980,2018,
29036980,2019,
29036980,2020,
29036980,2021,
29036980,2022,492.66
29037100,2008,
29037100,2009,
29037100,2010,
29037100,2011,
29037100,2012,9339.92
29037100,2013,5489.15
29037100,2014,3762.37
29037100,2015,5109.02
29037100,2016,3567.75
29037100,2017,7927.0
29037100,2018,19034.7
29037100,2019,2318.75
29037100,2020,16.34
29037100,2021,8.53
29037100,2022,0.14
29037200,2008,
29037200,2009,
29037200,2010,
29037200,2011,
29037200,2012,18608.06
29037200,2013,110.02
29037200,2014,11287.7
29037200,2015,23162.51
29037200,2016,23165.0
29037200,2017,15169.99
29037200,2018,20959.0
29037200,2019,15582.13
29037200,2020,21730.14
29037200,2021,31140.12
29037200,2022,25830.0
29037300,2008,
29037300,2009,
29037300,2010,
29037300,2011,
29037300,2012,497.81
29037300,2013,1087.2
29037300,2014,238.03
29037300,2015,
29037300,2016,1496.71
29037300,2017,
29037300,2018,
29037300,2019,0.01
29037300,2020,0.11
29037300,2021,0.0
29037300,2022,
29037400,2008,
29037400,2009,
29037400,2010,
29037400,2011,
29037400,2012,2481.0
29037400,2013,2046.2
29037400,2014,2073.32
29037400,2015,3000.0
29037400,2016,4970.58
29037400,2017,1000.0
29037400,2018,2720.01
29037400,2019,2413.22
29037400,2020,1980.01
29037400,2021,860.0
29037400,2022,
29037500,2008,
29037500,2009,
29037500,2010,
29037500,2011,
29037500,2012,
29037500,2013,0.38
29037500,2014,
29037500,2015,0.02
29037500,2016,0.0
29037500,2017,
29037500,2018,
29037500,2019,
29037500,2020,0.0
29037500,2021,
29037500,2022,
29037610,2008,
29037610,2009,
29037610,2010,
29037610,2011,
29037610,2012,0.85
29037610,2013,
29037610,2014,
29037610,2015,
29037610,2016,
29037610,2017,0.0
29037610,2018,0.01
29037610,2019,0.02
29037610,2020,6.8
29037610,2021,53.04
29037610,2022,72.01
29037620,2008,
29037620,2009,
29037620,2010,
29037620,2011,
29037620,2012,11.05
29037620,2013,762.26
29037620,2014,52.11
29037620,2015,
29037620,2016,78.53
29037620,2017,400.01
29037620,2018,1252.0
29037620,2019,2046.69
29037620,2020,2267.97
29037620,2021,1994.2
29037620,2022,2929.76
29037690,2008,
29037690,2009,
29037690,2010,
29037690,2011,
29037690,2012,
29037690,2013,
29037690,2014,0.03
29037690,2015,2.75
29037690,2016,0.02
29037690,2017,442.41
29037690,2018,15.47
29037690,2019,9.94
29037690,2020,17.44
29037690,2021,0.0
29037690,2022,3.27
29037760,2008,
29037760,2009,
29037760,2010,
29037760,2011,
29037760,2012,
29037760,2013,
29037760,2014,
29037760,2015,
29037760,2016,275.93
29037760,2017,617.1
29037760,2018,23.71
29037760,2019,202.72
29037760,2020,0.3
29037760,2021,200.25
29037760,2022,65.85
29037790,2008,
29037790,2009,
29037790,2010,
29037790,2011,
29037790,2012,2059.13
29037790,2013,1983.03
29037790,2014,1528.65
29037790,2015,2400.59
29037790,2016,2853.55
29037790,2017,2907.53
29037790,2018,2040.07
29037790,2019,1854.55
29037790,2020,2568.37
29037790,2021,4412.93
29037790,2022,5108.66
29037800,2008,
29037800,2009,
29037800,2010,
29037800,2011,
29037800,2012,92.24
29037800,2013,242.12
29037800,2014,329.75
29037800,2015,134.22
29037800,2016,235.91
29037800,2017,186.65
29037800,2018,357.53
29037800,2019,330.6
29037800,2020,430.82
29037800,2021,732.28
29037800,2022,1521.89
29037930,2008,
29037930,2009,
29037930,2010,
29037930,2011,
29037930,2012,
29037930,2013,
29037930,2014,
29037930,2015,
29037930,2016,17851.23
29037930,2017,25034.49
29037930,2018,62553.49
29037930,2019,44177.2
29037930,2020,45267.74
29037930,2021,58659.59
29037930,2022,53378.78
29037980,2008,
29037980,2009,
29037980,2010,
29037980,2011,
29037980,2012,
29037980,2013,
29037980,2014,
29037980,2015,
29037980,2016,1169.18
29037980,2017,2564.97
29037980,2018,726.06
29037980,2019,443.51
29037980,2020,644.84
29037980,2021,524.46
29037980,2022,1081.06
29038100,2008,
29038100,2009,
29038100,2010,
29038100,2011,
29038100,2012,10.29
29038100,2013,1.52
29038100,2014,0.09
29038100,2015,1.57
29038100,2016,0.02
29038100,2017,0.5
29038100,2018,0.93
29038100,2019,40.75
29038100,2020,3.46
29038100,2021,0.63
29038100,2022,0.07
29038200,2008,
29038200,2009,
29038200,2010,
29038200,2011,
29038200,2012,0.22
29038200,2013,0.25
29038200,2014,0.25
29038200,2015,201.98
29038200,2016,0.4
29038200,2017,0.62
29038200,2018,0.09
29038200,2019,0.09
29038200,2020,0.5
29038200,2021,0.36
29038200,2022,0.28
29038300,2008,
29038300,2009,
29038300,2010,
29038300,2011,
29038300,2012,
29038300,2013,
29038300,2014,
29038300,2015,
29038300,2016,
29038300,2017,0.02
29038300,2018,2.91
29038300,2019,12.31
29038300,2020,0.01
29038300,2021,5.15
29038300,2022,0.0
29038910,2008,
29038910,2009,
29038910,2010,
29038910,2011,
29038910,2012,0.02
29038910,2013,
29038910,2014,0.56
29038910,2015,0.0
29038910,2016,0.29
29038910,2017,199.1
29038910,2018,0.07
29038910,2019,0.11
29038910,2020,3.09
29038910,2021,0.0
29038910,2022,0.01
29038980,2008,
29038980,2009,
29038980,2010,
29038980,2011,
29038980,2012,
29038980,2013,
29038980,2014,
29038980,2015,
29038980,2016,
29038980,2017,15180.63
29038980,2018,10565.8
29038980,2019,4418.41
29038980,2020,3813.1
29038980,2021,4358.8
29038980,2022,6040.6
29039100,2008,
29039100,2009,
29039100,2010,
29039100,2011,
29039100,2012,3542.29
29039100,2013,1915.8
29039100,2014,1227.71
29039100,2015,3292.2
29039100,2016,24439.17
29039100,2017,17010.6
29039100,2018,6220.07
29039100,2019,1212.46
29039100,2020,6907.24
29039100,2021,2392.83
29039100,2022,908.55
29039200,2008,
29039200,2009,
29039200,2010,
29039200,2011,
29039200,2012,4.62
29039200,2013,2.71
29039200,2014,0.08
29039200,2015,0.13
29039200,2016,0.07
29039200,2017,13025.44
29039200,2018,5.28
29039200,2019,20990.26
29039200,2020,26853.91
29039200,2021,0.3
29039200,2022,28384.68
29039300,2008,
29039300,2009,
29039300,2010,
29039300,2011,
29039300,2012,
29039300,2013,
29039300,2014,
29039300,2015,
29039300,2016,
29039300,2017,13.92
29039300,2018,28.8
29039300,2019,5.33
29039300,2020,2.83
29039300,2021,0.2
29039300,2022,0.01
29039400,2008,
29039400,2009,
29039400,2010,
29039400,2011,
29039400,2012,
29039400,2013,
29039400,2014,
29039400,2015,
29039400,2016,
29039400,2017,0.01
29039400,2018,0.0
29039400,2019,0.03
29039400,2020,0.01
29039400,2021,0.07
29039400,2022,0.02
29039910,2008,
29039910,2009,
29039910,2010,
29039910,2011,
29039910,2012,0.84
29039910,2013,1.97
29039910,2014,0.96
29039910,2015,4.45
29039910,2016,0.05
29039910,2017,335.17
29039910,2018,30.6
29039910,2019,9.73
29039910,2020,4.52
29039910,2021,4.79
29039910,2022,48.3
29039980,2008,
29039980,2009,
29039980,2010,
29039980,2011,
29039980,2012,
29039980,2013,
29039980,2014,
29039980,2015,
29039980,2016,
29039980,2017,251850.56
29039980,2018,234572.91
29039980,2019,308515.83
29039980,2020,280165.71
29039980,2021,234574.81
29039980,2022,264348.76
29041000,2008,442645.31
29041000,2009,298440.53
29041000,2010,401286.89
29041000,2011,385170.57
29041000,2012,363315.07
29041000,2013,414807.73
29041000,2014,434179.88
29041000,2015,422421.67
29041000,2016,435499.36
29041000,2017,507902.67
29041000,2018,518126.22
29041000,2019,296858.29
29041000,2020,215779.24
29041000,2021,138662.62
29041000,2022,113779.05
29042000,2008,146546.0
29042000,2009,54664.0
29042000,2010,154743.04
29042000,2011,96695.45
29042000,2012,126827.24
29042000,2013,120265.89
29042000,2014,113395.66
29042000,2015,106604.28
29042000,2016,117428.45
29042000,2017,156552.11
29042000,2018,192465.27
29042000,2019,250469.89
29042000,2020,201826.61
29042000,2021,163099.51
29042000,2022,134622.04
29043100,2008,
29043100,2009,
29043100,2010,
29043100,2011,
29043100,2012,
29043100,2013,
29043100,2014,
29043100,2015,
29043100,2016,
29043100,2017,1043.25
29043100,2018,0.03
29043100,2019,0.4
29043100,2020,0.12
29043100,2021,2.62
29043100,2022,0.56
29043200,2008,
29043200,2009,
29043200,2010,
29043200,2011,
29043200,2012,
29043200,2013,
29043200,2014,
29043200,2015,
29043200,2016,
29043200,2017,
29043200,2018,
29043200,2019,2.83
29043200,2020,
29043200,2021,
29043200,2022,
29043300,2008,
29043300,2009,
29043300,2010,
29043300,2011,
29043300,2012,
29043300,2013,
29043300,2014,
29043300,2015,
29043300,2016,
29043300,2017,1.5
29043300,2018,0.02
29043300,2019,0.02
29043300,2020,0.02
29043300,2021,
29043300,2022,
29043400,2008,
29043400,2009,
29043400,2010,
29043400,2011,
29043400,2012,
29043400,2013,
29043400,2014,
29043400,2015,
29043400,2016,
29043400,2017,0.01
29043400,2018,0.0
29043400,2019,0.01
29043400,2020,0.04
29043400,2021,0.0
29043400,2022,0.25
29043500,2008,
29043500,2009,
29043500,2010,
29043500,2011,
29043500,2012,
29043500,2013,
29043500,2014,
29043500,2015,
29043500,2016,
29043500,2017,0.01
29043500,2018,50.3
29043500,2019,
29043500,2020,
29043500,2021,
29043500,2022,0.75
29043600,2008,
29043600,2009,
29043600,2010,
29043600,2011,
29043600,2012,
29043600,2013,
29043600,2014,
29043600,2015,
29043600,2016,
29043600,2017,12.04
29043600,2018,0.01
29043600,2019,
29043600,2020,0.22
29043600,2021,0.25
29043600,2022,0.01
29049100,2008,
29049100,2009,
29049100,2010,
29049100,2011,
29049100,2012,
29049100,2013,
29049100,2014,
29049100,2015,
29049100,2016,
29049100,2017,34648.23
29049100,2018,25155.21
29049100,2019,30393.03
29049100,2020,25886.16
29049100,2021,25713.97
29049100,2022,24912.08
29049900,2008,
29049900,2009,
29049900,2010,
29049900,2011,
29049900,2012,
29049900,2013,
29049900,2014,
29049900,2015,
29049900,2016,
29049900,2017,144460.81
29049900,2018,139606.95
29049900,2019,118677.88
29049900,2020,104796.18
29049900,2021,115171.01
29049900,2022,109670.73
29051100,2008,59353343.94
29051100,2009,51237894.32
29051100,2010,49156030.74
29051100,2011,57731067.59
29051100,2012,56209850.58
29051100,2013,60870156.24
29051100,2014,60795587.92
29051100,2015,61000579.21
29051100,2016,53407395.15
29051100,2017,56778679.44
29051100,2018,65208480.92
29051100,2019,65047211.35
29051100,2020,51746755.12
29051100,2021,64008408.43
29051100,2022,59247320.56
29051200,2008,1251937.66
29051200,2009,1106427.39
29051200,2010,1049521.63
29051200,2011,951989.1
29051200,2012,958643.39
29051200,2013,937064.07
29051200,2014,956192.4
29051200,2015,860132.53
29051200,2016,990741.27
29051200,2017,1148098.25
29051200,2018,1181004.85
29051200,2019,1230588.86
29051200,2020,1647319.19
29051200,2021,1186424.31
29051200,2022,1273476.5
29051300,2008,1063388.0
29051300,2009,914281.0
29051300,2010,1239307.57
29051300,2011,999589.14
29051300,2012,1172197.92
29051300,2013,883294.96
29051300,2014,830556.84
29051300,2015,956958.94
29051300,2016,1892815.98
29051300,2017,2569968.6
29051300,2018,2074202.0
29051300,2019,1644227.89
29051300,2020,2712875.34
29051300,2021,1086562.47
29051300,2022,1073315.39
29051410,2008,6724.0
29051410,2009,3287.0
29051410,2010,5590.22
29051410,2011,12975.93
29051410,2012,15924.82
29051410,2013,41999.47
29051410,2014,99520.89
29051410,2015,10335.52
29051410,2016,11455.62
29051410,2017,16700.36
29051410,2018,24017.29
29051410,2019,22868.39
29051410,2020,21669.72
29051410,2021,16172.84
29051410,2022,25525.14
29051490,2008,541512.41
29051490,2009,463204.01
29051490,2010,258848.65
29051490,2011,213182.94
29051490,2012,215656.75
29051490,2013,174530.04
29051490,2014,216212.06
29051490,2015,168956.7
29051490,2016,137979.94
29051490,2017,133732.64
29051490,2018,201198.72
29051490,2019,200877.15
29051490,2020,206285.76
29051490,2021,158158.3
29051490,2022,140763.29
29051620,2008,12146.0
29051620,2009,14879.0
29051620,2010,12195.36
29051620,2011,11297.91
29051620,2012,17593.96
29051620,2013,16021.5
29051620,2014,14263.35
29051620,2015,13018.9
29051620,2016,13788.01
29051620,2017,13891.85
29051620,2018,13210.21
29051620,2019,17114.19
29051620,2020,17309.86
29051620,2021,22662.23
29051620,2022,28415.02
29051685,2008,
29051685,2009,168905.0
29051685,2010,287958.93
29051685,2011,272146.85
29051685,2012,255549.54
29051685,2013,242684.18
29051685,2014,205737.8
29051685,2015,294911.54
29051685,2016,226667.67
29051685,2017,214471.81
29051685,2018,209344.7
29051685,2019,159510.8
29051685,2020,224890.08
29051685,2021,86708.96
29051685,2022,200020.0
29051700,2008,149123.0
29051700,2009,159742.0
29051700,2010,151267.8
29051700,2011,157773.43
29051700,2012,171695.3
29051700,2013,196917.1
29051700,2014,168546.41
29051700,2015,177327.36
29051700,2016,288641.73
29051700,2017,246415.85
29051700,2018,310281.34
29051700,2019,280561.27
29051700,2020,339803.33
29051700,2021,274807.58
29051700,2022,290444.68
29051900,2008,432598.45
29051900,2009,166755.75
29051900,2010,229214.64
29051900,2011,1133160.71
29051900,2012,1142914.99
29051900,2013,990127.31
29051900,2014,944259.93
29051900,2015,916433.14
29051900,2016,1017390.33
29051900,2017,345112.06
29051900,2018,310564.72
29051900,2019,333018.83
29051900,2020,290280.47
29051900,2021,306720.43
29051900,2022,320558.14
29052200,2008,
29052200,2009,49858.42
29052200,2010,59453.92
29052200,2011,48386.65
29052200,2012,42522.26
29052200,2013,65661.18
29052200,2014,65445.74
29052200,2015,78416.92
29052200,2016,97179.87
29052200,2017,90936.32
29052200,2018,109996.19
29052200,2019,109179.94
29052200,2020,116243.54
29052200,2021,110884.89
29052200,2022,124766.32
29052910,2008,24434.0
29052910,2009,26699.0
29052910,2010,32374.46
29052910,2011,27416.59
29052910,2012,26850.27
29052910,2013,46267.57
29052910,2014,41092.51
29052910,2015,46626.51
29052910,2016,45463.31
29052910,2017,56948.97
29052910,2018,51454.49
29052910,2019,62891.97
29052910,2020,56953.35
29052910,2021,43099.22
29052910,2022,39359.08
29052990,2008,15320.0
29052990,2009,21716.03
29052990,2010,22583.01
29052990,2011,23095.53
29052990,2012,24349.87
29052990,2013,30214.53
29052990,2014,29678.21
29052990,2015,39858.93
29052990,2016,51387.07
29052990,2017,47093.99
29052990,2018,63535.13
29052990,2019,31735.4
29052990,2020,36526.71
29052990,2021,42305.91
29052990,2022,48947.12
29053100,2008,4612436.8
29053100,2009,4459675.11
29053100,2010,6909143.49
29053100,2011,6971462.29
29053100,2012,6113137.6
29053100,2013,5362984.55
29053100,2014,5634308.62
29053100,2015,6745145.47
29053100,2016,6910765.2
29053100,2017,6832408.48
29053100,2018,7486061.26
29053100,2019,8704039.18
29053100,2020,8203579.65
29053100,2021,7512398.78
29053100,2022,7957479.66
29053200,2008,295063.43
29053200,2009,389209.17
29053200,2010,449729.97
29053200,2011,458088.7
29053200,2012,234431.31
29053200,2013,339925.87
29053200,2014,287123.91
29053200,2015,240357.97
29053200,2016,394982.15
29053200,2017,289107.78
29053200,2018,423838.01
29053200,2019,493455.43
29053200,2020,462156.04
29053200,2021,306824.57
29053200,2022,480266.99
29054411,2008,4412.0
29054411,2009,5371.0
29054411,2010,5924.73
29054411,2011,2011.83
29054411,2012,465.79
29054411,2013,884.29
29054411,2014,1991.08
29054411,2015,2301.31
29054411,2016,947.26
29054411,2017,19051.05
29054411,2018,12005.92
29054411,2019,7302.92
29054411,2020,29176.41
29054411,2021,15501.71
29054411,2022,23867.36
29054419,2008,927.0
29054419,2009,1980.0
29054419,2010,911.61
29054419,2011,339.92
29054419,2012,347.94
29054419,2013,481.38
29054419,2014,817.73
29054419,2015,1263.86
29054419,2016,1054.31
29054419,2017,2928.23
29054419,2018,3086.39
29054419,2019,1910.4
29054419,2020,26064.63
29054419,2021,342.57
29054419,2022,969.83
29054491,2008,8569.0
29054491,2009,6031.0
29054491,2010,6337.81
29054491,2011,5390.05
29054491,2012,3101.7
29054491,2013,2722.71
29054491,2014,5300.48
29054491,2015,5653.52
29054491,2016,4504.82
29054491,2017,5202.61
29054491,2018,8280.79
29054491,2019,17301.52
29054491,2020,11052.03
29054491,2021,4879.26
29054491,2022,11530.26
29054499,2008,440.0
29054499,2009,149.0
29054499,2010,125.17
29054499,2011,54.5
29054499,2012,867.89
29054499,2013,99.02
29054499,2014,376.38
29054499,2015,1065.08
29054499,2016,1237.58
29054499,2017,837.28
29054499,2018,328.3
29054499,2019,534.38
29054499,2020,494.47
29054499,2021,1145.69
29054499,2022,4266.48
29054500,2008,115761.04
29054500,2009,68958.56
29054500,2010,95726.25
29054500,2011,141888.44
29054500,2012,337646.6
29054500,2013,384682.6
29054500,2014,111941.65
29054500,2015,188512.5
29054500,2016,370349.44
29054500,2017,478114.51
29054500,2018,440588.65
29054500,2019,520755.73
29054500,2020,863786.38
29054500,2021,684039.77
29054500,2022,914531.51
29055100,2008,17.0
29055100,2009,22.0
29055100,2010,2183.12
29055100,2011,16.85
29055100,2012,1.17
29055100,2013,5.0
29055100,2014,0.06
29055100,2015,0.0
29055100,2016,1.0
29055100,2017,182.7
29055100,2018,
29055100,2019,0.43
29055100,2020,0.04
29055100,2021,0.0
29055100,2022,0.21
29055991,2008,515.0
29055991,2009,86.0
29055991,2010,819.57
29055991,2011,842.84
29055991,2012,1880.83
29055991,2013,2495.88
29055991,2014,1558.37
29055991,2015,1124.58
29055991,2016,1913.49
29055991,2017,798.82
29055991,2018,767.36
29055991,2019,557.59
29055991,2020,474.25
29055991,2021,87.01
29055991,2022,94.84
29055998,2008,
29055998,2009,108115.4
29055998,2010,156824.99
29055998,2011,172453.51
29055998,2012,181045.13
29055998,2013,83221.04
29055998,2014,42748.81
29055998,2015,48589.18
29055998,2016,43070.82
29055998,2017,38648.32
29055998,2018,44376.49
29055998,2019,36105.22
29055998,2020,38808.1
29055998,2021,42979.96
29055998,2022,45393.37
29061100,2008,35989.52
29061100,2009,30238.0
29061100,2010,35893.45
29061100,2011,38280.99
29061100,2012,36131.93
29061100,2013,39585.07
29061100,2014,28593.04
29061100,2015,29396.03
29061100,2016,31111.67
29061100,2017,36871.45
29061100,2018,32551.69
29061100,2019,32088.29
29061100,2020,32897.48
29061100,2021,28416.64
29061100,2022,19867.14
29061200,2008,2027.0
29061200,2009,195.0
29061200,2010,563.48
29061200,2011,1465.44
29061200,2012,2316.53
29061200,2013,2147.9
29061200,2014,1328.07
29061200,2015,1696.1
29061200,2016,4769.28
29061200,2017,25567.43
29061200,2018,15952.65
29061200,2019,1231.42
29061200,2020,1722.16
29061200,2021,1307.63
29061200,2022,1246.77
29061310,2008,2287.0
29061310,2009,5506.0
29061310,2010,4091.04
29061310,2011,4434.03
29061310,2012,2830.69
29061310,2013,3168.68
29061310,2014,2713.45
29061310,2015,2029.56
29061310,2016,1895.12
29061310,2017,2685.34
29061310,2018,2191.18
29061310,2019,1835.89
29061310,2020,2836.02
29061310,2021,3149.01
29061310,2022,2810.27
29061390,2008,7757.0
29061390,2009,6046.2
29061390,2010,6901.38
29061390,2011,9619.57
29061390,2012,11948.25
29061390,2013,12500.69
29061390,2014,11092.32
29061390,2015,12765.39
29061390,2016,54145.5
29061390,2017,18759.54
29061390,2018,16605.62
29061390,2019,16042.64
29061390,2020,19503.21
29061390,2021,21353.13
29061390,2022,25965.53
29061900,2008,54536.8
29061900,2009,35063.4
29061900,2010,48634.05
29061900,2011,50860.25
29061900,2012,46558.22
29061900,2013,50705.31
29061900,2014,57549.62
29061900,2015,62165.72
29061900,2016,65296.68
29061900,2017,72262.91
29061900,2018,73131.77
29061900,2019,71459.45
29061900,2020,81022.85
29061900,2021,100466.52
29061900,2022,108904.19
29062100,2008,75818.6
29062100,2009,49265.6
29062100,2010,31388.69
29062100,2011,44259.94
29062100,2012,49807.42
29062100,2013,78094.9
29062100,2014,83314.32
29062100,2015,90111.07
29062100,2016,124071.78
29062100,2017,87995.22
29062100,2018,108718.44
29062100,2019,105778.74
29062100,2020,86379.87
29062100,2021,74105.34
29062100,2022,89116.12
29062900,2008,39424.15
29062900,2009,29890.18
29062900,2010,34315.72
29062900,2011,27844.8
29062900,2012,30931.56
29062900,2013,34850.38
29062900,2014,35309.11
29062900,2015,37651.05
29062900,2016,43348.8
29062900,2017,46034.69
29062900,2018,48907.19
29062900,2019,50020.07
29062900,2020,55966.05
29062900,2021,57744.35
29062900,2022,59450.33
29071100,2008,742298.0
29071100,2009,869639.0
29071100,2010,875142.38
29071100,2011,1098939.72
29071100,2012,985898.19
29071100,2013,1257994.0
29071100,2014,1091706.55
29071100,2015,1355624.32
29071100,2016,1363428.2
29071100,2017,1104620.16
29071100,2018,612671.7
29071100,2019,1014733.61
29071100,2020,1572751.76
29071100,2021,1775375.08
29071100,2022,1954391.55
29071200,2008,380703.0
29071200,2009,297970.0
29071200,2010,355206.22
29071200,2011,292337.4
29071200,2012,304319.85
29071200,2013,260899.98
29071200,2014,271044.68
29071200,2015,224611.15
29071200,2016,198129.87
29071200,2017,223546.52
29071200,2018,266172.8
29071200,2019,237431.12
29071200,2020,236422.02
29071200,2021,212439.71
29071200,2022,198323.96
29071300,2008,143085.0
29071300,2009,156865.0
29071300,2010,143211.32
29071300,2011,102495.81
29071300,2012,106013.15
29071300,2013,122068.11
29071300,2014,115449.94
29071300,2015,92382.32
29071300,2016,97406.2
29071300,2017,89412.38
29071300,2018,82736.83
29071300,2019,72840.66
29071300,2020,64009.95
29071300,2021,92140.42
29071300,2022,74771.93
29071510,2008,3735.0
29071510,2009,1711.0
29071510,2010,2456.31
29071510,2011,2420.94
29071510,2012,2017.59
29071510,2013,2081.15
29071510,2014,2895.94
29071510,2015,2091.78
29071510,2016,2399.14
29071510,2017,2506.32
29071510,2018,2572.83
29071510,2019,2902.86
29071510,2020,3420.43
29071510,2021,3062.6
29071510,2022,3198.87
29071590,2008,25861.0
29071590,2009,25444.0
29071590,2010,35091.65
29071590,2011,35006.78
29071590,2012,3681.21
29071590,2013,3870.22
29071590,2014,7525.94
29071590,2015,4693.77
29071590,2016,7051.17
29071590,2017,6559.0
29071590,2018,8023.28
29071590,2019,8947.87
29071590,2020,11499.67
29071590,2021,14896.82
29071590,2022,9414.61
29071910,2008,46450.0
29071910,2009,48348.0
29071910,2010,66124.73
29071910,2011,29408.06
29071910,2012,28680.27
29071910,2013,35693.02
29071910,2014,39887.74
29071910,2015,38730.2
29071910,2016,43284.52
29071910,2017,39949.96
29071910,2018,63231.48
29071910,2019,56334.34
29071910,2020,47853.26
29071910,2021,37379.21
29071910,2022,54337.24
29071990,2008,448551.2
29071990,2009,386341.0
29071990,2010,479268.45
29071990,2011,454608.54
29071990,2012,459947.79
29071990,2013,491584.05
29071990,2014,430073.34
29071990,2015,465822.98
29071990,2016,474190.54
29071990,2017,459679.57
29071990,2018,400691.15
29071990,2019,357195.45
29071990,2020,425165.92
29071990,2021,586071.31
29071990,2022,437644.27
29072100,2008,94163.0
29072100,2009,73771.75
29072100,2010,97445.03
29072100,2011,76006.82
29072100,2012,68946.97
29072100,2013,62377.09
29072100,2014,60981.94
29072100,2015,52182.99
29072100,2016,50404.6
29072100,2017,32392.65
29072100,2018,37795.51
29072100,2019,29438.47
29072100,2020,26765.67
29072100,2021,40343.51
29072100,2022,77301.53
29072200,2008,27001.5
29072200,2009,22287.0
29072200,2010,36530.92
29072200,2011,34129.9
29072200,2012,27592.35
29072200,2013,35207.81
29072200,2014,55127.5
29072200,2015,38975.9
29072200,2016,34671.66
29072200,2017,44961.81
29072200,2018,41420.2
29072200,2019,33836.62
29072200,2020,25360.83
29072200,2021,11890.22
29072200,2022,15745.13
29072300,2008,224670.0
29072300,2009,253117.0
29072300,2010,296355.56
29072300,2011,300306.45
29072300,2012,403457.0
29072300,2013,399912.59
29072300,2014,529486.6
29072300,2015,628337.41
29072300,2016,482068.8
29072300,2017,512485.75
29072300,2018,541857.31
29072300,2019,483611.75
29072300,2020,449223.31
29072300,2021,358622.12
29072300,2022,580502.36
29072900,2008,28875.5
29072900,2009,30028.55
29072900,2010,40232.63
29072900,2011,62419.74
29072900,2012,68500.64
29072900,2013,77295.03
29072900,2014,76332.67
29072900,2015,64024.95
29072900,2016,85339.37
29072900,2017,118792.14
29072900,2018,113796.53
29072900,2019,90139.42
29072900,2020,84246.55
29072900,2021,75917.2
29072900,2022,48585.49
29081100,2008,86.0
29081100,2009,64.0
29081100,2010,23.97
29081100,2011,547.4
29081100,2012,3.21
29081100,2013,5.86
29081100,2014,2.44
29081100,2015,0.52
29081100,2016,1.43
29081100,2017,0.49
29081100,2018,1.65
29081100,2019,2.82
29081100,2020,9.24
29081100,2021,2.36
29081100,2022,1.12
29081900,2008,64833.02
29081900,2009,35148.0
29081900,2010,65509.6
29081900,2011,66580.9
29081900,2012,44593.13
29081900,2013,48670.98
29081900,2014,41040.42
29081900,2015,62726.55
29081900,2016,41172.24
29081900,2017,46784.99
29081900,2018,37217.84
29081900,2019,42900.98
29081900,2020,40365.94
29081900,2021,53605.17
29081900,2022,70673.14
29089100,2008,274.0
29089100,2009,846.0
29089100,2010,610.47
29089100,2011,328.14
29089100,2012,908.47
29089100,2013,478.44
29089100,2014,121.1
29089100,2015,128.4
29089100,2016,210.28
29089100,2017,2872.89
29089100,2018,4020.18
29089100,2019,4185.18
29089100,2020,4668.61
29089100,2021,7256.79
29089100,2022,7591.0
29089200,2008,
29089200,2009,
29089200,2010,
29089200,2011,
29089200,2012,0.04
29089200,2013,0.01
29089200,2014,2.62
29089200,2015,10.57
29089200,2016,12.51
29089200,2017,13.5
29089200,2018,0.01
29089200,2019,0.0
29089200,2020,1.55
29089200,2021,0.0
29089200,2022,
29089900,2008,
29089900,2009,
29089900,2010,
29089900,2011,
29089900,2012,24544.45
29089900,2013,16281.37
29089900,2014,22394.2
29089900,2015,13066.26
29089900,2016,6171.97
29089900,2017,7656.11
29089900,2018,10155.95
29089900,2019,8523.23
29089900,2020,7331.48
29089900,2021,5478.69
29089900,2022,9594.45
29091100,2008,3438.0
29091100,2009,8340.0
29091100,2010,5354.52
29091100,2011,7724.2
29091100,2012,12459.6
29091100,2013,24232.19
29091100,2014,21871.35
29091100,2015,12878.98
29091100,2016,12327.11
29091100,2017,16324.99
29091100,2018,7854.5
29091100,2019,8213.56
29091100,2020,6058.16
29091100,2021,6168.84
29091100,2022,7140.76
29091910,2008,1303984.0
29091910,2009,3053952.0
29091910,2010,4986401.25
29091910,2011,4760014.9
29091910,2012,3571933.26
29091910,2013,3490296.86
29091910,2014,1927373.57
29091910,2015,1913800.54
29091910,2016,425409.85
29091910,2017,158636.77
29091910,2018,163027.04
29091910,2019,239023.61
29091910,2020,461797.86
29091910,2021,340072.72
29091910,2022,1432336.07
29091990,2008,12254230.93
29091990,2009,7044889.23
29091990,2010,6349661.22
29091990,2011,4645036.81
29091990,2012,4149634.66
29091990,2013,3554180.12
29091990,2014,1819862.35
29091990,2015,2411716.23
29091990,2016,1747235.36
29091990,2017,2522515.66
29091990,2018,1733601.98
29091990,2019,3079058.86
29091990,2020,1620877.94
29091990,2021,3929420.14
29091990,2022,5821239.24
29092000,2008,4858.0
29092000,2009,3112.0
29092000,2010,6226.12
29092000,2011,4625.8
29092000,2012,4193.4
29092000,2013,5061.69
29092000,2014,5806.61
29092000,2015,4917.23
29092000,2016,4990.42
29092000,2017,6108.09
29092000,2018,7143.6
29092000,2019,4964.93
29092000,2020,5632.47
29092000,2021,5080.39
29092000,2022,4696.32
29093010,2008,40814.0
29093010,2009,61711.5
29093010,2010,71451.66
29093010,2011,74673.18
29093010,2012,141994.03
29093010,2013,72216.93
29093010,2014,40830.66
29093010,2015,25428.01
29093010,2016,13902.44
29093010,2017,14469.91
29093010,2018,13230.21
29093010,2019,16982.99
29093010,2020,16284.2
29093010,2021,13853.54
29093010,2022,13821.96
29093031,2008,1325.0
29093031,2009,75.0
29093031,2010,556.65
29093031,2011,2052.01
29093031,2012,18.03
29093031,2013,26.26
29093031,2014,0.01
29093031,2015,0.0
29093031,2016,
29093031,2017,
29093031,2018,0.04
29093031,2019,0.25
29093031,2020,0.0
29093031,2021,0.13
29093031,2022,0.04
29093035,2008,
29093035,2009,
29093035,2010,
29093035,2011,
29093035,2012,
29093035,2013,
29093035,2014,
29093035,2015,
29093035,2016,
29093035,2017,
29093035,2018,
29093035,2019,0.29
29093035,2020,0.02
29093035,2021,0.0
29093035,2022,
29093038,2008,89114.0
29093038,2009,75046.0
29093038,2010,78639.77
29093038,2011,53033.88
29093038,2012,40557.91
29093038,2013,44251.82
29093038,2014,35591.96
29093038,2015,44706.09
29093038,2016,50953.32
29093038,2017,44761.55
29093038,2018,39790.16
29093038,2019,35245.39
29093038,2020,46182.96
29093038,2021,34413.0
29093038,2022,43425.82
29093090,2008,81279.0
29093090,2009,53338.0
29093090,2010,68208.86
29093090,2011,68798.5
29093090,2012,78553.37
29093090,2013,75411.19
29093090,2014,73516.47
29093090,2015,78752.26
29093090,2016,81689.26
29093090,2017,87110.33
29093090,2018,87373.87
29093090,2019,84352.18
29093090,2020,71886.9
29093090,2021,63406.34
29093090,2022,61465.26
29094100,2008,1697390.62
29094100,2009,1743178.83
29094100,2010,2017175.85
29094100,2011,2023372.98
29094100,2012,2085126.99
29094100,2013,2099484.65
29094100,2014,2038795.3
29094100,2015,2191656.41
29094100,2016,2174582.76
29094100,2017,2541699.04
29094100,2018,2483611.82
29094100,2019,2851660.0
29094100,2020,2414837.64
29094100,2021,2509291.44
29094100,2022,2618467.05
29094300,2008,251824.7
29094300,2009,309538.36
29094300,2010,256552.54
29094300,2011,208095.88
29094300,2012,242644.99
29094300,2013,277980.69
29094300,2014,353485.19
29094300,2015,384373.55
29094300,2016,283835.0
29094300,2017,383526.19
29094300,2018,432804.59
29094300,2019,310431.39
29094300,2020,350753.38
29094300,2021,341395.82
29094300,2022,304630.76
29094400,2008,139985.0
29094400,2009,160876.34
29094400,2010,189064.88
29094400,2011,185742.87
29094400,2012,185718.11
29094400,2013,182499.64
29094400,2014,172143.23
29094400,2015,130907.59
29094400,2016,200408.26
29094400,2017,185397.71
29094400,2018,168344.2
29094400,2019,151433.52
29094400,2020,135642.26
29094400,2021,85824.72
29094400,2022,140766.38
29094911,2008,11252.0
29094911,2009,8434.84
29094911,2010,427852.71
29094911,2011,85487.43
29094911,2012,2959.48
29094911,2013,1963.08
29094911,2014,51574.35
29094911,2015,763.31
29094911,2016,1686.78
29094911,2017,682.77
29094911,2018,908.84
29094911,2019,2509.92
29094911,2020,1340.42
29094911,2021,2940.89
29094911,2022,1832.8
29094980,2008,
29094980,2009,269691.33
29094980,2010,298276.29
29094980,2011,368247.06
29094980,2012,358110.0
29094980,2013,368263.83
29094980,2014,352742.37
29094980,2015,435400.8
29094980,2016,431042.73
29094980,2017,562836.32
29094980,2018,519466.98
29094980,2019,513546.23
29094980,2020,511617.11
29094980,2021,498406.5
29094980,2022,587843.13
29095000,2008,
29095000,2009,27843.49
29095000,2010,26152.08
29095000,2011,27343.63
29095000,2012,25442.74
29095000,2013,24193.78
29095000,2014,25345.12
29095000,2015,26968.4
29095000,2016,32705.43
29095000,2017,32141.56
29095000,2018,31055.72
29095000,2019,35197.65
29095000,2020,30322.52
29095000,2021,30576.76
29095000,2022,27960.35
29101000,2008,269093.83
29101000,2009,208617.05
29101000,2010,185671.66
29101000,2011,316362.51
29101000,2012,427561.18
29101000,2013,376354.84
29101000,2014,405870.15
29101000,2015,277707.38
29101000,2016,412040.57
29101000,2017,268002.71
29101000,2018,82343.88
29101000,2019,172818.04
29101000,2020,141797.48
29101000,2021,130595.7
29101000,2022,44513.01
29102000,2008,742680.0
29102000,2009,481569.0
29102000,2010,837815.48
29102000,2011,468937.91
29102000,2012,488671.65
29102000,2013,503993.7
29102000,2014,966089.7
29102000,2015,1103445.78
29102000,2016,714090.16
29102000,2017,537906.05
29102000,2018,538226.16
29102000,2019,709676.77
29102000,2020,152748.79
29102000,2021,128760.46
29102000,2022,302341.31
29103000,2008,279867.0
29103000,2009,28806.0
29103000,2010,42493.33
29103000,2011,16745.55
29103000,2012,6329.24
29103000,2013,131989.73
29103000,2014,211595.93
29103000,2015,203114.48
29103000,2016,331841.6
29103000,2017,324072.62
29103000,2018,217725.2
29103000,2019,232413.93
29103000,2020,209727.42
29103000,2021,195206.16
29103000,2022,301966.8
29104000,2008,4.0
29104000,2009,0.0
29104000,2010,97.49
29104000,2011,0.1
29104000,2012,0.03
29104000,2013,80.14
29104000,2014,0.2
29104000,2015,0.82
29104000,2016,0.64
29104000,2017,0.0
29104000,2018,0.0
29104000,2019,0.03
29104000,2020,0.0
29104000,2021,0.01
29104000,2022,0.01
29105000,2008,
29105000,2009,
29105000,2010,
29105000,2011,
29105000,2012,
29105000,2013,
29105000,2014,
29105000,2015,
29105000,2016,
29105000,2017,33.67
29105000,2018,3.83
29105000,2019,0.79
29105000,2020,0.0
29105000,2021,0.2
29105000,2022,2.18
29109000,2008,89098.0
29109000,2009,61717.0
29109000,2010,84286.88
29109000,2011,76969.67
29109000,2012,108430.57
29109000,2013,124398.9
29109000,2014,137818.52
29109000,2015,104375.34
29109000,2016,119305.19
29109000,2017,125850.57
29109000,2018,112631.35
29109000,2019,119068.41
29109000,2020,103259.36
29109000,2021,152738.91
29109000,2022,163740.02
29121100,2008,372734.9
29121100,2009,264408.92
29121100,2010,365742.97
29121100,2011,311708.48
29121100,2012,286101.49
29121100,2013,340875.4
29121100,2014,395708.51
29121100,2015,391545.92
29121100,2016,333679.1
29121100,2017,514280.49
29121100,2018,525190.18
29121100,2019,447462.45
29121100,2020,463611.74
29121100,2021,410035.68
29121100,2022,212005.25
29121200,2008,42181.0
29121200,2009,36939.0
29121200,2010,37956.77
29121200,2011,25286.07
29121200,2012,62362.89
29121200,2013,90048.66
29121200,2014,39292.99
29121200,2015,68572.52
29121200,2016,202594.83
29121200,2017,380357.28
29121200,2018,19590.84
29121200,2019,1564.51
29121200,2020,943.87
29121200,2021,1136.77
29121200,2022,1515.76
29122100,2008,18622.0
29122100,2009,5501.01
29122100,2010,14935.83
29122100,2011,10607.63
29122100,2012,12183.93
29122100,2013,12188.06
29122100,2014,15748.61
29122100,2015,14878.81
29122100,2016,23562.02
29122100,2017,21404.05
29122100,2018,14215.28
29122100,2019,9632.29
29122100,2020,10920.75
29122100,2021,11449.37
29122100,2022,4154.56
29122900,2008,65682.25
29122900,2009,53234.62
29122900,2010,72349.09
29122900,2011,70342.07
29122900,2012,66086.44
29122900,2013,81592.24
29122900,2014,85831.85
29122900,2015,82179.57
29122900,2016,88252.92
29122900,2017,84937.06
29122900,2018,79951.45
29122900,2019,71375.88
29122900,2020,80139.83
29122900,2021,77456.03
29122900,2022,76022.05
29125000,2008,30605.0
29125000,2009,19702.0
29125000,2010,15189.07
29125000,2011,13308.9
29125000,2012,126250.8
29125000,2013,133304.02
29125000,2014,122405.97
29125000,2015,23830.07
29125000,2016,24646.42
29125000,2017,19244.99
29125000,2018,16298.54
29125000,2019,9227.78
29125000,2020,11838.75
29125000,2021,13892.12
29125000,2022,14476.34
29126000,2008,9032.0
29126000,2009,3925.0
29126000,2010,3689.04
29126000,2011,5463.73
29126000,2012,3503.9
29126000,2013,115197.23
29126000,2014,4600.24
29126000,2015,3188.13
29126000,2016,6065.57
29126000,2017,4697.4
29126000,2018,6163.7
29126000,2019,5744.99
29126000,2020,5218.24
29126000,2021,5671.95
29126000,2022,7742.74
29130000,2008,14338.0
29130000,2009,20801.0
29130000,2010,19456.9
29130000,2011,22106.2
29130000,2012,20704.83
29130000,2013,19863.04
29130000,2014,24307.23
29130000,2015,23279.27
29130000,2016,30408.73
29130000,2017,26368.7
29130000,2018,23006.82
29130000,2019,24904.33
29130000,2020,19403.43
29130000,2021,19938.88
29130000,2022,24998.56
29141100,2008,474589.99
29141100,2009,498491.0
29141100,2010,493073.09
29141100,2011,432214.77
29141100,2012,404490.1
29141100,2013,624317.42
29141100,2014,759756.65
29141100,2015,746044.0
29141100,2016,690412.64
29141100,2017,1038428.94
29141100,2018,894617.05
29141100,2019,1170318.64
29141100,2020,1125259.04
29141100,2021,1217619.7
29141100,2022,780296.18
29141200,2008,580483.52
29141200,2009,488963.0
29141200,2010,736639.93
29141200,2011,726029.43
29141200,2012,565025.38
29141200,2013,515475.37
29141200,2014,478229.57
29141200,2015,482693.96
29141200,2016,307114.39
29141200,2017,754162.58
29141200,2018,981608.66
29141200,2019,639782.52
29141200,2020,622766.16
29141200,2021,677597.17
29141200,2022,631673.66
29141910,2008,23652.0
29141910,2009,29924.0
29141910,2010,9629.72
29141910,2011,24652.75
29141910,2012,27869.7
29141910,2013,32311.95
29141910,2014,31131.68
29141910,2015,33205.68
29141910,2016,30329.25
29141910,2017,33176.33
29141910,2018,29886.3
29141910,2019,25754.19
29141910,2020,18972.35
29141910,2021,13128.42
29141910,2022,31319.97
29141990,2008,93833.64
29141990,2009,72138.23
29141990,2010,115649.15
29141990,2011,99992.48
29141990,2012,82844.31
29141990,2013,103560.81
29141990,2014,99610.25
29141990,2015,94859.62
29141990,2016,99018.74
29141990,2017,98977.88
29141990,2018,105444.31
29141990,2019,92822.05
29141990,2020,77579.51
29141990,2021,107371.34
29141990,2022,106681.43
29142200,2008,168463.0
29142200,2009,66464.0
29142200,2010,72036.06
29142200,2011,50929.11
29142200,2012,58117.55
29142200,2013,33948.42
29142200,2014,5631.8
29142200,2015,50786.54
29142200,2016,26360.74
29142200,2017,189087.84
29142200,2018,68471.32
29142200,2019,164599.37
29142200,2020,77309.72
29142200,2021,68656.67
29142200,2022,143842.81
29142300,2008,19647.2
29142300,2009,14147.0
29142300,2010,18065.84
29142300,2011,17698.15
29142300,2012,18490.4
29142300,2013,19182.99
29142300,2014,18856.6
29142300,2015,19045.94
29142300,2016,19863.52
29142300,2017,19254.19
29142300,2018,19160.17
29142300,2019,15413.41
29142300,2020,14690.58
29142300,2021,15387.85
29142300,2022,19979.86
29146100,2008,42518.0
29146100,2009,15616.0
29146100,2010,42484.64
29146100,2011,40618.58
29146100,2012,22478.32
29146100,2013,6368.33
29146100,2014,4074.06
29146100,2015,561.54
29146100,2016,1224.17
29146100,2017,311.98
29146100,2018,641.13
29146100,2019,375.94
29146100,2020,392.25
29146100,2021,1100.28
29146100,2022,1020.8
29146200,2008,
29146200,2009,
29146200,2010,
29146200,2011,
29146200,2012,
29146200,2013,
29146200,2014,
29146200,2015,
29146200,2016,
29146200,2017,702.99
29146200,2018,925.79
29146200,2019,934.1
29146200,2020,1030.02
29146200,2021,1203.64
29146200,2022,1308.43
29146910,2008,5600.0
29146910,2009,588.0
29146910,2010,628.41
29146910,2011,1066.2
29146910,2012,826.79
29146910,2013,905.61
29146910,2014,1000.36
29146910,2015,702.14
29146910,2016,635.49
29146910,2017,949.57
29146910,2018,782.74
29146910,2019,665.02
29146910,2020,1506.74
29146910,2021,1258.55
29146910,2022,1528.94
29146980,2008,
29146980,2009,
29146980,2010,
29146980,2011,
29146980,2012,
29146980,2013,
29146980,2014,
29146980,2015,
29146980,2016,
29146980,2017,18476.37
29146980,2018,11632.31
29146980,2019,10434.18
29146980,2020,8410.29
29146980,2021,9775.71
29146980,2022,11783.01
29147100,2008,
29147100,2009,
29147100,2010,
29147100,2011,
29147100,2012,
29147100,2013,
29147100,2014,
29147100,2015,
29147100,2016,
29147100,2017,731.62
29147100,2018,1647.51
29147100,2019,17.87
29147100,2020,618.54
29147100,2021,6.45
29147100,2022,12.06
29147900,2008,
29147900,2009,
29147900,2010,
29147900,2011,
29147900,2012,
29147900,2013,
29147900,2014,
29147900,2015,
29147900,2016,
29147900,2017,37705.65
29147900,2018,31382.36
29147900,2019,34591.78
29147900,2020,32768.73
29147900,2021,38273.51
29147900,2022,38810.86
29151100,2008,266330.0
29151100,2009,317799.0
29151100,2010,419568.62
29151100,2011,347820.39
29151100,2012,241860.18
29151100,2013,291042.1
29151100,2014,325085.68
29151100,2015,339444.79
29151100,2016,280709.5
29151100,2017,142258.39
29151100,2018,416268.97
29151100,2019,630180.63
29151100,2020,528064.59
29151100,2021,517268.87
29151100,2022,439343.69
29151200,2008,234769.0
29151200,2009,380708.0
29151200,2010,516991.4
29151200,2011,378382.55
29151200,2012,353655.51
29151200,2013,491979.01
29151200,2014,318587.81
29151200,2015,422665.5
29151200,2016,457630.09
29151200,2017,499820.21
29151200,2018,531364.41
29151200,2019,561788.3
29151200,2020,505848.82
29151200,2021,644768.14
29151200,2022,521459.85
29151300,2008,9773.4
29151300,2009,7122.0
29151300,2010,12145.38
29151300,2011,13223.71
29151300,2012,17032.57
29151300,2013,16317.31
29151300,2014,9357.18
29151300,2015,6298.36
29151300,2016,7242.57
29151300,2017,10371.0
29151300,2018,6433.83
29151300,2019,3296.0
29151300,2020,3767.65
29151300,2021,4466.97
29151300,2022,7408.06
29152900,2008,116667.01
29152900,2009,103630.18
29152900,2010,137676.95
29152900,2011,150748.93
29152900,2012,123864.88
29152900,2013,150948.41
29152900,2014,138517.94
29152900,2015,118615.43
29152900,2016,125696.09
29152900,2017,138754.34
29152900,2018,150264.84
29152900,2019,163824.68
29152900,2020,152059.87
29152900,2021,140626.52
29152900,2022,178674.0
29153100,2008,2912500.27
29153100,2009,2641953.08
29153100,2010,3547289.71
29153100,2011,3255929.45
29153100,2012,3488423.31
29153100,2013,3554565.34
29153100,2014,3156437.39
29153100,2015,3355843.77
29153100,2016,3720233.93
29153100,2017,3684866.82
29153100,2018,3961315.96
29153100,2019,3477713.08
29153100,2020,3542870.25
29153100,2021,3497062.92
29153100,2022,3326013.86
29153200,2008,3830670.9
29153200,2009,3134556.2
29153200,2010,3112289.63
29153200,2011,3225606.83
29153200,2012,4688873.62
29153200,2013,4520993.38
29153200,2014,5807556.96
29153200,2015,6588915.17
29153200,2016,6362988.17
29153200,2017,6575363.38
29153200,2018,7279864.12
29153200,2019,6987007.34
29153200,2020,6864750.8
29153200,2021,7232507.9
29153200,2022,6509939.6
29153300,2008,213285.02
29153300,2009,261055.0
29153300,2010,161458.1
29153300,2011,207134.9
29153300,2012,187814.08
29153300,2013,85002.17
29153300,2014,92274.22
29153300,2015,69124.06
29153300,2016,102350.13
29153300,2017,245530.4
29153300,2018,97678.81
29153300,2019,125444.44
29153300,2020,72378.26
29153300,2021,291134.04
29153300,2022,258367.12
29153600,2008,12356.0
29153600,2009,4986.0
29153600,2010,1443.87
29153600,2011,1491.95
29153600,2012,41.35
29153600,2013,0.12
29153600,2014,54.02
29153600,2015,6.97
29153600,2016,2.57
29153600,2017,7.96
29153600,2018,38.5
29153600,2019,68.31
29153600,2020,6.14
29153600,2021,36.52
29153600,2022,0.96
29153900,2008,
29153900,2009,375280.26
29153900,2010,413225.76
29153900,2011,653420.12
29153900,2012,504599.12
29153900,2013,516614.97
29153900,2014,546848.51
29153900,2015,517838.44
29153900,2016,609211.22
29153900,2017,673510.78
29153900,2018,884559.51
29153900,2019,963353.68
29153900,2020,822160.29
29153900,2021,863787.62
29153900,2022,893117.58
29154000,2008,61044.0
29154000,2009,54844.02
29154000,2010,70778.18
29154000,2011,85773.01
29154000,2012,74252.67
29154000,2013,87727.98
29154000,2014,78429.31
29154000,2015,44237.84
29154000,2016,43787.69
29154000,2017,30582.91
29154000,2018,22973.91
29154000,2019,11130.26
29154000,2020,4077.36
29154000,2021,2689.47
29154000,2022,7207.64
29155000,2008,293189.0
29155000,2009,330329.01
29155000,2010,325073.21
29155000,2011,364281.62
29155000,2012,370992.38
29155000,2013,394250.76
29155000,2014,336821.91
29155000,2015,378506.93
29155000,2016,379406.79
29155000,2017,473445.79
29155000,2018,543078.88
29155000,2019,558419.12
29155000,2020,455368.16
29155000,2021,553924.34
29155000,2022,638515.88
29156011,2008,38112.0
29156011,2009,30968.5
29156011,2010,61218.67
29156011,2011,57633.56
29156011,2012,58084.78
29156011,2013,60394.64
29156011,2014,68154.94
29156011,2015,76929.78
29156011,2016,73101.95
29156011,2017,75186.58
29156011,2018,74991.75
29156011,2019,67370.07
29156011,2020,59708.34
29156011,2021,58160.86
29156011,2022,58191.67
29156019,2008,142680.0
29156019,2009,207074.75
29156019,2010,291736.17
29156019,2011,206837.85
29156019,2012,204077.33
29156019,2013,223442.31
29156019,2014,231505.51
29156019,2015,233230.1
29156019,2016,233755.24
29156019,2017,241463.97
29156019,2018,222472.39
29156019,2019,232578.44
29156019,2020,250142.88
29156019,2021,191345.46
29156019,2022,193229.0
29156090,2008,34615.0
29156090,2009,50749.0
29156090,2010,64454.9
29156090,2011,44879.3
29156090,2012,48793.42
29156090,2013,46367.24
29156090,2014,44778.62
29156090,2015,29962.04
29156090,2016,24012.15
29156090,2017,22461.33
29156090,2018,28030.49
29156090,2019,22798.43
29156090,2020,27879.03
29156090,2021,23679.65
29156090,2022,28818.93
29159030,2008,
29159030,2009,
29159030,2010,
29159030,2011,
29159030,2012,229017.33
29159030,2013,191503.49
29159030,2014,406863.58
29159030,2015,934569.19
29159030,2016,1129183.51
29159030,2017,1164636.32
29159030,2018,450615.33
29159030,2019,566441.36
29159030,2020,1324957.69
29159030,2021,1279265.94
29159030,2022,1329224.79
29159070,2008,
29159070,2009,
29159070,2010,
29159070,2011,
29159070,2012,557747.24
29159070,2013,574801.36
29159070,2014,727274.22
29159070,2015,1072569.3
29159070,2016,1064903.14
29159070,2017,1159952.58
29159070,2018,1396908.13
29159070,2019,1194186.47
29159070,2020,1387973.89
29159070,2021,1289816.21
29159070,2022,1347305.39
29161100,2008,451330.8
29161100,2009,62411.8
29161100,2010,106698.12
29161100,2011,100431.56
29161100,2012,97637.65
29161100,2013,133815.25
29161100,2014,80365.72
29161100,2015,78046.02
29161100,2016,106689.21
29161100,2017,177092.94
29161100,2018,186039.62
29161100,2019,111576.04
29161100,2020,149487.28
29161100,2021,138149.52
29161100,2022,135230.51
29161200,2008,
29161200,2009,978326.25
29161200,2010,1066225.37
29161200,2011,1035941.22
29161200,2012,1061468.46
29161200,2013,1023157.92
29161200,2014,1019635.21
29161200,2015,1268718.11
29161200,2016,1366696.64
29161200,2017,1854732.91
29161200,2018,1952283.19
29161200,2019,1896754.41
29161200,2020,1550131.59
29161200,2021,2499702.61
29161200,2022,2048618.97
29161300,2008,191260.0
29161300,2009,185324.6
29161300,2010,234543.19
29161300,2011,153090.32
29161300,2012,190148.49
29161300,2013,229505.79
29161300,2014,209269.8
29161300,2015,221842.57
29161300,2016,186711.52
29161300,2017,212656.22
29161300,2018,232773.16
29161300,2019,269806.66
29161300,2020,264389.67
29161300,2021,287224.49
29161300,2022,197169.63
29161400,2008,
29161400,2009,1726710.83
29161400,2010,2106513.57
29161400,2011,2019240.23
29161400,2012,2045479.26
29161400,2013,1970635.58
29161400,2014,2121812.21
29161400,2015,2393621.66
29161400,2016,2364885.63
29161400,2017,2382489.94
29161400,2018,2560087.65
29161400,2019,2514683.12
29161400,2020,2545287.88
29161400,2021,2656201.29
29161400,2022,2316382.49
29161500,2008,30579.03
29161500,2009,66386.0
29161500,2010,119473.18
29161500,2011,164954.85
29161500,2012,87066.64
29161500,2013,90123.68
29161500,2014,85761.59
29161500,2015,108699.5
29161500,2016,130471.61
29161500,2017,155771.12
29161500,2018,121755.52
29161500,2019,82789.82
29161500,2020,63827.93
29161500,2021,70908.0
29161500,2022,61176.62
29161600,2008,
29161600,2009,
29161600,2010,
29161600,2011,
29161600,2012,950.93
29161600,2013,9.0
29161600,2014,5.94
29161600,2015,10.66
29161600,2016,1.0
29161600,2017,24.29
29161600,2018,223.14
29161600,2019,0.4
29161600,2020,
29161600,2021,0.31
29161600,2022,23.56
29161910,2008,1137.0
29161910,2009,5420.0
29161910,2010,4479.87
29161910,2011,2866.91
29161910,2012,1811.89
29161910,2013,1177.44
29161910,2014,691.56
29161910,2015,1029.56
29161910,2016,1239.76
29161910,2017,159900.28
29161910,2018,1607807.73
29161910,2019,423947.51
29161910,2020,380.66
29161910,2021,640.18
29161910,2022,778.64
29161940,2008,2323.0
29161940,2009,1582.0
29161940,2010,575.97
29161940,2011,888.89
29161940,2012,633.03
29161940,2013,788.42
29161940,2014,737.72
29161940,2015,773.11
29161940,2016,781.89
29161940,2017,812.11
29161940,2018,818.5
29161940,2019,920.83
29161940,2020,581.12
29161940,2021,661.29
29161940,2022,1122.18
29161995,2008,
29161995,2009,116392.75
29161995,2010,141256.11
29161995,2011,131887.08
29161995,2012,174149.91
29161995,2013,166642.55
29161995,2014,188325.34
29161995,2015,202391.61
29161995,2016,232834.5
29161995,2017,257468.83
29161995,2018,253537.55
29161995,2019,254854.44
29161995,2020,254143.0
29161995,2021,261316.66
29161995,2022,243728.97
29162000,2008,18535.0
29162000,2009,13224.23
29162000,2010,17767.36
29162000,2011,21039.52
29162000,2012,16333.41
29162000,2013,19051.74
29162000,2014,12871.5
29162000,2015,10188.9
29162000,2016,12456.67
29162000,2017,18103.02
29162000,2018,20172.68
29162000,2019,15442.89
29162000,2020,17264.65
29162000,2021,16048.32
29162000,2022,13277.62
29163100,2008,90378.24
29163100,2009,98313.34
29163100,2010,114935.26
29163100,2011,112272.22
29163100,2012,112002.64
29163100,2013,85112.11
29163100,2014,129183.03
29163100,2015,149257.64
29163100,2016,169440.4
29163100,2017,169553.71
29163100,2018,219264.05
29163100,2019,276481.76
29163100,2020,416036.02
29163100,2021,167728.45
29163100,2022,188511.28
29163200,2008,
29163200,2009,47906.0
29163200,2010,47272.14
29163200,2011,35970.47
29163200,2012,37003.38
29163200,2013,62217.66
29163200,2014,62530.2
29163200,2015,47418.26
29163200,2016,56358.96
29163200,2017,59191.25
29163200,2018,52603.01
29163200,2019,51851.99
29163200,2020,35498.89
29163200,2021,40400.11
29163200,2022,54353.34
29163990,2008,
29163990,2009,
29163990,2010,
29163990,2011,
29163990,2012,132420.82
29163990,2013,151531.2
29163990,2014,152479.19
29163990,2015,146270.35
29163990,2016,135480.23
29163990,2017,132111.4
29163990,2018,168341.17
29163990,2019,163072.04
29163990,2020,132255.69
29163990,2021,120464.91
29163990,2022,112649.56
29171200,2008,
29171200,2009,250423.0
29171200,2010,614445.18
29171200,2011,788222.69
29171200,2012,915270.37
29171200,2013,703528.88
29171200,2014,651563.4
29171200,2015,610504.97
29171200,2016,311670.24
29171200,2017,911014.22
29171200,2018,793623.91
29171200,2019,678100.97
29171200,2020,589793.86
29171200,2021,1021130.4
29171200,2022,967145.74
29171400,2008,243020.5
29171400,2009,164220.5
29171400,2010,388184.39
29171400,2011,330628.06
29171400,2012,222337.63
29171400,2013,182262.01
29171400,2014,200887.37
29171400,2015,225103.64
29171400,2016,203666.18
29171400,2017,298479.73
29171400,2018,332598.51
29171400,2019,505671.91
29171400,2020,461161.23
29171400,2021,660972.5
29171400,2022,587506.49
29173500,2008,330914.0
29173500,2009,226511.0
29173500,2010,215463.92
29173500,2011,215359.7
29173500,2012,241327.07
29173500,2013,198851.98
29173500,2014,180867.16
29173500,2015,271518.27
29173500,2016,278492.27
29173500,2017,270357.47
29173500,2018,265890.82
29173500,2019,393133.43
29173500,2020,351917.86
29173500,2021,439333.79
29173500,2022,326585.27
29173600,2008,7216295.0
29173600,2009,3754332.0
29173600,2010,3695604.45
29173600,2011,2775794.7
29173600,2012,3190335.0
29173600,2013,2190107.55
29173600,2014,4300767.34
29173600,2015,7274180.4
29173600,2016,8308419.1
29173600,2017,8054831.59
29173600,2018,7878600.49
29173600,2019,7475620.28
29173600,2020,6994800.89
29173600,2021,6054030.43
29173600,2022,6586252.12
29173700,2008,183960.0
29173700,2009,83329.0
29173700,2010,83096.63
29173700,2011,190887.16
29173700,2012,41371.7
29173700,2013,40291.62
29173700,2014,28426.38
29173700,2015,40112.43
29173700,2016,87386.37
29173700,2017,53842.77
29173700,2018,18847.96
29173700,2019,19958.84
29173700,2020,22353.46
29173700,2021,51638.37
29173700,2022,26279.92
29173920,2008,
29173920,2009,50592.0
29173920,2010,78454.1
29173920,2011,45434.15
29173920,2012,72483.42
29173920,2013,47707.53
29173920,2014,34960.79
29173920,2015,33140.68
29173920,2016,27263.92
29173920,2017,31004.18
29173920,2018,28249.96
29173920,2019,27539.81
29173920,2020,27689.97
29173920,2021,28947.96
29173920,2022,30644.67
29173995,2008,
29173995,2009,304148.54
29173995,2010,471675.68
29173995,2011,529825.26
29173995,2012,718606.29
29173995,2013,1090526.23
29173995,2014,1405145.27
29173995,2015,1383908.57
29173995,2016,1584128.71
29173995,2017,1807478.29
29173995,2018,1850369.66
29173995,2019,1880900.32
29173995,2020,1874883.03
29173995,2021,2099146.76
29173995,2022,2213084.21
29181100,2008,562123.61
29181100,2009,490612.85
29181100,2010,624663.92
29181100,2011,168545.57
29181100,2012,132728.87
29181100,2013,391259.28
29181100,2014,425761.44
29181100,2015,421097.46
29181100,2016,479173.07
29181100,2017,538806.64
29181100,2018,511412.59
29181100,2019,237843.65
29181100,2020,271978.6
29181100,2021,247403.72
29181100,2022,334238.05
29181200,2008,53417.96
29181200,2009,39661.0
29181200,2010,65406.32
29181200,2011,57107.8
29181200,2012,63900.29
29181200,2013,77185.53
29181200,2014,67418.65
29181200,2015,48587.86
29181200,2016,68419.52
29181200,2017,88458.23
29181200,2018,111171.28
29181200,2019,91464.0
29181200,2020,99307.08
29181200,2021,103918.52
29181200,2022,99060.5
29181300,2008,14416.69
29181300,2009,5105.49
29181300,2010,4606.36
29181300,2011,5887.76
29181300,2012,4569.44
29181300,2013,7184.51
29181300,2014,6097.12
29181300,2015,8209.05
29181300,2016,7239.25
29181300,2017,6214.9
29181300,2018,6591.7
29181300,2019,6229.26
29181300,2020,7805.91
29181300,2021,6030.87
29181300,2022,14984.86
29181400,2008,1681414.97
29181400,2009,1898260.89
29181400,2010,1908972.41
29181400,2011,1660319.82
29181400,2012,1962737.0
29181400,2013,1662925.1
29181400,2014,1793431.14
29181400,2015,1844941.67
29181400,2016,2035938.13
29181400,2017,1711272.71
29181400,2018,2002910.83
29181400,2019,1992550.38
29181400,2020,2071295.15
29181400,2021,2176621.76
29181400,2022,2453397.93
29181500,2008,475490.74
29181500,2009,491543.83
29181500,2010,738070.4
29181500,2011,667197.47
29181500,2012,541919.76
29181500,2013,552451.51
29181500,2014,488064.89
29181500,2015,538803.01
29181500,2016,666876.88
29181500,2017,778100.82
29181500,2018,785040.58
29181500,2019,794747.94
29181500,2020,854038.96
29181500,2021,885523.34
29181500,2022,918397.08
29181600,2008,70196.0
29181600,2009,46265.51
29181600,2010,43839.2
29181600,2011,31570.47
29181600,2012,31215.36
29181600,2013,35853.66
29181600,2014,40970.13
29181600,2015,35131.19
29181600,2016,31020.32
29181600,2017,26398.59
29181600,2018,30011.19
29181600,2019,40038.31
29181600,2020,48975.82
29181600,2021,44273.84
29181600,2022,62693.52
29181700,2008,
29181700,2009,
29181700,2010,
29181700,2011,
29181700,2012,
29181700,2013,
29181700,2014,
29181700,2015,
29181700,2016,
29181700,2017,0.41
29181700,2018,0.04
29181700,2019,2.71
29181700,2020,1.81
29181700,2021,101.45
29181700,2022,20.35
29181800,2008,43.0
29181800,2009,60.0
29181800,2010,19.34
29181800,2011,420.53
29181800,2012,440.08
29181800,2013,87.34
29181800,2014,43.49
29181800,2015,52.51
29181800,2016,44.64
29181800,2017,131.69
29181800,2018,40.36
29181800,2019,31.08
29181800,2020,40.75
29181800,2021,13.11
29181800,2022,0.13
29181930,2008,6264.0
29181930,2009,9502.0
29181930,2010,8995.38
29181930,2011,10083.58
29181930,2012,6731.14
29181930,2013,7584.21
29181930,2014,9728.52
29181930,2015,9845.02
29181930,2016,11085.67
29181930,2017,5654.26
29181930,2018,5994.32
29181930,2019,6237.71
29181930,2020,6882.09
29181930,2021,7427.84
29181930,2022,6465.48
29181940,2008,20743.0
29181940,2009,16397.0
29181940,2010,16495.37
29181940,2011,5447.3
29181940,2012,13122.35
29181940,2013,10946.37
29181940,2014,2944.96
29181940,2015,13407.01
29181940,2016,7521.39
29181940,2017,9108.1
29181940,2018,12152.62
29181940,2019,16663.02
29181940,2020,11083.86
29181940,2021,12500.18
29181940,2022,5388.35
29181998,2008,
29181998,2009,
29181998,2010,210818.23
29181998,2011,198014.08
29181998,2012,196731.37
29181998,2013,228493.47
29181998,2014,184269.11
29181998,2015,187639.67
29181998,2016,203043.42
29181998,2017,212906.18
29181998,2018,231534.54
29181998,2019,221242.32
29181998,2020,231099.71
29181998,2021,232863.47
29181998,2022,286712.01
29182900,2008,
29182900,2009,335189.0
29182900,2010,448567.78
29182900,2011,546976.03
29182900,2012,455701.17
29182900,2013,430015.95
29182900,2014,489348.83
29182900,2015,576979.89
29182900,2016,521072.05
29182900,2017,614251.66
29182900,2018,591335.42
29182900,2019,547597.29
29182900,2020,539140.08
29182900,2021,616558.02
29182900,2022,526165.7
29183000,2008,194613.6
29183000,2009,184860.3
29183000,2010,216442.16
29183000,2011,200595.87
29183000,2012,244178.82
29183000,2013,253974.02
29183000,2014,263901.61
29183000,2015,259866.42
29183000,2016,280513.65
29183000,2017,302974.67
29183000,2018,284526.23
29183000,2019,298913.74
29183000,2020,320990.65
29183000,2021,313140.28
29183000,2022,346156.95
29189100,2008,16449.0
29189100,2009,3299.0
29189100,2010,281.34
29189100,2011,385.74
29189100,2012,146.86
29189100,2013,398.8
29189100,2014,109.08
29189100,2015,26.43
29189100,2016,4.13
29189100,2017,38.75
29189100,2018,40.64
29189100,2019,112.42
29189100,2020,113.52
29189100,2021,60.94
29189100,2022,50.24
29189940,2008,
29189940,2009,19726.5
29189940,2010,17788.56
29189940,2011,19528.34
29189940,2012,20499.62
29189940,2013,20484.4
29189940,2014,19564.36
29189940,2015,23612.02
29189940,2016,25639.52
29189940,2017,21017.2
29189940,2018,23481.72
29189940,2019,20027.65
29189940,2020,20803.78
29189940,2021,21292.15
29189940,2022,20881.54
29189990,2008,200774.52
29189990,2009,162917.16
29189990,2010,171580.3
29189990,2011,152427.23
29189990,2012,160735.9
29189990,2013,152909.67
29189990,2014,152329.47
29189990,2015,167193.46
29189990,2016,169557.76
29189990,2017,165962.27
29189990,2018,181440.32
29189990,2019,165828.96
29189990,2020,152476.3
29189990,2021,166853.26
29189990,2022,224167.29
29191000,2008,81093.0
29191000,2009,29317.0
29191000,2010,2355.55
29191000,2011,1434.76
29191000,2012,1314.97
29191000,2013,1813.64
29191000,2014,1690.19
29191000,2015,5470.19
29191000,2016,1696.91
29191000,2017,2224.76
29191000,2018,2404.42
29191000,2019,2320.35
29191000,2020,1944.39
29191000,2021,2026.55
29191000,2022,74.6
29199000,2008,
29199000,2009,404209.51
29199000,2010,459228.24
29199000,2011,340244.0
29199000,2012,481837.99
29199000,2013,559856.23
29199000,2014,649905.29
29199000,2015,660934.92
29199000,2016,735577.29
29199000,2017,764332.1
29199000,2018,686189.8
29199000,2019,806441.8
29199000,2020,691941.66
29199000,2021,817512.07
29199000,2022,637855.02
29201100,2008,305.0
29201100,2009,1994.0
29201100,2010,231.57
29201100,2011,19.68
29201100,2012,0.03
29201100,2013,0.12
29201100,2014,0.16
29201100,2015,0.0
29201100,2016,0.01
29201100,2017,211.0
29201100,2018,0.33
29201100,2019,0.07
29201100,2020,200.01
29201100,2021,106.62
29201100,2022,302.45
29201900,2008,10071.0
29201900,2009,8145.0
29201900,2010,10464.38
29201900,2011,16434.41
29201900,2012,12239.74
29201900,2013,10486.32
29201900,2014,13084.7
29201900,2015,11912.42
29201900,2016,13913.06
29201900,2017,12493.57
29201900,2018,14526.24
29201900,2019,12526.11
29201900,2020,19440.46
29201900,2021,19163.06
29201900,2022,28717.09
29202100,2008,
29202100,2009,
29202100,2010,
29202100,2011,
29202100,2012,
29202100,2013,
29202100,2014,
29202100,2015,
29202100,2016,
29202100,2017,560.92
29202100,2018,1523.49
29202100,2019,1088.09
29202100,2020,1.23
29202100,2021,1.09
29202100,2022,110.88
29202200,2008,
29202200,2009,
29202200,2010,
29202200,2011,
29202200,2012,
29202200,2013,
29202200,2014,
29202200,2015,
29202200,2016,
29202200,2017,6.52
29202200,2018,4.75
29202200,2019,2.26
29202200,2020,0.66
29202200,2021,0.43
29202200,2022,10.71
29202300,2008,
29202300,2009,
29202300,2010,
29202300,2011,
29202300,2012,
29202300,2013,
29202300,2014,
29202300,2015,
29202300,2016,
29202300,2017,1280.6
29202300,2018,1719.5
29202300,2019,2778.29
29202300,2020,1478.45
29202300,2021,1168.45
29202300,2022,687.09
29202400,2008,
29202400,2009,
29202400,2010,
29202400,2011,
29202400,2012,
29202400,2013,
29202400,2014,
29202400,2015,
29202400,2016,
29202400,2017,5490.1
29202400,2018,7168.24
29202400,2019,3687.53
29202400,2020,2826.08
29202400,2021,4589.91
29202400,2022,3258.09
29202900,2008,
29202900,2009,
29202900,2010,
29202900,2011,
29202900,2012,
29202900,2013,
29202900,2014,
29202900,2015,
29202900,2016,
29202900,2017,182302.72
29202900,2018,240181.14
29202900,2019,243065.46
29202900,2020,231072.28
29202900,2021,280520.63
29202900,2022,239015.18
29203000,2008,
29203000,2009,
29203000,2010,
29203000,2011,
29203000,2012,
29203000,2013,
29203000,2014,
29203000,2015,
29203000,2016,
29203000,2017,99.26
29203000,2018,10.26
29203000,2019,12.67
29203000,2020,2.34
29203000,2021,0.15
29203000,2022,0.38
29209010,2008,368109.0
29209010,2009,371296.0
29209010,2010,367555.76
29209010,2011,418322.86
29209010,2012,346521.67
29209010,2013,343667.53
29209010,2014,368260.01
29209010,2015,363536.29
29209010,2016,401695.2
29209010,2017,432826.43
29209010,2018,473620.01
29209010,2019,444467.42
29209010,2020,410590.18
29209010,2021,513188.45
29209010,2022,634348.05
29209070,2008,
29209070,2009,
29209070,2010,
29209070,2011,
29209070,2012,
29209070,2013,
29209070,2014,
29209070,2015,
29209070,2016,
29209070,2017,190709.84
29209070,2018,132707.9
29209070,2019,119493.68
29209070,2020,76497.3
29209070,2021,66837.53
29209070,2022,57244.56
29211100,2008,
29211100,2009,70786.0
29211100,2010,77875.62
29211100,2011,71660.52
29211100,2012,73539.65
29211100,2013,87759.31
29211100,2014,80411.78
29211100,2015,83932.02
29211100,2016,84728.61
29211100,2017,81675.43
29211100,2018,80796.68
29211100,2019,83880.96
29211100,2020,94215.89
29211100,2021,102272.18
29211100,2022,115921.0
29211200,2008,
29211200,2009,
29211200,2010,
29211200,2011,
29211200,2012,
29211200,2013,
29211200,2014,
29211200,2015,
29211200,2016,
29211200,2017,737.2
29211200,2018,825.8
29211200,2019,1316.54
29211200,2020,1340.06
29211200,2021,1520.04
29211200,2022,693.51
29211300,2008,
29211300,2009,
29211300,2010,
29211300,2011,
29211300,2012,
29211300,2013,
29211300,2014,
29211300,2015,
29211300,2016,
29211300,2017,3393.67
29211300,2018,2150.74
29211300,2019,2575.38
29211300,2020,2093.1
29211300,2021,3046.14
29211300,2022,2221.1
29211400,2008,
29211400,2009,
29211400,2010,
29211400,2011,
29211400,2012,
29211400,2013,
29211400,2014,
29211400,2015,
29211400,2016,
29211400,2017,12.86
29211400,2018,16.26
29211400,2019,70.67
29211400,2020,6.0
29211400,2021,36.01
29211400,2022,12.04
29211940,2008,2006.0
29211940,2009,2803.0
29211940,2010,4920.22
29211940,2011,3442.85
29211940,2012,2063.59
29211940,2013,2295.92
29211940,2014,8213.32
29211940,2015,7531.24
29211940,2016,4592.5
29211940,2017,5824.09
29211940,2018,4058.84
29211940,2019,5701.56
29211940,2020,3699.19
29211940,2021,1833.12
29211940,2022,3883.18
29211950,2008,26086.0
29211950,2009,19709.0
29211950,2010,23539.84
29211950,2011,16191.13
29211950,2012,10136.74
29211950,2013,10521.25
29211950,2014,12839.09
29211950,2015,9626.25
29211950,2016,6597.35
29211950,2017,6933.77
29211950,2018,4689.02
29211950,2019,4835.35
29211950,2020,4863.04
29211950,2021,3684.97
29211950,2022,4844.1
29211999,2008,
29211999,2009,
29211999,2010,258630.8
29211999,2011,277192.89
29211999,2012,233957.29
29211999,2013,270981.43
29211999,2014,275742.71
29211999,2015,295071.05
29211999,2016,312278.65
29211999,2017,364880.82
29211999,2018,393552.96
29211999,2019,407968.39
29211999,2020,449419.4
29211999,2021,497138.56
29211999,2022,566626.13
29212900,2008,75359.12
29212900,2009,61014.79
29212900,2010,82118.04
29212900,2011,85669.55
29212900,2012,135625.82
29212900,2013,118689.38
29212900,2014,136363.68
29212900,2015,140525.28
29212900,2016,53192.49
29212900,2017,62165.35
29212900,2018,63585.15
29212900,2019,169481.55
29212900,2020,133854.14
29212900,2021,174154.64
29212900,2022,178871.75
29213010,2008,4169.0
29213010,2009,5948.0
29213010,2010,7426.94
29213010,2011,5329.6
29213010,2012,2785.11
29213010,2013,2097.9
29213010,2014,3502.84
29213010,2015,485.52
29213010,2016,4342.32
29213010,2017,2652.04
29213010,2018,2421.68
29213010,2019,2230.67
29213010,2020,4908.36
29213010,2021,4224.77
29213010,2022,11113.2
29213091,2008,1130.0
29213091,2009,21.0
29213091,2010,727.71
29213091,2011,1227.87
29213091,2012,624.11
29213091,2013,32.75
29213091,2014,47.66
29213091,2015,950.53
29213091,2016,1.95
29213091,2017,0.04
29213091,2018,4.26
29213091,2019,0.12
29213091,2020,0.03
29213091,2021,31.42
29213091,2022,6.2
29213099,2008,8390.0
29213099,2009,8699.26
29213099,2010,11562.57
29213099,2011,16229.12
29213099,2012,12202.88
29213099,2013,15301.4
29213099,2014,49044.27
29213099,2015,34500.33
29213099,2016,55249.14
29213099,2017,74465.28
29213099,2018,73724.99
29213099,2019,52485.52
29213099,2020,38440.93
29213099,2021,72664.71
29213099,2022,98153.63
29214100,2008,2733247.0
29214100,2009,2301385.0
29214100,2010,2561133.2
29214100,2011,2558752.23
29214100,2012,2944666.14
29214100,2013,2745086.48
29214100,2014,3067748.61
29214100,2015,3245112.0
29214100,2016,3472457.24
29214100,2017,3718915.4
29214100,2018,3588533.0
29214100,2019,3935598.46
29214100,2020,3971343.49
29214100,2021,3829225.65
29214100,2022,3972169.61
29214200,2008,
29214200,2009,118763.15
29214200,2010,146048.36
29214200,2011,159156.93
29214200,2012,139448.93
29214200,2013,154618.03
29214200,2014,105689.87
29214200,2015,109999.74
29214200,2016,115423.12
29214200,2017,133802.62
29214200,2018,139266.61
29214200,2019,155216.94
29214200,2020,136971.38
29214200,2021,155547.47
29214200,2022,166474.07
29214300,2008,50119.2
29214300,2009,41583.0
29214300,2010,46373.35
29214300,2011,46965.71
29214300,2012,35534.42
29214300,2013,46326.84
29214300,2014,32312.48
29214300,2015,30333.16
29214300,2016,30926.77
29214300,2017,38893.22
29214300,2018,50083.27
29214300,2019,56534.95
29214300,2020,53691.83
29214300,2021,43022.97
29214300,2022,40707.67
29214400,2008,109980.0
29214400,2009,104313.0
29214400,2010,126373.99
29214400,2011,86178.14
29214400,2012,75732.94
29214400,2013,91790.53
29214400,2014,79489.28
29214400,2015,81577.1
29214400,2016,76353.76
29214400,2017,79017.99
29214400,2018,68298.34
29214400,2019,59298.62
29214400,2020,56906.41
29214400,2021,78200.37
29214400,2022,75190.56
29214500,2008,13222.8
29214500,2009,4827.0
29214500,2010,9349.71
29214500,2011,9166.87
29214500,2012,11365.67
29214500,2013,9612.63
29214500,2014,8314.28
29214500,2015,5240.14
29214500,2016,3513.78
29214500,2017,3557.48
29214500,2018,5128.63
29214500,2019,5569.26
29214500,2020,3664.14
29214500,2021,3882.35
29214500,2022,3468.95
29214600,2008,59.6
29214600,2009,105.92
29214600,2010,0.37
29214600,2011,1.13
29214600,2012,3.08
29214600,2013,0.4
29214600,2014,0.4
29214600,2015,1.29
29214600,2016,7.31
29214600,2017,1.67
29214600,2018,4.88
29214600,2019,26.12
29214600,2020,5.52
29214600,2021,2.5
29214600,2022,2.8
29214900,2008,
29214900,2009,74046.89
29214900,2010,93448.75
29214900,2011,106898.55
29214900,2012,109779.34
29214900,2013,115945.85
29214900,2014,111229.06
29214900,2015,103543.93
29214900,2016,95071.93
29214900,2017,92988.92
29214900,2018,97338.37
29214900,2019,98440.44
29214900,2020,79853.68
29214900,2021,85678.55
29214900,2022,84968.42
29215111,2008,22152.0
29215111,2009,19143.0
29215111,2010,29544.1
29215111,2011,30037.01
29215111,2012,24486.33
29215111,2013,25909.31
29215111,2014,28814.79
29215111,2015,30024.75
29215111,2016,20867.54
29215111,2017,30018.73
29215111,2018,28195.09
29215111,2019,31366.17
29215111,2020,19457.42
29215111,2021,18878.32
29215111,2022,28072.32
29215119,2008,235854.25
29215119,2009,187963.25
29215119,2010,365905.65
29215119,2011,387870.84
29215119,2012,457115.99
29215119,2013,60083.26
29215119,2014,28610.74
29215119,2015,33279.24
29215119,2016,36654.8
29215119,2017,38420.97
29215119,2018,33522.59
29215119,2019,24292.39
29215119,2020,27216.58
29215119,2021,37331.12
29215119,2022,39314.62
29215190,2008,83522.25
29215190,2009,87531.0
29215190,2010,119379.77
29215190,2011,139182.25
29215190,2012,178000.97
29215190,2013,172217.32
29215190,2014,249055.58
29215190,2015,249795.09
29215190,2016,250421.82
29215190,2017,202272.25
29215190,2018,191138.08
29215190,2019,213548.85
29215190,2020,217131.41
29215190,2021,250669.32
29215190,2022,282113.22
29215950,2008,
29215950,2009,49398.0
29215950,2010,83714.9
29215950,2011,77482.65
29215950,2012,78536.0
29215950,2013,77213.11
29215950,2014,82153.52
29215950,2015,89180.82
29215950,2016,86931.66
29215950,2017,85751.2
29215950,2018,84854.53
29215950,2019,74891.07
29215950,2020,60843.66
29215950,2021,95348.73
29215950,2022,67043.59
29215990,2008,166514.04
29215990,2009,116276.04
29215990,2010,151382.03
29215990,2011,172232.88
29215990,2012,159589.52
29215990,2013,157131.11
29215990,2014,176373.74
29215990,2015,142766.26
29215990,2016,166617.52
29215990,2017,166829.89
29215990,2018,155435.7
29215990,2019,121925.01
29215990,2020,123229.54
29215990,2021,127165.63
29215990,2022,111385.3
29221100,2008,215523.4
29221100,2009,332828.0
29221100,2010,388481.95
29221100,2011,468665.64
29221100,2012,371415.21
29221100,2013,383668.55
29221100,2014,360484.95
29221100,2015,410658.27
29221100,2016,344106.68
29221100,2017,365028.27
29221100,2018,488551.67
29221100,2019,530955.97
29221100,2020,426648.76
29221100,2021,385058.98
29221100,2022,394007.8
29221200,2008,75583.75
29221200,2009,117542.0
29221200,2010,107973.07
29221200,2011,61129.76
29221200,2012,67947.18
29221200,2013,78632.97
29221200,2014,83309.36
29221200,2015,111291.95
29221200,2016,96403.55
29221200,2017,94384.23
29221200,2018,125115.41
29221200,2019,143692.26
29221200,2020,72097.24
29221200,2021,81316.26
29221200,2022,50917.05
29222100,2008,33088.0
29222100,2009,21545.0
29222100,2010,15677.04
29222100,2011,12134.88
29222100,2012,6470.43
29222100,2013,8004.17
29222100,2014,6470.68
29222100,2015,3946.74
29222100,2016,4273.93
29222100,2017,4136.23
29222100,2018,5518.13
29222100,2019,6211.89
29222100,2020,6259.68
29222100,2021,9089.35
29222100,2022,6007.18
29222900,2008,143340.87
29222900,2009,81655.35
29222900,2010,133656.71
29222900,2011,125930.72
29222900,2012,116214.52
29222900,2013,130681.91
29222900,2014,136288.25
29222900,2015,128947.12
29222900,2016,131507.04
29222900,2017,117258.69
29222900,2018,126236.39
29222900,2019,125179.69
29222900,2020,139959.99
29222900,2021,136299.9
29222900,2022,135779.27
29223100,2008,69.5
29223100,2009,138.0
29223100,2010,89.94
29223100,2011,178.47
29223100,2012,272.54
29223100,2013,60.95
29223100,2014,243.7
29223100,2015,59.57
29223100,2016,237.23
29223100,2017,50.27
29223100,2018,65.6
29223100,2019,53.04
29223100,2020,64.15
29223100,2021,53.87
29223100,2022,40.3
29223900,2008,12800.47
29223900,2009,6032.24
29223900,2010,11984.66
29223900,2011,9125.36
29223900,2012,6274.94
29223900,2013,8060.45
29223900,2014,4974.25
29223900,2015,3741.03
29223900,2016,3097.88
29223900,2017,4562.27
29223900,2018,4250.62
29223900,2019,3145.14
29223900,2020,3780.95
29223900,2021,2380.21
29223900,2022,3887.03
29224300,2008,6840.0
29224300,2009,3220.0
29224300,2010,4699.2
29224300,2011,3381.75
29224300,2012,5081.22
29224300,2013,3931.13
29224300,2014,5587.27
29224300,2015,9394.49
29224300,2016,11433.26
29224300,2017,10710.81
29224300,2018,12389.21
29224300,2019,10668.68
29224300,2020,5969.44
29224300,2021,6242.91
29224300,2022,7166.39
29224400,2008,61.0
29224400,2009,85.0
29224400,2010,45.39
29224400,2011,249.68
29224400,2012,127.77
29224400,2013,41.74
29224400,2014,70.57
29224400,2015,0.5
29224400,2016,6.51
29224400,2017,1.04
29224400,2018,0.04
29224400,2019,4.61
29224400,2020,0.0
29224400,2021,0.27
29224400,2022,5.41
29224920,2008,1320.0
29224920,2009,1691.2
29224920,2010,1489.96
29224920,2011,1211.2
29224920,2012,3715.64
29224920,2013,3317.96
29224920,2014,4588.64
29224920,2015,4269.06
29224920,2016,4611.81
29224920,2017,6684.52
29224920,2018,6476.79
29224920,2019,5257.24
29224920,2020,5218.38
29224920,2021,15992.36
29224920,2022,11887.74
29224985,2008,
29224985,2009,599380.93
29224985,2010,802609.46
29224985,2011,856158.66
29224985,2012,821917.94
29224985,2013,894086.21
29224985,2014,973671.93
29224985,2015,989496.33
29224985,2016,1139054.67
29224985,2017,1258542.47
29224985,2018,1357621.16
29224985,2019,1618307.73
29224985,2020,1517471.32
29224985,2021,1609314.14
29224985,2022,1877451.9
29225000,2008,137836.25
29225000,2009,174550.63
29225000,2010,279370.83
29225000,2011,302137.74
29225000,2012,331629.87
29225000,2013,578552.74
29225000,2014,652242.42
29225000,2015,767015.76
29225000,2016,1075765.6
29225000,2017,1265980.07
29225000,2018,1794144.5
29225000,2019,1353114.6
29225000,2020,1788197.16
29225000,2021,1531510.35
29225000,2022,1837066.21
29242100,2008,
29242100,2009,54165.22
29242100,2010,72445.85
29242100,2011,66735.37
29242100,2012,90320.7
29242100,2013,70784.42
29242100,2014,44723.42
29242100,2015,52427.82
29242100,2016,37217.19
29242100,2017,25849.16
29242100,2018,13835.15
29242100,2019,27883.75
29242100,2020,14304.36
29242100,2021,8377.54
29242100,2022,10946.34
29251100,2008,48232.5
29251100,2009,36009.25
29251100,2010,46501.42
29251100,2011,37861.96
29251100,2012,36391.77
29251100,2013,38647.63
29251100,2014,38658.11
29251100,2015,41111.73
29251100,2016,42204.36
29251100,2017,45766.92
29251100,2018,38840.92
29251100,2019,34031.22
29251100,2020,43472.71
29251100,2021,41208.58
29251100,2022,31149.47
29251200,2008,5.0
29251200,2009,6.0
29251200,2010,3.04
29251200,2011,5.35
29251200,2012,
29251200,2013,
29251200,2014,
29251200,2015,
29251200,2016,64.8
29251200,2017,54.0
29251200,2018,
29251200,2019,60.0
29251200,2020,2.27
29251200,2021,0.14
29251200,2022,0.32
29251920,2008,
29251920,2009,530.0
29251920,2010,2198.2
29251920,2011,1917.54
29251920,2012,766.84
29251920,2013,1092.66
29251920,2014,1074.41
29251920,2015,2279.47
29251920,2016,2543.53
29251920,2017,2007.25
29251920,2018,8490.68
29251920,2019,5985.28
29251920,2020,6921.37
29251920,2021,4207.7
29251920,2022,5960.22
29251995,2008,106080.0
29251995,2009,107396.0
29251995,2010,90018.72
29251995,2011,87743.63
29251995,2012,96160.47
29251995,2013,130643.18
29251995,2014,108454.93
29251995,2015,120858.69
29251995,2016,127129.99
29251995,2017,134179.49
29251995,2018,100499.08
29251995,2019,105870.97
29251995,2020,116892.98
29251995,2021,103147.69
29251995,2022,57846.05
29252100,2008,27860.0
29252100,2009,1133.55
29252100,2010,1192.4
29252100,2011,651.75
29252100,2012,878.67
29252100,2013,1070.03
29252100,2014,521.34
29252100,2015,442.78
29252100,2016,432.95
29252100,2017,264.76
29252100,2018,442.94
29252100,2019,97.21
29252100,2020,18.35
29252100,2021,898.75
29252100,2022,1125.1
29252900,2008,177821.36
29252900,2009,107057.44
29252900,2010,122241.91
29252900,2011,140558.99
29252900,2012,140393.76
29252900,2013,145158.72
29252900,2014,149696.77
29252900,2015,164341.7
29252900,2016,190551.62
29252900,2017,194738.98
29252900,2018,205118.63
29252900,2019,232171.42
29252900,2020,275398.26
29252900,2021,289658.81
29252900,2022,347218.64
29261000,2008,1297874.0
29261000,2009,1058635.0
29261000,2010,1012442.26
29261000,2011,1276183.73
29261000,2012,1244907.18
29261000,2013,1257711.0
29261000,2014,1270067.02
29261000,2015,1500242.86
29261000,2016,1096577.42
29261000,2017,1778386.74
29261000,2018,1888120.77
29261000,2019,1454870.39
29261000,2020,1281989.41
29261000,2021,1289585.64
29261000,2022,1050691.0
29262000,2008,42716.0
29262000,2009,19363.0
29262000,2010,30914.21
29262000,2011,32589.19
29262000,2012,32242.24
29262000,2013,36701.48
29262000,2014,47779.16
29262000,2015,45205.31
29262000,2016,56485.02
29262000,2017,48778.22
29262000,2018,36033.36
29262000,2019,47282.4
29262000,2020,54456.2
29262000,2021,48569.91
29262000,2022,41273.05
29263000,2008,25.0
29263000,2009,2.0
29263000,2010,0.0
29263000,2011,2.59
29263000,2012,0.6
29263000,2013,3.61
29263000,2014,24.24
29263000,2015,0.04
29263000,2016,847.28
29263000,2017,6.26
29263000,2018,285.05
29263000,2019,0.41
29263000,2020,10.22
29263000,2021,1.59
29263000,2022,180.48
29264000,2008,
29264000,2009,
29264000,2010,
29264000,2011,
29264000,2012,
29264000,2013,
29264000,2014,
29264000,2015,
29264000,2016,
29264000,2017,1993.48
29264000,2018,2308.95
29264000,2019,424.26
29264000,2020,473.25
29264000,2021,617.6
29264000,2022,268.59
29269020,2008,63.0
29269020,2009,80.47
29269020,2010,2.59
29269020,2011,291.68
29269020,2012,152.17
29269020,2013,125.03
29269020,2014,1008.22
29269020,2015,987.59
29269020,2016,101.36
29269020,2017,188.31
29269020,2018,73.88
29269020,2019,39.62
29269020,2020,0.45
29269020,2021,3.94
29269020,2022,0.54
29269070,2008,
29269070,2009,
29269070,2010,
29269070,2011,
29269070,2012,
29269070,2013,
29269070,2014,
29269070,2015,
29269070,2016,
29269070,2017,490236.56
29269070,2018,601019.7
29269070,2019,522741.61
29269070,2020,768769.74
29269070,2021,531659.34
29269070,2022,634495.37
29270000,2008,182784.0
29270000,2009,163455.0
29270000,2010,205867.44
29270000,2011,191365.49
29270000,2012,174959.71
29270000,2013,169537.34
29270000,2014,177849.86
29270000,2015,175817.09
29270000,2016,193084.1
29270000,2017,200681.01
29270000,2018,203051.73
29270000,2019,195975.33
29270000,2020,176734.24
29270000,2021,233324.34
29270000,2022,182304.63
29280010,2008,948.0
29280010,2009,69.0
29280010,2010,235.02
29280010,2011,248.41
29280010,2012,1016.87
29280010,2013,1429.77
29280010,2014,1347.56
29280010,2015,1565.53
29280010,2016,1138.17
29280010,2017,1073.44
29280010,2018,1314.89
29280010,2019,1706.15
29280010,2020,1251.83
29280010,2021,449.46
29280010,2022,461.74
29280090,2008,123034.9
29280090,2009,103263.8
29280090,2010,119400.81
29280090,2011,134343.8
29280090,2012,117932.64
29280090,2013,138420.68
29280090,2014,135662.1
29280090,2015,149259.04
29280090,2016,146334.33
29280090,2017,268545.63
29280090,2018,261975.16
29280090,2019,145747.83
29280090,2020,162139.73
29280090,2021,192404.74
29280090,2022,237835.85
29291000,2008,
29291000,2009,286812.72
29291000,2010,361689.65
29291000,2011,263238.65
29291000,2012,290940.37
29291000,2013,385427.46
29291000,2014,414311.98
29291000,2015,489551.77
29291000,2016,626489.5
29291000,2017,656779.2
29291000,2018,741502.47
29291000,2019,732607.15
29291000,2020,523752.25
29291000,2021,829757.24
29291000,2022,1192818.61
29299000,2008,76640.67
29299000,2009,85595.96
29299000,2010,114599.75
29299000,2011,152894.66
29299000,2012,163600.32
29299000,2013,154716.92
29299000,2014,177779.35
29299000,2015,130725.73
29299000,2016,116689.3
29299000,2017,142895.53
29299000,2018,153496.16
29299000,2019,156398.19
29299000,2020,147939.63
29299000,2021,152579.65
29299000,2022,126692.28
29301000,2008,
29301000,2009,
29301000,2010,
29301000,2011,
29301000,2012,
29301000,2013,
29301000,2014,
29301000,2015,
29301000,2016,
29301000,2017,
29301000,2018,
29301000,2019,
29301000,2020,
29301000,2021,
29301000,2022,106.3
29302000,2008,78734.0
29302000,2009,83178.0
29302000,2010,69526.56
29302000,2011,89482.37
29302000,2012,120287.61
29302000,2013,113036.37
29302000,2014,140047.76
29302000,2015,188234.69
29302000,2016,143049.93
29302000,2017,174332.77
29302000,2018,119724.72
29302000,2019,142598.26
29302000,2020,196554.04
29302000,2021,163198.09
29302000,2022,206387.69
29303000,2008,9124.0
29303000,2009,5055.0
29303000,2010,10427.56
29303000,2011,12832.09
29303000,2012,10890.53
29303000,2013,9043.7
29303000,2014,11984.32
29303000,2015,10870.17
29303000,2016,12572.48
29303000,2017,12852.51
29303000,2018,14762.12
29303000,2019,11211.08
29303000,2020,13941.63
29303000,2021,14784.39
29303000,2022,14014.3
29304010,2008,8441.0
29304010,2009,9739.0
29304010,2010,14169.83
29304010,2011,16957.25
29304010,2012,15899.79
29304010,2013,13127.45
29304010,2014,7336.75
29304010,2015,32200.36
29304010,2016,67594.82
29304010,2017,65318.69
29304010,2018,120389.13
29304010,2019,183220.8
29304010,2020,325174.52
29304010,2021,210603.89
29304010,2022,208486.13
29304090,2008,204610.66
29304090,2009,199189.8
29304090,2010,179879.03
29304090,2011,197417.31
29304090,2012,201569.24
29304090,2013,227433.93
29304090,2014,218090.47
29304090,2015,197605.59
29304090,2016,257111.09
29304090,2017,293170.62
29304090,2018,138632.38
29304090,2019,140349.62
29304090,2020,151532.6
29304090,2021,278484.53
29304090,2022,353572.64
29306000,2008,
29306000,2009,
29306000,2010,
29306000,2011,
29306000,2012,
29306000,2013,
29306000,2014,
29306000,2015,
29306000,2016,
29306000,2017,286.47
29306000,2018,10.02
29306000,2019,0.49
29306000,2020,0.88
29306000,2021,0.03
29306000,2022,
29307000,2008,
29307000,2009,
29307000,2010,
29307000,2011,
29307000,2012,
29307000,2013,
29307000,2014,
29307000,2015,
29307000,2016,
29307000,2017,2384.13
29307000,2018,3022.56
29307000,2019,2593.27
29307000,2020,702.71
29307000,2021,0.15
29307000,2022,0.03
29308000,2008,
29308000,2009,
29308000,2010,
29308000,2011,
29308000,2012,
29308000,2013,
29308000,2014,
29308000,2015,
29308000,2016,
29308000,2017,1940.81
29308000,2018,83.19
29308000,2019,89.53
29308000,2020,140.69
29308000,2021,57.56
29308000,2022,12.08
29309013,2008,36562.6
29309013,2009,35711.0
29309013,2010,38640.4
29309013,2011,39084.31
29309013,2012,33784.47
29309013,2013,27116.87
29309013,2014,28009.14
29309013,2015,20680.99
29309013,2016,22061.2
29309013,2017,13223.36
29309013,2018,23062.54
29309013,2019,13573.01
29309013,2020,12208.18
29309013,2021,9399.84
29309013,2022,13427.09
29309016,2008,9631.0
29309016,2009,10045.05
29309016,2010,11033.4
29309016,2011,7917.86
29309016,2012,7786.19
29309016,2013,20566.03
29309016,2014,21442.23
29309016,2015,24423.73
29309016,2016,29091.87
29309016,2017,24707.51
29309016,2018,27079.4
29309016,2019,38124.71
29309016,2020,43263.92
29309016,2021,31581.74
29309016,2022,47196.62
29309030,2008,298618.8
29309030,2009,287460.8
29309030,2010,323894.42
29309030,2011,312578.44
29309030,2012,308124.37
29309030,2013,393616.54
29309030,2014,380804.93
29309030,2015,404681.24
29309030,2016,486273.4
29309030,2017,503022.56
29309030,2018,481137.56
29309030,2019,542258.87
29309030,2020,500915.32
29309030,2021,362826.52
29309030,2022,416464.7
29309040,2008,2535.0
29309040,2009,1450.0
29309040,2010,2561.6
29309040,2011,2498.9
29309040,2012,1861.89
29309040,2013,2469.68
29309040,2014,2841.8
29309040,2015,2147.14
29309040,2016,2479.46
29309040,2017,2731.61
29309040,2018,2978.08
29309040,2019,2327.49
29309040,2020,1873.81
29309040,2021,3982.11
29309040,2022,3548.67
29309050,2008,5271.83
29309050,2009,1418.81
29309050,2010,4053.39
29309050,2011,3454.09
29309050,2012,4064.01
29309050,2013,3182.25
29309050,2014,3681.65
29309050,2015,4454.43
29309050,2016,6459.16
29309050,2017,6326.77
29309050,2018,6929.05
29309050,2019,7600.68
29309050,2020,7087.07
29309050,2021,7501.48
29309050,2022,7369.23
29309098,2008,
29309098,2009,
29309098,2010,
29309098,2011,
29309098,2012,
29309098,2013,
29309098,2014,
29309098,2015,
29309098,2016,
29309098,2017,613146.7
29309098,2018,598813.36
29309098,2019,566787.74
29309098,2020,584883.82
29309098,2021,602341.44
29309098,2022,684806.6
29332910,2008,64.75
29332910,2009,53.06
29332910,2010,63.54
29332910,2011,161.22
29332910,2012,36.57
29332910,2013,26.2
29332910,2014,126.29
29332910,2015,273.02
29332910,2016,508.37
29332910,2017,281.72
29332910,2018,287.87
29332910,2019,281.54
29332910,2020,234.9
29332910,2021,25.73
29332910,2022,158.71
29332990,2008,50283.65
29332990,2009,52056.01
29332990,2010,41297.11
29332990,2011,55479.51
29332990,2012,78321.3
29332990,2013,50126.85
29332990,2014,65601.34
29332990,2015,68092.11
29332990,2016,57354.68
29332990,2017,85305.18
29332990,2018,56330.39
29332990,2019,60565.05
29332990,2020,78785.26
29332990,2021,79332.13
29332990,2022,60259.07
29333100,2008,19022.0
29333100,2009,17511.0
29333100,2010,17349.59
29333100,2011,16955.24
29333100,2012,15937.65
29333100,2013,18384.58
29333100,2014,16663.52
29333100,2015,17398.89
29333100,2016,15072.26
29333100,2017,15051.15
29333100,2018,18310.88
29333100,2019,15438.35
29333100,2020,18600.84
29333100,2021,17915.99
29333100,2022,14569.55
29333200,2008,1680.0
29333200,2009,525.0
29333200,2010,2145.05
29333200,2011,1398.29
29333200,2012,2478.04
29333200,2013,3355.6
29333200,2014,2048.92
29333200,2015,2612.7
29333200,2016,2287.75
29333200,2017,3798.65
29333200,2018,5344.64
29333200,2019,3779.33
29333200,2020,3467.31
29333200,2021,5631.59
29333200,2022,6164.94
29333300,2008,300.0
29333300,2009,90.0
29333300,2010,159.95
29333300,2011,424.74
29333300,2012,502.04
29333300,2013,632.57
29333300,2014,192.18
29333300,2015,110.57
29333300,2016,106.35
29333300,2017,187.41
29333300,2018,196.51
29333300,2019,209.28
29333300,2020,202.35
29333300,2021,115.76
29333300,2022,174.34
29333400,2008,
29333400,2009,
29333400,2010,
29333400,2011,
29333400,2012,
29333400,2013,
29333400,2014,
29333400,2015,
29333400,2016,
29333400,2017,
29333400,2018,
29333400,2019,
29333400,2020,
29333400,2021,
29333400,2022,870.16
29333500,2008,
29333500,2009,
29333500,2010,
29333500,2011,
29333500,2012,
29333500,2013,
29333500,2014,
29333500,2015,
29333500,2016,
29333500,2017,
29333500,2018,
29333500,2019,
29333500,2020,
29333500,2021,
29333500,2022,6.02
29333600,2008,
29333600,2009,
29333600,2010,
29333600,2011,
29333600,2012,
29333600,2013,
29333600,2014,
29333600,2015,
29333600,2016,
29333600,2017,
29333600,2018,
29333600,2019,
29333600,2020,
29333600,2021,
29333600,2022,0.03
29333700,2008,
29333700,2009,
29333700,2010,
29333700,2011,
29333700,2012,
29333700,2013,
29333700,2014,
29333700,2015,
29333700,2016,
29333700,2017,
29333700,2018,
29333700,2019,
29333700,2020,
29333700,2021,
29333700,2022,0.56
29333910,2008,63.0
29333910,2009,70.0
29333910,2010,129.25
29333910,2011,194.59
29333910,2012,160.21
29333910,2013,121.79
29333910,2014,731.42
29333910,2015,65.2
29333910,2016,104.54
29333910,2017,169.87
29333910,2018,46.94
29333910,2019,143.15
29333910,2020,177.57
29333910,2021,53.4
29333910,2022,29.77
29333920,2008,71.0
29333920,2009,9.0
29333920,2010,126.02
29333920,2011,51.04
29333920,2012,6.41
29333920,2013,6.87
29333920,2014,438.55
29333920,2015,149.05
29333920,2016,6.74
29333920,2017,956.24
29333920,2018,11.05
29333920,2019,61.88
29333920,2020,22.43
29333920,2021,64.5
29333920,2022,14.35
29333925,2008,3204.6
29333925,2009,1742.0
29333925,2010,4029.36
29333925,2011,6784.43
29333925,2012,4771.04
29333925,2013,4487.49
29333925,2014,2718.42
29333925,2015,4751.15
29333925,2016,8250.37
29333925,2017,6025.64
29333925,2018,4732.79
29333925,2019,3942.73
29333925,2020,3346.17
29333925,2021,4927.87
29333925,2022,6079.55
29333935,2008,11014.0
29333935,2009,6810.0
29333935,2010,3242.12
29333935,2011,1004.11
29333935,2012,5808.93
29333935,2013,7762.23
29333935,2014,5182.42
29333935,2015,4782.24
29333935,2016,3149.99
29333935,2017,2286.16
29333935,2018,3757.26
29333935,2019,1255.6
29333935,2020,2122.08
29333935,2021,2071.74
29333935,2022,968.37
29333940,2008,6051.0
29333940,2009,3052.0
29333940,2010,5139.24
29333940,2011,4444.98
29333940,2012,4650.33
29333940,2013,4084.47
29333940,2014,4327.77
29333940,2015,4546.14
29333940,2016,4531.22
29333940,2017,4102.04
29333940,2018,4789.04
29333940,2019,3726.27
29333940,2020,4439.03
29333940,2021,2487.92
29333940,2022,3936.96
29333945,2008,
29333945,2009,0.0
29333945,2010,0.06
29333945,2011,0.02
29333945,2012,81.31
29333945,2013,114.96
29333945,2014,0.01
29333945,2015,0.0
29333945,2016,0.11
29333945,2017,0.01
29333945,2018,0.09
29333945,2019,0.0
29333945,2020,
29333945,2021,0.19
29333945,2022,0.02
29333950,2008,19196.0
29333950,2009,13822.0
29333950,2010,22415.93
29333950,2011,23425.12
29333950,2012,30903.09
29333950,2013,31271.11
29333950,2014,24089.63
29333950,2015,26993.19
29333950,2016,27795.7
29333950,2017,23974.63
29333950,2018,27748.67
29333950,2019,32903.39
29333950,2020,35120.1
29333950,2021,37024.48
29333950,2022,45789.11
29333955,2008,1581.01
29333955,2009,970.0
29333955,2010,1186.21
29333955,2011,231.61
29333955,2012,704.75
29333955,2013,399.65
29333955,2014,640.16
29333955,2015,506.27
29333955,2016,696.16
29333955,2017,1184.86
29333955,2018,3406.72
29333955,2019,5665.48
29333955,2020,2370.31
29333955,2021,882.35
29333955,2022,367.96
29333999,2008,262752.05
29333999,2009,247256.59
29333999,2010,313368.6
29333999,2011,315446.0
29333999,2012,317481.98
29333999,2013,318950.98
29333999,2014,275864.9
29333999,2015,259042.51
29333999,2016,229923.09
29333999,2017,262030.78
29333999,2018,257264.76
29333999,2019,269447.61
29333999,2020,245255.94
29333999,2021,267863.23
29333999,2022,283067.97
29334100,2008,31.0
29334100,2009,408.0
29334100,2010,25.01
29334100,2011,592.33
29334100,2012,645.94
29334100,2013,327.1
29334100,2014,124.41
29334100,2015,4.51
29334100,2016,14.25
29334100,2017,
29334100,2018,
29334100,2019,
29334100,2020,0.03
29334100,2021,0.0
29334100,2022,0.04
29334910,2008,10881.0
29334910,2009,8083.0
29334910,2010,7785.65
29334910,2011,10052.43
29334910,2012,12471.43
29334910,2013,13244.29
29334910,2014,14439.42
29334910,2015,10884.59
29334910,2016,8221.24
29334910,2017,9892.29
29334910,2018,10748.34
29334910,2019,11982.24
29334910,2020,9470.23
29334910,2021,7407.14
29334910,2022,9519.63
29334930,2008,228.0
29334930,2009,196.05
29334930,2010,149.2
29334930,2011,211.56
29334930,2012,237.09
29334930,2013,251.72
29334930,2014,257.17
29334930,2015,211.03
29334930,2016,235.81
29334930,2017,244.32
29334930,2018,251.78
29334930,2019,238.74
29334930,2020,194.29
29334930,2021,106.01
29334930,2022,241.94
29334990,2008,11030.06
29334990,2009,15342.13
29334990,2010,11371.1
29334990,2011,15580.26
29334990,2012,11786.39
29334990,2013,10996.17
29334990,2014,19198.77
29334990,2015,12137.56
29334990,2016,13682.68
29334990,2017,11370.07
29334990,2018,8721.83
29334990,2019,8711.12
29334990,2020,7160.19
29334990,2021,8114.49
29334990,2022,9334.55
29336100,2008,578613.0
29336100,2009,339810.0
29336100,2010,357330.37
29336100,2011,671540.26
29336100,2012,679864.28
29336100,2013,776142.22
29336100,2014,818331.36
29336100,2015,952414.21
29336100,2016,1038136.28
29336100,2017,901231.53
29336100,2018,980673.55
29336100,2019,1058870.26
29336100,2020,732805.3
29336100,2021,1091534.45
29336100,2022,1846766.52
29337100,2008,266936.0
29337100,2009,261410.0
29337100,2010,91869.05
29337100,2011,51877.23
29337100,2012,23455.55
29337100,2013,15214.26
29337100,2014,13609.23
29337100,2015,380.83
29337100,2016,1508.23
29337100,2017,51456.56
29337100,2018,6475.97
29337100,2019,80689.52
29337100,2020,165535.4
29337100,2021,175271.23
29337100,2022,147884.84
29337200,2008,1300.0
29337200,2009,495.0
29337200,2010,474.35
29337200,2011,760.06
29337200,2012,1.04
29337200,2013,1.06
29337200,2014,13.19
29337200,2015,1.01
29337200,2016,4.13
29337200,2017,2.04
29337200,2018,7.91
29337200,2019,52.31
29337200,2020,44.73
29337200,2021,1.02
29337200,2022,81.01
29337900,2008,208297.89
29337900,2009,158862.46
29337900,2010,185360.31
29337900,2011,187975.66
29337900,2012,184832.68
29337900,2013,190530.57
29337900,2014,213921.15
29337900,2015,183870.06
29337900,2016,189212.51
29337900,2017,228162.67
29337900,2018,151154.46
29337900,2019,145739.01
29337900,2020,152511.05
29337900,2021,157487.29
29337900,2022,159774.77
29339110,2008,54.0
29339110,2009,24.0
29339110,2010,63.92
29339110,2011,42.96
29339110,2012,108.77
29339110,2013,45.78
29339110,2014,34.69
29339110,2015,18.75
29339110,2016,15.94
29339110,2017,53.22
29339110,2018,6.09
29339110,2019,88.48
29339110,2020,7.88
29339110,2021,0.04
29339110,2022,1.16
29339190,2008,1943.6
29339190,2009,1281.0
29339190,2010,2594.28
29339190,2011,798.97
29339190,2012,1258.57
29339190,2013,788.34
29339190,2014,2496.6
29339190,2015,4793.96
29339190,2016,955.34
29339190,2017,355.32
29339190,2018,340.1
29339190,2019,309.87
29339190,2020,344.85
29339190,2021,420.46
29339190,2022,566.71
29339200,2008,
29339200,2009,
29339200,2010,
29339200,2011,
29339200,2012,
29339200,2013,
29339200,2014,
29339200,2015,
29339200,2016,
29339200,2017,27.9
29339200,2018,12.86
29339200,2019,0.32
29339200,2020,1.5
29339200,2021,0.77
29339200,2022,7.0
29339920,2008,280.0
29339920,2009,967.01
29339920,2010,478.67
29339920,2011,505.43
29339920,2012,622.56
29339920,2013,695.28
29339920,2014,1043.63
29339920,2015,1071.23
29339920,2016,2187.59
29339920,2017,2562.48
29339920,2018,2955.3
29339920,2019,1087.72
29339920,2020,819.69
29339920,2021,941.94
29339920,2022,592.68
29339950,2008,1373.0
29339950,2009,446.16
29339950,2010,435.37
29339950,2011,536.29
29339950,2012,537.11
29339950,2013,854.95
29339950,2014,1410.75
29339950,2015,1047.82
29339950,2016,655.88
29339950,2017,363.35
29339950,2018,670.48
29339950,2019,0.85
29339950,2020,5.87
29339950,2021,41.43
29339950,2022,29.49
29339980,2008,
29339980,2009,197251.28
29339980,2010,211933.39
29339980,2011,237663.79
29339980,2012,231726.23
29339980,2013,259089.46
29339980,2014,299739.13
29339980,2015,302584.13
29339980,2016,321211.36
29339980,2017,355953.41
29339980,2018,318271.93
29339980,2019,358453.99
29339980,2020,406123.03
29339980,2021,418407.28
29339980,2022,432893.49
29341000,2008,20305.13
29341000,2009,27288.41
29341000,2010,25029.43
29341000,2011,34717.49
29341000,2012,38432.4
29341000,2013,48992.37
29341000,2014,127208.43
29341000,2015,32299.94
29341000,2016,99326.55
29341000,2017,38270.58
29341000,2018,38585.17
29341000,2019,30639.23
29341000,2020,31182.44
29341000,2021,29038.78
29341000,2022,30566.21
29342020,2008,30317.0
29342020,2009,26002.0
29342020,2010,34737.56
29342020,2011,41706.6
29342020,2012,31614.12
29342020,2013,33844.33
29342020,2014,37846.62
29342020,2015,36632.55
29342020,2016,34074.1
29342020,2017,30934.19
29342020,2018,32067.02
29342020,2019,40024.19
29342020,2020,25026.42
29342020,2021,34923.6
29342020,2022,33156.98
29342080,2008,34718.5
29342080,2009,33454.0
29342080,2010,44771.23
29342080,2011,56387.47
29342080,2012,60817.55
29342080,2013,80691.66
29342080,2014,90912.04
29342080,2015,81878.52
29342080,2016,108288.31
29342080,2017,103762.56
29342080,2018,108728.96
29342080,2019,123147.42
29342080,2020,131113.34
29342080,2021,135980.49
29342080,2022,154068.37
29349100,2008,222.0
29349100,2009,241.0
29349100,2010,171.13
29349100,2011,103.62
29349100,2012,128.04
29349100,2013,62.5
29349100,2014,21.38
29349100,2015,15.79
29349100,2016,49.61
29349100,2017,801.29
29349100,2018,90.6
29349100,2019,56.12
29349100,2020,54.33
29349100,2021,120.49
29349100,2022,97.42
29349200,2008,
29349200,2009,
29349200,2010,
29349200,2011,
29349200,2012,
29349200,2013,
29349200,2014,
29349200,2015,
29349200,2016,
29349200,2017,
29349200,2018,
29349200,2019,
29349200,2020,
29349200,2021,
29349200,2022,249.09
29349960,2008,
29349960,2009,667.01
29349960,2010,1291.71
29349960,2011,703.86
29349960,2012,793.11
29349960,2013,410.53
29349960,2014,1011.87
29349960,2015,959.09
29349960,2016,489.62
29349960,2017,1477.0
29349960,2018,3543.9
29349960,2019,2664.21
29349960,2020,1878.93
29349960,2021,3003.23
29349960,2022,2363.73
29349990,2008,200984.04
29349990,2009,203884.34
29349990,2010,210437.26
29349990,2011,229723.32
29349990,2012,250986.33
29349990,2013,248030.37
29349990,2014,248592.83
29349990,2015,294775.03
29349990,2016,279666.09
29349990,2017,313702.29
29349990,2018,282541.37
29349990,2019,300944.88
29349990,2020,300993.87
29349990,2021,310970.98
29349990,2022,344343.13
29398000,2008,
29398000,2009,
29398000,2010,
29398000,2011,
29398000,2012,
29398000,2013,
29398000,2014,
29398000,2015,
29398000,2016,
29398000,2017,1940.24
29398000,2018,17380.98
29398000,2019,704.06
29398000,2020,404.76
29398000,2021,361.17
29398000,2022,579.76
29420000,2008,59156.43
29420000,2009,56516.27
29420000,2010,44526.5
29420000,2011,61712.29
29420000,2012,64333.95
29420000,2013,55617.07
29420000,2014,70625.19
29420000,2015,79991.0
29420000,2016,73647.22
29420000,2017,54282.48
29420000,2018,46983.85
29420000,2019,35842.56
29420000,2020,48661.52
29420000,2021,32277.31
29420000,2022,38821.15
31010000,2008,295708.0
31010000,2009,461757.23
31010000,2010,809329.07
31010000,2011,993837.93
31010000,2012,626576.28
31010000,2013,692599.38
31010000,2014,764612.81
31010000,2015,855286.9
31010000,2016,1183893.17
31010000,2017,1074718.12
31010000,2018,1281643.35
31010000,2019,1506976.24
31010000,2020,1533615.94
31010000,2021,1222449.43
31010000,2022,1047059.01
31025000,2008,
31025000,2009,
31025000,2010,
31025000,2011,
31025000,2012,
31025000,2013,
31025000,2014,178347.58
31025000,2015,219585.5
31025000,2016,460282.7
31025000,2017,678238.74
31025000,2018,231748.94
31025000,2019,233531.5
31025000,2020,421780.83
31025000,2021,150967.08
31025000,2022,259927.2
31051000,2008,207450.07
31051000,2009,394974.0
31051000,2010,202304.44
31051000,2011,149149.47
31051000,2012,447212.7
31051000,2013,219143.07
31051000,2014,88430.61
31051000,2015,230988.82
31051000,2016,235768.01
31051000,2017,377340.95
31051000,2018,280626.73
31051000,2019,112999.91
31051000,2020,137104.85
31051000,2021,102737.53
31051000,2022,78453.07
31053000,2008,4858919.0
31053000,2009,9510000.0
31053000,2010,9903772.59
31053000,2011,7748617.35
31053000,2012,9593024.62
31053000,2013,13814935.6
31053000,2014,13166674.64
31053000,2015,13218677.48
31053000,2016,12352378.12
31053000,2017,17352171.08
31053000,2018,11912380.24
31053000,2019,16858919.61
31053000,2020,18074259.86
31053000,2021,15855380.27
31053000,2022,7327087.41
31054000,2008,4448894.0
31054000,2009,3115221.0
31054000,2010,4573093.88
31054000,2011,4686273.05
31054000,2012,4688890.3
31054000,2013,7092852.67
31054000,2014,5204154.4
31054000,2015,5665484.02
31054000,2016,5814442.15
31054000,2017,6562518.98
31054000,2018,5464911.85
31054000,2019,6520099.96
31054000,2020,5865872.15
31054000,2021,5029093.28
31054000,2022,4116838.05
31055100,2008,647204.0
31055100,2009,680204.0
31055100,2010,995516.85
31055100,2011,1903840.32
31055100,2012,2511322.89
31055100,2013,2005512.62
31055100,2014,2277096.05
31055100,2015,1954767.17
31055100,2016,1468671.58
31055100,2017,2173414.26
31055100,2018,1552244.15
31055100,2019,1093562.57
31055100,2020,1085933.09
31055100,2021,1427399.95
31055100,2022,2142846.49
31055900,2008,1269250.5
31055900,2009,495323.0
31055900,2010,623129.94
31055900,2011,881722.64
31055900,2012,990369.49
31055900,2013,1156468.31
31055900,2014,1285331.79
31055900,2015,1072453.13
31055900,2016,991497.69
31055900,2017,1254415.24
31055900,2018,1560359.7
31055900,2019,1744777.07
31055900,2020,2002436.44
31055900,2021,2627529.45
31055900,2022,4345907.44
31056000,2008,
31056000,2009,
31056000,2010,
31056000,2011,160343.27
31056000,2012,424750.54
31056000,2013,396035.2
31056000,2014,400038.99
31056000,2015,236218.94
31056000,2016,357275.66
31056000,2017,407332.01
31056000,2018,500144.01
31056000,2019,698429.09
31056000,2020,759147.66
31056000,2021,746941.3
31056000,2022,563524.88
31059020,2008,
31059020,2009,
31059020,2010,
31059020,2011,
31059020,2012,
31059020,2013,
31059020,2014,53950.29
31059020,2015,180260.69
31059020,2016,216394.81
31059020,2017,193675.24
31059020,2018,512307.88
31059020,2019,348020.07
31059020,2020,231163.19
31059020,2021,449102.39
31059020,2022,421652.49
31059080,2008,
31059080,2009,
31059080,2010,
31059080,2011,
31059080,2012,
31059080,2013,
31059080,2014,219528.39
31059080,2015,180275.67
31059080,2016,145306.92
31059080,2017,213914.62
31059080,2018,165848.39
31059080,2019,169660.05
31059080,2020,273433.48
31059080,2021,332127.04
31059080,2022,363120.79
32011000,2008,183958.0
32011000,2009,120794.0
32011000,2010,173060.16
32011000,2011,181921.21
32011000,2012,162219.33
32011000,2013,165526.69
32011000,2014,155018.28
32011000,2015,132448.47
32011000,2016,160506.69
32011000,2017,159331.24
32011000,2018,154189.07
32011000,2019,119702.44
32011000,2020,98581.39
32011000,2021,118221.23
32011000,2022,132077.96
32012000,2008,142861.0
32012000,2009,99354.0
32012000,2010,119066.19
32012000,2011,121261.04
32012000,2012,108399.15
32012000,2013,112576.75
32012000,2014,98207.82
32012000,2015,103364.13
32012000,2016,118137.86
32012000,2017,109752.8
32012000,2018,119057.93
32012000,2019,100772.59
32012000,2020,67312.88
32012000,2021,92015.22
32012000,2022,98064.87
32019020,2008,5796.0
32019020,2009,6606.0
32019020,2010,4236.59
32019020,2011,2722.86
32019020,2012,7672.12
32019020,2013,7927.83
32019020,2014,8348.8
32019020,2015,9269.03
32019020,2016,6817.7
32019020,2017,7402.97
32019020,2018,8072.07
32019020,2019,8273.84
32019020,2020,5336.07
32019020,2021,8341.01
32019020,2022,10049.41
32019090,2008,20161.25
32019090,2009,10678.0
32019090,2010,20419.87
32019090,2011,23582.26
32019090,2012,15934.74
32019090,2013,18765.62
32019090,2014,19370.52
32019090,2015,21949.0
32019090,2016,21173.89
32019090,2017,24426.59
32019090,2018,23688.02
32019090,2019,27844.76
32019090,2020,22449.26
32019090,2021,28997.9
32019090,2022,27808.4
32021000,2008,85580.6
32021000,2009,49703.0
32021000,2010,68552.54
32021000,2011,72510.07
32021000,2012,50281.52
32021000,2013,38635.13
32021000,2014,43667.04
32021000,2015,44714.62
32021000,2016,38858.39
32021000,2017,40091.93
32021000,2018,36106.11
32021000,2019,32567.27
32021000,2020,27267.86
32021000,2021,30705.14
32021000,2022,32341.37
32029000,2008,77357.0
32029000,2009,61677.0
32029000,2010,87385.65
32029000,2011,89727.66
32029000,2012,79097.45
32029000,2013,97530.67
32029000,2014,90750.32
32029000,2015,106301.91
32029000,2016,117389.77
32029000,2017,133521.37
32029000,2018,118073.82
32029000,2019,128516.68
32029000,2020,92631.62
32029000,2021,84817.34
32029000,2022,110429.41
32030010,2008,104954.67
32030010,2009,78142.3
32030010,2010,90277.36
32030010,2011,84272.77
32030010,2012,74558.48
32030010,2013,87041.32
32030010,2014,95738.32
32030010,2015,96540.13
32030010,2016,103726.4
32030010,2017,107871.21
32030010,2018,112762.49
32030010,2019,119220.72
32030010,2020,104857.12
32030010,2021,116763.53
32030010,2022,119426.56
32030090,2008,5631.05
32030090,2009,5346.91
32030090,2010,6499.21
32030090,2011,6791.91
32030090,2012,7315.24
32030090,2013,6705.69
32030090,2014,6264.11
32030090,2015,4989.8
32030090,2016,5563.04
32030090,2017,5755.77
32030090,2018,8414.95
32030090,2019,9807.87
32030090,2020,10365.72
32030090,2021,6507.29
32030090,2022,6794.66
32041100,2008,85288.79
32041100,2009,62825.9
32041100,2010,85067.98
32041100,2011,69810.74
32041100,2012,54480.5
32041100,2013,62247.37
32041100,2014,73146.76
32041100,2015,64042.21
32041100,2016,66573.32
32041100,2017,72352.44
32041100,2018,66733.86
32041100,2019,61740.96
32041100,2020,41948.76
32041100,2021,52287.35
32041100,2022,56978.13
32041200,2008,270402.6
32041200,2009,204265.57
32041200,2010,315504.38
32041200,2011,287237.17
32041200,2012,236137.36
32041200,2013,277198.14
32041200,2014,285133.38
32041200,2015,231997.22
32041200,2016,264728.61
32041200,2017,267447.41
32041200,2018,258513.3
32041200,2019,220964.11
32041200,2020,177167.75
32041200,2021,211469.21
32041200,2022,212873.31
32041300,2008,67757.95
32041300,2009,61212.33
32041300,2010,90066.23
32041300,2011,78035.69
32041300,2012,73680.22
32041300,2013,79740.86
32041300,2014,76511.61
32041300,2015,75583.25
32041300,2016,76929.65
32041300,2017,70712.5
32041300,2018,69249.76
32041300,2019,67930.55
32041300,2020,60264.76
32041300,2021,53090.96
32041300,2022,54133.78
32041400,2008,123056.47
32041400,2009,91470.29
32041400,2010,133672.82
32041400,2011,127331.48
32041400,2012,142592.7
32041400,2013,173049.76
32041400,2014,180010.5
32041400,2015,180523.17
32041400,2016,198254.4
32041400,2017,203877.54
32041400,2018,211634.48
32041400,2019,196788.65
32041400,2020,204895.94
32041400,2021,214938.96
32041400,2022,232483.78
32041500,2008,35896.71
32041500,2009,22251.24
32041500,2010,32045.37
32041500,2011,30493.62
32041500,2012,25884.46
32041500,2013,41285.49
32041500,2014,31702.68
32041500,2015,28350.91
32041500,2016,39621.5
32041500,2017,37111.25
32041500,2018,51000.58
32041500,2019,35050.76
32041500,2020,18246.01
32041500,2021,38593.59
32041500,2022,23697.22
32041600,2008,179131.98
32041600,2009,152546.26
32041600,2010,178900.4
32041600,2011,140587.21
32041600,2012,116461.28
32041600,2013,153273.8
32041600,2014,151724.69
32041600,2015,116795.47
32041600,2016,138811.24
32041600,2017,128709.39
32041600,2018,126255.6
32041600,2019,99757.43
32041600,2020,90591.49
32041600,2021,108932.97
32041600,2022,114315.71
32041700,2008,1176088.01
32041700,2009,965429.12
32041700,2010,1050635.24
32041700,2011,956385.41
32041700,2012,868015.14
32041700,2013,914898.14
32041700,2014,969015.48
32041700,2015,944982.16
32041700,2016,1110693.92
32041700,2017,1282610.13
32041700,2018,1207092.88
32041700,2019,1165313.23
32041700,2020,1023592.47
32041700,2021,1079690.35
32041700,2022,957657.3
32041800,2008,
32041800,2009,
32041800,2010,
32041800,2011,
32041800,2012,
32041800,2013,
32041800,2014,
32041800,2015,
32041800,2016,
32041800,2017,
32041800,2018,
32041800,2019,
32041800,2020,
32041800,2021,
32041800,2022,11214.41
32041900,2008,117131.64
32041900,2009,91202.95
32041900,2010,119463.18
32041900,2011,118006.74
32041900,2012,123277.63
32041900,2013,150629.89
32041900,2014,149022.33
32041900,2015,150751.72
32041900,2016,172984.67
32041900,2017,164627.73
32041900,2018,207332.87
32041900,2019,196285.44
32041900,2020,169199.1
32041900,2021,189565.04
32041900,2022,159929.18
32042000,2008,365053.1
32042000,2009,300868.62
32042000,2010,391724.22
32042000,2011,372721.44
32042000,2012,174995.97
32042000,2013,208118.85
32042000,2014,198695.43
32042000,2015,170335.94
32042000,2016,171208.93
32042000,2017,166031.31
32042000,2018,185222.22
32042000,2019,224121.85
32042000,2020,201127.77
32042000,2021,193895.84
32042000,2022,172777.34
32049000,2008,44364.46
32049000,2009,51539.37
32049000,2010,52493.01
32049000,2011,48276.54
32049000,2012,44484.43
32049000,2013,45860.59
32049000,2014,34298.21
32049000,2015,26235.17
32049000,2016,29637.95
32049000,2017,28491.4
32049000,2018,39850.66
32049000,2019,27228.67
32049000,2020,23294.25
32049000,2021,31538.56
32049000,2022,21904.3
32050000,2008,6869.61
32050000,2009,6219.4
32050000,2010,7271.39
32050000,2011,9766.9
32050000,2012,9433.03
32050000,2013,10346.34
32050000,2014,30367.48
32050000,2015,17293.86
32050000,2016,15568.97
32050000,2017,23668.85
32050000,2018,31957.63
32050000,2019,15863.93
32050000,2020,11976.13
32050000,2021,6913.11
32050000,2022,8772.71
32071000,2008,90334.24
32071000,2009,59841.38
32071000,2010,86866.9
32071000,2011,90142.95
32071000,2012,67837.36
32071000,2013,68059.61
32071000,2014,68482.37
32071000,2015,57242.83
32071000,2016,55856.61
32071000,2017,55986.69
32071000,2018,48911.3
32071000,2019,45600.84
32071000,2020,41138.1
32071000,2021,57049.74
32071000,2022,54518.85
32072010,2008,705.0
32072010,2009,222.0
32072010,2010,333.91
32072010,2011,334.82
32072010,2012,139.06
32072010,2013,115.08
32072010,2014,396.43
32072010,2015,2860.7
32072010,2016,429.57
32072010,2017,3092.85
32072010,2018,2796.42
32072010,2019,975.96
32072010,2020,1019.01
32072010,2021,598.86
32072010,2022,865.18
32072090,2008,9768.99
32072090,2009,5575.46
32072090,2010,17114.39
32072090,2011,13585.33
32072090,2012,25501.11
32072090,2013,59478.36
32072090,2014,43106.68
32072090,2015,32004.24
32072090,2016,12503.41
32072090,2017,28521.12
32072090,2018,17448.87
32072090,2019,12214.57
32072090,2020,7474.99
32072090,2021,16575.57
32072090,2022,21983.86
32073000,2008,4966.27
32073000,2009,9267.08
32073000,2010,7714.91
32073000,2011,6713.15
32073000,2012,5545.63
32073000,2013,3067.63
32073000,2014,5753.13
32073000,2015,7579.16
32073000,2016,18018.9
32073000,2017,7924.47
32073000,2018,4001.44
32073000,2019,2958.48
32073000,2020,1605.5
32073000,2021,1498.3
32073000,2022,2091.63
32074040,2008,
32074040,2009,
32074040,2010,118188.26
32074040,2011,217320.34
32074040,2012,101950.01
32074040,2013,110307.61
32074040,2014,134230.16
32074040,2015,151506.77
32074040,2016,200143.87
32074040,2017,207193.11
32074040,2018,244700.54
32074040,2019,234180.73
32074040,2020,286896.2
32074040,2021,411399.89
32074040,2022,215252.3
32074085,2008,
32074085,2009,
32074085,2010,119071.85
32074085,2011,114391.19
32074085,2012,142523.31
32074085,2013,168246.08
32074085,2014,219491.27
32074085,2015,155359.39
32074085,2016,168311.19
32074085,2017,160947.33
32074085,2018,213440.58
32074085,2019,241085.24
32074085,2020,263440.48
32074085,2021,390654.84
32074085,2022,350958.92
32081010,2008,140213.5
32081010,2009,101092.19
32081010,2010,95424.38
32081010,2011,130860.06
32081010,2012,146578.19
32081010,2013,133101.08
32081010,2014,155215.22
32081010,2015,151655.43
32081010,2016,95663.74
32081010,2017,145262.88
32081010,2018,135539.9
32081010,2019,122754.39
32081010,2020,115588.46
32081010,2021,41782.52
32081010,2022,60870.61
32081090,2008,225389.25
32081090,2009,186145.08
32081090,2010,210574.57
32081090,2011,300472.39
32081090,2012,302879.44
32081090,2013,303164.33
32081090,2014,337138.88
32081090,2015,311657.12
32081090,2016,296273.73
32081090,2017,194786.69
32081090,2018,188293.85
32081090,2019,182342.58
32081090,2020,194656.77
32081090,2021,154986.39
32081090,2022,144799.1
32082010,2008,70720.66
32082010,2009,68896.86
32082010,2010,80998.96
32082010,2011,109684.26
32082010,2012,98134.66
32082010,2013,99674.66
32082010,2014,107210.72
32082010,2015,82231.53
32082010,2016,132729.6
32082010,2017,133237.54
32082010,2018,138549.98
32082010,2019,139251.9
32082010,2020,111138.59
32082010,2021,131539.52
32082010,2022,127778.85
32082090,2008,387336.69
32082090,2009,294915.92
32082090,2010,320210.67
32082090,2011,320882.98
32082090,2012,292053.74
32082090,2013,282977.89
32082090,2014,302228.79
32082090,2015,332688.84
32082090,2016,336896.02
32082090,2017,309335.2
32082090,2018,283390.55
32082090,2019,258620.46
32082090,2020,242203.34
32082090,2021,269474.56
32082090,2022,264860.4
32089011,2008,4802.16
32089011,2009,2531.39
32089011,2010,5656.23
32089011,2011,4506.0
32089011,2012,2090.67
32089011,2013,1345.55
32089011,2014,2380.4
32089011,2015,4706.7
32089011,2016,3813.78
32089011,2017,3575.09
32089011,2018,3344.19
32089011,2019,4555.66
32089011,2020,2880.1
32089011,2021,1147.37
32089011,2022,1666.59
32089013,2008,969.11
32089013,2009,238.1
32089013,2010,353.14
32089013,2011,14.62
32089013,2012,48.88
32089013,2013,7.38
32089013,2014,6.13
32089013,2015,57.3
32089013,2016,44.3
32089013,2017,2.94
32089013,2018,58.97
32089013,2019,51.52
32089013,2020,32.37
32089013,2021,19.38
32089013,2022,0.87
32089019,2008,57192.13
32089019,2009,44392.83
32089019,2010,48240.46
32089019,2011,47605.28
32089019,2012,51218.47
32089019,2013,50323.48
32089019,2014,50808.23
32089019,2015,60353.4
32089019,2016,68119.81
32089019,2017,73806.93
32089019,2018,126976.16
32089019,2019,135814.0
32089019,2020,126179.62
32089019,2021,132553.72
32089019,2022,119881.61
32089091,2008,607281.15
32089091,2009,476223.59
32089091,2010,487944.04
32089091,2011,457442.55
32089091,2012,463463.13
32089091,2013,485961.83
32089091,2014,460753.2
32089091,2015,448892.52
32089091,2016,518170.76
32089091,2017,530456.79
32089091,2018,510661.34
32089091,2019,514854.93
32089091,2020,476729.76
32089091,2021,415280.18
32089091,2022,428369.81
32089099,2008,149858.1
32089099,2009,116987.27
32089099,2010,130014.54
32089099,2011,125188.32
32089099,2012,134176.12
32089099,2013,139339.58
32089099,2014,165058.44
32089099,2015,165761.66
32089099,2016,145055.19
32089099,2017,150551.42
32089099,2018,145573.15
32089099,2019,118627.86
32089099,2020,107567.74
32089099,2021,162120.39
32089099,2022,152080.73
32091000,2008,479039.85
32091000,2009,377170.27
32091000,2010,510672.81
32091000,2011,477311.11
32091000,2012,494614.78
32091000,2013,533651.1
32091000,2014,515229.55
32091000,2015,510425.22
32091000,2016,497287.42
32091000,2017,594875.62
32091000,2018,585271.21
32091000,2019,590861.88
32091000,2020,647217.96
32091000,2021,660660.76
32091000,2022,568109.19
32099000,2008,449388.3
32099000,2009,380902.83
32099000,2010,410209.58
32099000,2011,475823.73
32099000,2012,477119.82
32099000,2013,496829.26
32099000,2014,517109.72
32099000,2015,569471.07
32099000,2016,519082.24
32099000,2017,497372.41
32099000,2018,467835.28
32099000,2019,490812.87
32099000,2020,478190.01
32099000,2021,521005.02
32099000,2022,504347.05
32100010,2008,35945.55
32100010,2009,30908.25
32100010,2010,22320.25
32100010,2011,24747.06
32100010,2012,24412.8
32100010,2013,26336.57
32100010,2014,27934.44
32100010,2015,20697.53
32100010,2016,16327.54
32100010,2017,16619.7
32100010,2018,17718.92
32100010,2019,11707.88
32100010,2020,10773.53
32100010,2021,11814.75
32100010,2022,12242.41
32100090,2008,114130.47
32100090,2009,91333.94
32100090,2010,108883.02
32100090,2011,99508.7
32100090,2012,76072.6
32100090,2013,88158.65
32100090,2014,86499.39
32100090,2015,75043.25
32100090,2016,81700.83
32100090,2017,81023.35
32100090,2018,71466.19
32100090,2019,68601.14
32100090,2020,46800.72
32100090,2021,54945.08
32100090,2022,102808.24
32110000,2008,60879.0
32110000,2009,54087.57
32110000,2010,50708.69
32110000,2011,60316.6
32110000,2012,49240.37
32110000,2013,44482.77
32110000,2014,51839.01
32110000,2015,44037.62
32110000,2016,45986.59
32110000,2017,43781.25
32110000,2018,43442.48
32110000,2019,50293.45
32110000,2020,51116.18
32110000,2021,47883.12
32110000,2022,36249.16
32121000,2008,
32121000,2009,
32121000,2010,97919.15
32121000,2011,95914.67
32121000,2012,95469.71
32121000,2013,126808.58
32121000,2014,113635.53
32121000,2015,135713.5
32121000,2016,126135.45
32121000,2017,154552.44
32121000,2018,143615.31
32121000,2019,124686.25
32121000,2020,112236.58
32121000,2021,142344.94
32121000,2022,159147.95
32129000,2008,
32129000,2009,
32129000,2010,329493.6
32129000,2011,329106.75
32129000,2012,214117.11
32129000,2013,420583.83
32129000,2014,447919.01
32129000,2015,369316.66
32129000,2016,229168.72
32129000,2017,84846.9
32129000,2018,78422.92
32129000,2019,76566.41
32129000,2020,76856.89
32129000,2021,69425.03
32129000,2022,62751.42
32131000,2008,85057.19
32131000,2009,72791.74
32131000,2010,87463.93
32131000,2011,89825.78
32131000,2012,75345.76
32131000,2013,76897.04
32131000,2014,81069.84
32131000,2015,77049.77
32131000,2016,81509.41
32131000,2017,83405.5
32131000,2018,93475.17
32131000,2019,93669.57
32131000,2020,114627.23
32131000,2021,169980.7
32131000,2022,152831.46
32139000,2008,48581.56
32139000,2009,42512.19
32139000,2010,53471.06
32139000,2011,95226.07
32139000,2012,52053.79
32139000,2013,47257.91
32139000,2014,54174.98
32139000,2015,58228.78
32139000,2016,62977.88
32139000,2017,58961.97
32139000,2018,56570.17
32139000,2019,62539.72
32139000,2020,76661.44
32139000,2021,85161.65
32139000,2022,72065.04
32141010,2008,2496227.08
32141010,2009,489083.83
32141010,2010,548179.23
32141010,2011,707688.8
32141010,2012,754743.86
32141010,2013,857713.84
32141010,2014,812895.49
32141010,2015,688868.05
32141010,2016,706667.21
32141010,2017,759661.9
32141010,2018,823242.88
32141010,2019,908285.97
32141010,2020,860128.19
32141010,2021,952017.17
32141010,2022,866906.7
32141090,2008,201506.75
32141090,2009,144696.01
32141090,2010,166947.28
32141090,2011,190456.16
32141090,2012,171129.37
32141090,2013,161955.77
32141090,2014,170290.0
32141090,2015,236832.21
32141090,2016,265004.09
32141090,2017,284308.5
32141090,2018,243757.02
32141090,2019,258214.15
32141090,2020,304224.67
32141090,2021,357300.14
32141090,2022,354577.63
32149000,2008,1937756.94
32149000,2009,1602576.27
32149000,2010,1025035.64
32149000,2011,1029781.7
32149000,2012,952790.23
32149000,2013,940398.95
32149000,2014,1025837.7
32149000,2015,1279847.57
32149000,2016,1445551.05
32149000,2017,1786811.56
32149000,2018,2042933.58
32149000,2019,2392183.18
32149000,2020,2714496.69
32149000,2021,3092765.98
32149000,2022,3125117.54
32151100,2008,127361.93
32151100,2009,124806.33
32151100,2010,139070.32
32151100,2011,153694.96
32151100,2012,149190.89
32151100,2013,125910.26
32151100,2014,92602.49
32151100,2015,126962.54
32151100,2016,165597.36
32151100,2017,
32151100,2018,123482.51
32151100,2019,159670.22
32151100,2020,137673.52
32151100,2021,111859.55
32151100,2022,106198.3
32151900,2008,650254.53
32151900,2009,588945.03
32151900,2010,710702.1
32151900,2011,677490.27
32151900,2012,646841.06
32151900,2013,610402.84
32151900,2014,495670.93
32151900,2015,429779.91
32151900,2016,494192.02
32151900,2017,
32151900,2018,391081.5
32151900,2019,395519.99
32151900,2020,348573.72
32151900,2021,348150.46
32151900,2022,326076.55
32159020,2008,
32159020,2009,
32159020,2010,
32159020,2011,
32159020,2012,
32159020,2013,
32159020,2014,
32159020,2015,
32159020,2016,
32159020,2017,34552.11
32159020,2018,167030.63
32159020,2019,183540.13
32159020,2020,212167.75
32159020,2021,180759.55
32159020,2022,182631.95
32159070,2008,
32159070,2009,
32159070,2010,
32159070,2011,
32159070,2012,
32159070,2013,
32159070,2014,
32159070,2015,
32159070,2016,
32159070,2017,102727.71
32159070,2018,107842.66
32159070,2019,107980.16
32159070,2020,100171.08
32159070,2021,122494.41
32159070,2022,128234.96
33011210,2008,131612.83
33011210,2009,130208.91
33011210,2010,144255.83
33011210,2011,133153.46
33011210,2012,154707.37
33011210,2013,139030.63
33011210,2014,151137.4
33011210,2015,157448.74
33011210,2016,155198.2
33011210,2017,150080.2
33011210,2018,163027.2
33011210,2019,135022.6
33011210,2020,161849.35
33011210,2021,152229.16
33011210,2022,174566.11
33011290,2008,12345.0
33011290,2009,9897.07
33011290,2010,8332.91
33011290,2011,7536.97
33011290,2012,5325.42
33011290,2013,5914.29
33011290,2014,4128.58
33011290,2015,4205.88
33011290,2016,4483.83
33011290,2017,6423.15
33011290,2018,5799.4
33011290,2019,8184.94
33011290,2020,7782.02
33011290,2021,8747.03
33011290,2022,8836.45
33011310,2008,11987.79
33011310,2009,11288.72
33011310,2010,13906.33
33011310,2011,35961.41
33011310,2012,31117.93
33011310,2013,37352.99
33011310,2014,16202.49
33011310,2015,23201.45
33011310,2016,30983.33
33011310,2017,29509.1
33011310,2018,32845.62
33011310,2019,35963.99
33011310,2020,38494.11
33011310,2021,52994.34
33011310,2022,62710.53
33011390,2008,1139.0
33011390,2009,2083.0
33011390,2010,1826.21
33011390,2011,5010.1
33011390,2012,5650.53
33011390,2013,2029.09
33011390,2014,3890.71
33011390,2015,666.32
33011390,2016,653.51
33011390,2017,679.2
33011390,2018,959.12
33011390,2019,1790.17
33011390,2020,1303.85
33011390,2021,2933.54
33011390,2022,2658.2
33011920,2008,13480.62
33011920,2009,13137.06
33011920,2010,16213.62
33011920,2011,13659.28
33011920,2012,11442.79
33011920,2013,12548.62
33011920,2014,16917.31
33011920,2015,13972.07
33011920,2016,16782.22
33011920,2017,17877.47
33011920,2018,13034.02
33011920,2019,13190.09
33011920,2020,15834.74
33011920,2021,23363.49
33011920,2022,22480.92
33011980,2008,8241.85
33011980,2009,1563.99
33011980,2010,1716.2
33011980,2011,5259.76
33011980,2012,4165.47
33011980,2013,4697.74
33011980,2014,3163.59
33011980,2015,5093.06
33011980,2016,3966.46
33011980,2017,6920.19
33011980,2018,5974.87
33011980,2019,6528.36
33011980,2020,6406.23
33011980,2021,5813.24
33011980,2022,7252.9
33012410,2008,12559.09
33012410,2009,9062.55
33012410,2010,9228.42
33012410,2011,9859.46
33012410,2012,10617.74
33012410,2013,10201.11
33012410,2014,8372.29
33012410,2015,8228.45
33012410,2016,8916.21
33012410,2017,8435.12
33012410,2018,8843.28
33012410,2019,7701.08
33012410,2020,8953.28
33012410,2021,8230.15
33012410,2022,9037.19
33012490,2008,1160.0
33012490,2009,840.0
33012490,2010,802.33
33012490,2011,15671.81
33012490,2012,1211.07
33012490,2013,504.71
33012490,2014,309.9
33012490,2015,284.74
33012490,2016,495.94
33012490,2017,1266.48
33012490,2018,771.69
33012490,2019,694.23
33012490,2020,916.44
33012490,2021,651.95
33012490,2022,739.64
33012510,2008,16049.8
33012510,2009,11730.7
33012510,2010,16158.35
33012510,2011,12842.53
33012510,2012,13276.97
33012510,2013,15122.08
33012510,2014,13225.37
33012510,2015,13530.59
33012510,2016,13254.76
33012510,2017,15266.66
33012510,2018,15141.1
33012510,2019,15809.18
33012510,2020,19433.06
33012510,2021,18973.58
33012510,2022,15012.43
33012590,2008,2142.2
33012590,2009,1806.0
33012590,2010,3096.37
33012590,2011,3301.46
33012590,2012,2928.79
33012590,2013,3964.24
33012590,2014,2415.57
33012590,2015,2672.51
33012590,2016,2401.0
33012590,2017,3289.38
33012590,2018,3246.02
33012590,2019,3333.37
33012590,2020,4601.34
33012590,2021,6527.14
33012590,2022,3656.42
33012911,2008,5629.33
33012911,2009,7191.72
33012911,2010,10523.08
33012911,2011,11344.07
33012911,2012,6428.84
33012911,2013,12146.78
33012911,2014,10298.45
33012911,2015,7020.61
33012911,2016,8296.22
33012911,2017,9222.17
33012911,2018,9910.02
33012911,2019,8194.66
33012911,2020,7226.33
33012911,2021,7171.06
33012911,2022,7179.05
33012931,2008,202.0
33012931,2009,424.03
33012931,2010,243.47
33012931,2011,946.41
33012931,2012,248.22
33012931,2013,357.47
33012931,2014,603.55
33012931,2015,395.01
33012931,2016,146.82
33012931,2017,426.84
33012931,2018,2032.96
33012931,2019,448.01
33012931,2020,530.27
33012931,2021,342.61
33012931,2022,317.63
33012942,2008,
33012942,2009,
33012942,2010,
33012942,2011,
33012942,2012,
33012942,2013,
33012942,2014,
33012942,2015,
33012942,2016,
33012942,2017,
33012942,2018,
33012942,2019,
33012942,2020,
33012942,2021,
33012942,2022,908.18
33012949,2008,
33012949,2009,
33012949,2010,
33012949,2011,
33012949,2012,
33012949,2013,
33012949,2014,
33012949,2015,
33012949,2016,
33012949,2017,
33012949,2018,
33012949,2019,
33012949,2020,
33012949,2021,
33012949,2022,82767.75
33012971,2008,471.55
33012971,2009,271.0
33012971,2010,236.99
33012971,2011,212.61
33012971,2012,228.26
33012971,2013,237.28
33012971,2014,220.73
33012971,2015,437.35
33012971,2016,1200.27
33012971,2017,1691.44
33012971,2018,3271.74
33012971,2019,3437.57
33012971,2020,3785.59
33012971,2021,429.4
33012971,2022,379.85
33012979,2008,206.07
33012979,2009,292.6
33012979,2010,342.8
33012979,2011,391.34
33012979,2012,296.18
33012979,2013,347.67
33012979,2014,593.67
33012979,2015,1044.92
33012979,2016,358.41
33012979,2017,434.77
33012979,2018,737.35
33012979,2019,418.05
33012979,2020,2250.55
33012979,2021,1932.55
33012979,2022,1311.25
33012991,2008,9231.76
33012991,2009,5657.38
33012991,2010,55756.35
33012991,2011,7990.87
33012991,2012,7810.38
33012991,2013,7882.72
33012991,2014,6278.17
33012991,2015,6203.93
33012991,2016,7026.09
33012991,2017,7284.89
33012991,2018,5680.68
33012991,2019,6798.34
33012991,2020,8025.67
33012991,2021,9027.7
33012991,2022,7445.12
33013000,2008,1656.75
33013000,2009,1312.2
33013000,2010,1184.9
33013000,2011,1170.87
33013000,2012,1302.85
33013000,2013,1506.25
33013000,2014,2098.81
33013000,2015,1112.53
33013000,2016,1016.62
33013000,2017,1697.98
33013000,2018,1452.02
33013000,2019,1430.16
33013000,2020,1772.22
33013000,2021,1826.31
33013000,2022,1476.56
33019010,2008,19161.08
33019010,2009,18718.14
33019010,2010,24583.0
33019010,2011,21679.21
33019010,2012,17171.79
33019010,2013,24306.39
33019010,2014,12907.75
33019010,2015,20169.44
33019010,2016,19907.82
33019010,2017,16940.03
33019010,2018,18761.15
33019010,2019,17641.78
33019010,2020,31057.04
33019010,2021,34586.92
33019010,2022,35241.14
33019021,2008,699.0
33019021,2009,365.0
33019021,2010,34.34
33019021,2011,52.27
33019021,2012,7.83
33019021,2013,106.51
33019021,2014,61.91
33019021,2015,58.88
33019021,2016,50.72
33019021,2017,182.8
33019021,2018,13.06
33019021,2019,51.54
33019021,2020,81.7
33019021,2021,297.23
33019021,2022,796.46
33019030,2008,19715.95
33019030,2009,13682.4
33019030,2010,17068.15
33019030,2011,17841.26
33019030,2012,18386.71
33019030,2013,20682.83
33019030,2014,21523.2
33019030,2015,22218.34
33019030,2016,22250.34
33019030,2017,26604.39
33019030,2018,27883.41
33019030,2019,30499.71
33019030,2020,27714.17
33019030,2021,26991.39
33019030,2022,37917.57
33019090,2008,43647.15
33019090,2009,49811.83
33019090,2010,44622.87
33019090,2011,40030.01
33019090,2012,33961.06
33019090,2013,33399.24
33019090,2014,34831.22
33019090,2015,31402.12
33019090,2016,34797.0
33019090,2017,32528.23
33019090,2018,44137.76
33019090,2019,39703.58
33019090,2020,37830.53
33019090,2021,46339.93
33019090,2022,46247.37
33021010,2008,18100.98
33021010,2009,19876.0
33021010,2010,25865.13
33021010,2011,26983.1
33021010,2012,21449.32
33021010,2013,12994.39
33021010,2014,32347.26
33021010,2015,12521.24
33021010,2016,17281.7
33021010,2017,8120.6
33021010,2018,16055.38
33021010,2019,5848.45
33021010,2020,10145.99
33021010,2021,5318.45
33021010,2022,5212.07
33021021,2008,2365.4
33021021,2009,1971.84
33021021,2010,6049.77
33021021,2011,6982.58
33021021,2012,7942.75
33021021,2013,4234.59
33021021,2014,4376.03
33021021,2015,7301.49
33021021,2016,5294.44
33021021,2017,3821.34
33021021,2018,4210.61
33021021,2019,4276.04
33021021,2020,3650.47
33021021,2021,2763.44
33021021,2022,3039.95
33021029,2008,3647.74
33021029,2009,4197.1
33021029,2010,6748.37
33021029,2011,10460.12
33021029,2012,5923.87
33021029,2013,5844.56
33021029,2014,5273.37
33021029,2015,5004.85
33021029,2016,6953.46
33021029,2017,6856.24
33021029,2018,6841.69
33021029,2019,7732.77
33021029,2020,8400.59
33021029,2021,7331.61
33021029,2022,12584.89
33021040,2008,93166.54
33021040,2009,90407.66
33021040,2010,142008.96
33021040,2011,124764.04
33021040,2012,100111.69
33021040,2013,106980.13
33021040,2014,109828.14
33021040,2015,116836.89
33021040,2016,115290.99
33021040,2017,129589.04
33021040,2018,157253.07
33021040,2019,175724.54
33021040,2020,175186.45
33021040,2021,177045.07
33021040,2022,183025.75
33021090,2008,394533.33
33021090,2009,375802.73
33021090,2010,408705.47
33021090,2011,483066.21
33021090,2012,409601.85
33021090,2013,396113.29
33021090,2014,336157.82
33021090,2015,337948.49
33021090,2016,330989.13
33021090,2017,365403.36
33021090,2018,369362.77
33021090,2019,365496.86
33021090,2020,339420.36
33021090,2021,282587.44
33021090,2022,289019.38
33029010,2008,20500.77
33029010,2009,25799.03
33029010,2010,46400.73
33029010,2011,19050.4
33029010,2012,10494.7
33029010,2013,13197.92
33029010,2014,13303.55
33029010,2015,9082.48
33029010,2016,10080.07
33029010,2017,6206.55
33029010,2018,5290.46
33029010,2019,10132.32
33029010,2020,10782.27
33029010,2021,7228.15
33029010,2022,7944.26
33029090,2008,462599.0
33029090,2009,439520.71
33029090,2010,532400.34
33029090,2011,545908.51
33029090,2012,528999.61
33029090,2013,543505.43
33029090,2014,566052.71
33029090,2015,606171.58
33029090,2016,646258.9
33029090,2017,637076.81
33029090,2018,642474.34
33029090,2019,685844.01
33029090,2020,830413.37
33029090,2021,593571.41
33029090,2022,574964.05
34011100,2008,1187721.33
34011100,2009,1303100.76
34011100,2010,1358727.15
34011100,2011,1222966.35
34011100,2012,1090126.49
34011100,2013,1168729.9
34011100,2014,1284541.7
34011100,2015,1389784.06
34011100,2016,1451690.07
34011100,2017,1428677.56
34011100,2018,1350148.26
34011100,2019,1355669.28
34011100,2020,1550913.48
34011100,2021,1323784.12
34011100,2022,1238606.48
34011900,2008,369290.22
34011900,2009,352513.93
34011900,2010,375374.01
34011900,2011,463117.03
34011900,2012,581350.21
34011900,2013,547839.95
34011900,2014,616079.13
34011900,2015,525628.93
34011900,2016,473784.16
34011900,2017,505797.13
34011900,2018,595287.56
34011900,2019,645638.33
34011900,2020,946615.06
34011900,2021,739836.51
34011900,2022,710265.55
34012010,2008,1199556.88
34012010,2009,760961.96
34012010,2010,950480.32
34012010,2011,665690.95
34012010,2012,386640.1
34012010,2013,354018.41
34012010,2014,435915.95
34012010,2015,490256.18
34012010,2016,402814.65
34012010,2017,373451.86
34012010,2018,322479.43
34012010,2019,325043.03
34012010,2020,305230.63
34012010,2021,250931.62
34012010,2022,262397.3
34012090,2008,228701.42
34012090,2009,252381.26
34012090,2010,253198.13
34012090,2011,311701.68
34012090,2012,452518.58
34012090,2013,422999.68
34012090,2014,374999.69
34012090,2015,342448.97
34012090,2016,371144.27
34012090,2017,387541.07
34012090,2018,455483.72
34012090,2019,417814.77
34012090,2020,556290.13
34012090,2021,425047.12
34012090,2022,347577.31
34013000,2008,262001.24
34013000,2009,378955.61
34013000,2010,442828.4
34013000,2011,680454.24
34013000,2012,871321.85
34013000,2013,842411.14
34013000,2014,786538.4
34013000,2015,875405.65
34013000,2016,802366.32
34013000,2017,865310.85
34013000,2018,948916.47
34013000,2019,858848.35
34013000,2020,1041488.47
34013000,2021,868530.57
34013000,2022,846512.53
34023100,2008,
34023100,2009,
34023100,2010,
34023100,2011,
34023100,2012,
34023100,2013,
34023100,2014,
34023100,2015,
34023100,2016,
34023100,2017,
34023100,2018,
34023100,2019,
34023100,2020,
34023100,2021,
34023100,2022,306390.82
34023910,2008,
34023910,2009,
34023910,2010,
34023910,2011,
34023910,2012,
34023910,2013,
34023910,2014,
34023910,2015,
34023910,2016,
34023910,2017,
34023910,2018,
34023910,2019,
34023910,2020,
34023910,2021,
34023910,2022,76932.74
34023990,2008,
34023990,2009,
34023990,2010,
34023990,2011,
34023990,2012,
34023990,2013,
34023990,2014,
34023990,2015,
34023990,2016,
34023990,2017,
34023990,2018,
34023990,2019,
34023990,2020,
34023990,2021,
34023990,2022,539635.87
34024100,2008,
34024100,2009,
34024100,2010,
34024100,2011,
34024100,2012,
34024100,2013,
34024100,2014,
34024100,2015,
34024100,2016,
34024100,2017,
34024100,2018,
34024100,2019,
34024100,2020,
34024100,2021,
34024100,2022,52724.14
34024200,2008,
34024200,2009,
34024200,2010,
34024200,2011,
34024200,2012,
34024200,2013,
34024200,2014,
34024200,2015,
34024200,2016,
34024200,2017,
34024200,2018,
34024200,2019,
34024200,2020,
34024200,2021,
34024200,2022,825657.49
34024900,2008,
34024900,2009,
34024900,2010,
34024900,2011,
34024900,2012,
34024900,2013,
34024900,2014,
34024900,2015,
34024900,2016,
34024900,2017,
34024900,2018,
34024900,2019,
34024900,2020,
34024900,2021,
34024900,2022,303485.82
34025010,2008,
34025010,2009,
34025010,2010,
34025010,2011,
34025010,2012,
34025010,2013,
34025010,2014,
34025010,2015,
34025010,2016,
34025010,2017,
34025010,2018,
34025010,2019,
34025010,2020,
34025010,2021,
34025010,2022,157942.42
34025090,2008,
34025090,2009,
34025090,2010,
34025090,2011,
34025090,2012,
34025090,2013,
34025090,2014,
34025090,2015,
34025090,2016,
34025090,2017,
34025090,2018,
34025090,2019,
34025090,2020,
34025090,2021,
34025090,2022,5679064.58
34029010,2008,319969.61
34029010,2009,293736.91
34029010,2010,342028.28
34029010,2011,396435.52
34029010,2012,315145.34
34029010,2013,509422.7
34029010,2014,671183.53
34029010,2015,647424.22
34029010,2016,639647.28
34029010,2017,729241.89
34029010,2018,760924.24
34029010,2019,752892.09
34029010,2020,765436.35
34029010,2021,573595.19
34029010,2022,630285.17
34029090,2008,967116.12
34029090,2009,911097.6
34029090,2010,927111.51
34029090,2011,762644.72
34029090,2012,786783.89
34029090,2013,779723.74
34029090,2014,718114.61
34029090,2015,733521.4
34029090,2016,737333.07
34029090,2017,724846.22
34029090,2018,828486.0
34029090,2019,865041.9
34029090,2020,710307.3
34029090,2021,977247.24
34029090,2022,1312429.33
34031100,2008,18227.4
34031100,2009,17363.42
34031100,2010,17979.54
34031100,2011,17068.42
34031100,2012,22923.89
34031100,2013,26052.86
34031100,2014,29740.47
34031100,2015,20707.63
34031100,2016,13893.14
34031100,2017,16664.9
34031100,2018,18139.36
34031100,2019,17203.51
34031100,2020,12285.24
34031100,2021,14095.84
34031100,2022,10462.15
34039100,2008,56579.41
34039100,2009,44144.15
34039100,2010,55337.52
34039100,2011,45843.8
34039100,2012,35935.68
34039100,2013,42225.68
34039100,2014,42351.52
34039100,2015,40789.53
34039100,2016,44083.65
34039100,2017,37887.77
34039100,2018,34717.74
34039100,2019,34168.75
34039100,2020,29375.05
34039100,2021,30477.83
34039100,2022,31689.02
34039900,2008,
34039900,2009,
34039900,2010,400224.55
34039900,2011,410377.82
34039900,2012,410780.6
34039900,2013,379842.3
34039900,2014,425145.74
34039900,2015,441266.47
34039900,2016,433816.55
34039900,2017,432650.28
34039900,2018,458198.2
34039900,2019,451172.68
34039900,2020,355443.65
34039900,2021,342840.87
34039900,2022,367403.75
34042000,2008,104532.76
34042000,2009,31774.87
34042000,2010,61728.95
34042000,2011,53055.03
34042000,2012,40220.31
34042000,2013,51245.48
34042000,2014,51179.57
34042000,2015,68258.75
34042000,2016,76344.65
34042000,2017,87879.48
34042000,2018,127591.99
34042000,2019,173990.59
34042000,2020,259392.97
34042000,2021,282593.81
34042000,2022,294721.79
34049000,2008,
34049000,2009,
34049000,2010,676674.92
34049000,2011,685010.55
34049000,2012,601639.13
34049000,2013,769423.05
34049000,2014,1034533.72
34049000,2015,1040246.62
34049000,2016,1224067.5
34049000,2017,1364156.84
34049000,2018,1358789.86
34049000,2019,1265640.99
34049000,2020,1471616.28
34049000,2021,1486183.99
34049000,2022,1713066.6
34051000,2008,55252.32
34051000,2009,55858.06
34051000,2010,64985.75
34051000,2011,54270.6
34051000,2012,39601.6
34051000,2013,41922.66
34051000,2014,39055.29
34051000,2015,39904.56
34051000,2016,37253.79
34051000,2017,38785.2
34051000,2018,37053.08
34051000,2019,40839.39
34051000,2020,34273.8
34051000,2021,22309.16
34051000,2022,26089.38
34052000,2008,75777.15
34052000,2009,67829.44
34052000,2010,70556.79
34052000,2011,69567.07
34052000,2012,65940.17
34052000,2013,43257.5
34052000,2014,46954.19
34052000,2015,51916.63
34052000,2016,57449.43
34052000,2017,33892.6
34052000,2018,18479.12
34052000,2019,16953.46
34052000,2020,15448.24
34052000,2021,19298.36
34052000,2022,15860.41
34053000,2008,62272.23
34053000,2009,54040.32
34053000,2010,53086.0
34053000,2011,54717.97
34053000,2012,53378.23
34053000,2013,47255.72
34053000,2014,43814.33
34053000,2015,49303.77
34053000,2016,52971.16
34053000,2017,54212.82
34053000,2018,46948.03
34053000,2019,48861.39
34053000,2020,51405.94
34053000,2021,54345.44
34053000,2022,48808.91
34054000,2008,40370.35
34054000,2009,27574.17
34054000,2010,46522.31
34054000,2011,62012.95
34054000,2012,92023.02
34054000,2013,74872.29
34054000,2014,43723.74
34054000,2015,28687.22
34054000,2016,36123.11
34054000,2017,53003.64
34054000,2018,46521.68
34054000,2019,40860.2
34054000,2020,55835.45
34054000,2021,33266.72
34054000,2022,41004.91
34059010,2008,65988.53
34059010,2009,47858.27
34059010,2010,55064.44
34059010,2011,65132.68
34059010,2012,38497.06
34059010,2013,45291.59
34059010,2014,44075.55
34059010,2015,49530.82
34059010,2016,60302.41
34059010,2017,51122.03
34059010,2018,50812.62
34059010,2019,46289.06
34059010,2020,40406.64
34059010,2021,29203.66
34059010,2022,32602.18
34059090,2008,122993.97
34059090,2009,87454.41
34059090,2010,108170.45
34059090,2011,126550.07
34059090,2012,141973.46
34059090,2013,127075.61
34059090,2014,117845.97
34059090,2015,116040.06
34059090,2016,112899.92
34059090,2017,127727.89
34059090,2018,127960.53
34059090,2019,130290.14
34059090,2020,118983.59
34059090,2021,141559.51
34059090,2022,142611.64
34070000,2008,109482.63
34070000,2009,95888.78
34070000,2010,129944.17
34070000,2011,133291.49
34070000,2012,135938.62
34070000,2013,142189.67
34070000,2014,150502.5
34070000,2015,185564.84
34070000,2016,204533.26
34070000,2017,199749.24
34070000,2018,249292.15
34070000,2019,225617.8
34070000,2020,189648.96
34070000,2021,234635.41
34070000,2022,260597.76
35019090,2008,68222.5
35019090,2009,65312.0
35019090,2010,68011.26
35019090,2011,60916.31
35019090,2012,44177.0
35019090,2013,39759.12
35019090,2014,50730.24
35019090,2015,45917.71
35019090,2016,55373.5
35019090,2017,54620.59
35019090,2018,30107.78
35019090,2019,35093.1
35019090,2020,28805.13
35019090,2021,27955.66
35019090,2022,9354.13
35022010,2008,6.0
35022010,2009,1.0
35022010,2010,5.42
35022010,2011,11.02
35022010,2012,49.44
35022010,2013,41.99
35022010,2014,218.95
35022010,2015,425.15
35022010,2016,0.77
35022010,2017,127.74
35022010,2018,13.09
35022010,2019,24.89
35022010,2020,11.22
35022010,2021,253.87
35022010,2022,42.22
35022091,2008,46398.75
35022091,2009,43021.35
35022091,2010,47808.64
35022091,2011,50112.79
35022091,2012,48830.66
35022091,2013,66205.34
35022091,2014,118830.57
35022091,2015,210559.74
35022091,2016,175040.87
35022091,2017,144199.16
35022091,2018,178910.0
35022091,2019,155752.54
35022091,2020,113474.17
35022091,2021,96051.47
35022091,2022,93605.45
35022099,2008,3258.0
35022099,2009,2902.0
35022099,2010,2953.67
35022099,2011,807.78
35022099,2012,611.28
35022099,2013,191.84
35022099,2014,826.96
35022099,2015,661.83
35022099,2016,560.67
35022099,2017,1328.56
35022099,2018,274.23
35022099,2019,5212.42
35022099,2020,4781.35
35022099,2021,133814.62
35022099,2022,224771.24
35029020,2008,1163.0
35029020,2009,199.04
35029020,2010,135.86
35029020,2011,92.59
35029020,2012,63.74
35029020,2013,32.41
35029020,2014,108.13
35029020,2015,109.61
35029020,2016,135.08
35029020,2017,112.33
35029020,2018,251.68
35029020,2019,356.79
35029020,2020,347.67
35029020,2021,146.84
35029020,2022,188.75
35029070,2008,643.29
35029070,2009,414.25
35029070,2010,502.61
35029070,2011,1151.15
35029070,2012,956.39
35029070,2013,495.78
35029070,2014,855.05
35029070,2015,262.45
35029070,2016,242.69
35029070,2017,145.14
35029070,2018,276.96
35029070,2019,305.49
35029070,2020,164.14
35029070,2021,208.68
35029070,2022,373.59
35029090,2008,229.2
35029090,2009,167.16
35029090,2010,386.73
35029090,2011,274.0
35029090,2012,234.36
35029090,2013,218.44
35029090,2014,296.39
35029090,2015,216.22
35029090,2016,282.44
35029090,2017,226.25
35029090,2018,315.52
35029090,2019,294.17
35029090,2020,470.31
35029090,2021,381.7
35029090,2022,188.57
35030010,2008,172983.71
35030010,2009,172842.15
35030010,2010,172940.48
35030010,2011,199965.61
35030010,2012,199811.15
35030010,2013,200242.36
35030010,2014,191265.88
35030010,2015,214676.03
35030010,2016,212717.3
35030010,2017,263991.75
35030010,2018,259433.86
35030010,2019,270725.26
35030010,2020,287793.67
35030010,2021,270893.45
35030010,2022,311191.61
35040010,2008,
35040010,2009,141622.07
35040010,2010,153052.07
35040010,2011,168929.8
35040010,2012,177115.14
35040010,2013,257692.92
35040010,2014,158339.3
35040010,2015,144536.42
35040010,2016,142398.67
35040010,2017,135297.47
35040010,2018,158235.43
35040010,2019,147433.92
35040010,2020,166444.26
35040010,2021,167270.46
35040010,2022,141279.23
35040090,2008,
35040090,2009,423066.51
35040090,2010,387166.15
35040090,2011,453687.68
35040090,2012,410122.74
35040090,2013,451817.28
35040090,2014,486117.48
35040090,2015,387014.46
35040090,2016,441085.68
35040090,2017,492167.75
35040090,2018,476833.3
35040090,2019,538768.17
35040090,2020,526062.06
35040090,2021,478485.95
35040090,2022,536879.4
35061000,2008,148592.34
35061000,2009,132799.77
35061000,2010,173943.7
35061000,2011,164396.95
35061000,2012,159917.4
35061000,2013,173597.53
35061000,2014,204944.38
35061000,2015,202551.52
35061000,2016,225640.18
35061000,2017,274075.36
35061000,2018,339109.83
35061000,2019,273484.08
35061000,2020,893641.37
35061000,2021,279653.0
35061000,2022,255965.95
35069110,2008,
35069110,2009,
35069110,2010,
35069110,2011,
35069110,2012,
35069110,2013,
35069110,2014,
35069110,2015,
35069110,2016,
35069110,2017,58751.3
35069110,2018,94881.0
35069110,2019,89760.67
35069110,2020,65729.32
35069110,2021,48632.92
35069110,2022,47418.52
35069190,2008,
35069190,2009,
35069190,2010,
35069190,2011,
35069190,2012,
35069190,2013,
35069190,2014,
35069190,2015,
35069190,2016,
35069190,2017,1131845.1
35069190,2018,1088753.47
35069190,2019,1113361.25
35069190,2020,1158172.73
35069190,2021,1263895.26
35069190,2022,1252062.77
35069900,2008,364096.94
35069900,2009,188880.97
35069900,2010,195543.08
35069900,2011,185655.13
35069900,2012,190078.59
35069900,2013,208782.58
35069900,2014,238932.9
35069900,2015,225637.13
35069900,2016,242742.94
35069900,2017,284125.95
35069900,2018,331049.2
35069900,2019,302364.5
35069900,2020,317172.47
35069900,2021,367627.63
35069900,2022,317138.91
35071000,2008,1995.0
35071000,2009,2764.0
35071000,2010,2445.92
35071000,2011,3080.97
35071000,2012,2983.9
35071000,2013,3879.94
35071000,2014,4067.62
35071000,2015,4736.71
35071000,2016,4886.94
35071000,2017,5495.19
35071000,2018,6160.35
35071000,2019,7191.9
35071000,2020,6360.45
35071000,2021,8125.18
35071000,2022,11588.74
35079030,2008,
35079030,2009,
35079030,2010,281.81
35079030,2011,647.81
35079030,2012,103.95
35079030,2013,393.24
35079030,2014,592.88
35079030,2015,472.35
35079030,2016,584.79
35079030,2017,741.57
35079030,2018,830.18
35079030,2019,399.93
35079030,2020,809.38
35079030,2021,835.46
35079030,2022,737.24
35079090,2008,254806.83
35079090,2009,263988.19
35079090,2010,248677.21
35079090,2011,278681.52
35079090,2012,289334.39
35079090,2013,323504.39
35079090,2014,409815.69
35079090,2015,452152.11
35079090,2016,428457.96
35079090,2017,464900.67
35079090,2018,451994.53
35079090,2019,437795.02
35079090,2020,407878.69
35079090,2021,458334.79
35079090,2022,480859.45
36010000,2008,16070.04
36010000,2009,23002.16
36010000,2010,19615.75
36010000,2011,16652.83
36010000,2012,21374.87
36010000,2013,23336.77
36010000,2014,31454.7
36010000,2015,32558.78
36010000,2016,25962.47
36010000,2017,25852.47
36010000,2018,31174.04
36010000,2019,25334.77
36010000,2020,22350.99
36010000,2021,27930.64
36010000,2022,32671.9
36020000,2008,42252.33
36020000,2009,53245.52
36020000,2010,66599.56
36020000,2011,63772.24
36020000,2012,71986.55
36020000,2013,85100.66
36020000,2014,85619.88
36020000,2015,101047.57
36020000,2016,151217.3
36020000,2017,157306.0
36020000,2018,172368.15
36020000,2019,242410.34
36020000,2020,216786.14
36020000,2021,272140.02
36020000,2022,67267.2
36041000,2008,996656.32
36041000,2009,956230.64
36041000,2010,962082.36
36041000,2011,895290.47
36041000,2012,946557.36
36041000,2013,885315.98
36041000,2014,1000757.69
36041000,2015,949489.82
36041000,2016,947919.83
36041000,2017,998867.44
36041000,2018,1186535.4
36041000,2019,1050183.54
36041000,2020,797435.09
36041000,2021,292170.65
36041000,2022,795709.27
36049000,2008,35630.1
36049000,2009,30106.55
36049000,2010,28011.68
36049000,2011,12653.95
36049000,2012,10907.86
36049000,2013,19975.53
36049000,2014,9617.06
36049000,2015,9327.85
36049000,2016,9186.09
36049000,2017,8716.69
36049000,2018,10843.6
36049000,2019,12066.59
36049000,2020,8316.32
36049000,2021,41770.71
36049000,2022,7731.78
36050000,2008,81303.98
36050000,2009,102411.41
36050000,2010,75404.78
36050000,2011,74427.56
36050000,2012,67556.24
36050000,2013,67098.35
36050000,2014,59829.31
36050000,2015,53252.4
36050000,2016,55914.4
36050000,2017,51616.16
36050000,2018,45299.87
36050000,2019,41273.92
36050000,2020,33492.57
36050000,2021,52224.53
36050000,2022,56649.33
37071000,2008,13386.03
37071000,2009,10126.58
37071000,2010,12043.06
37071000,2011,11463.49
37071000,2012,13346.32
37071000,2013,9271.34
37071000,2014,22284.52
37071000,2015,8806.18
37071000,2016,7671.79
37071000,2017,7608.68
37071000,2018,8301.81
37071000,2019,6618.52
37071000,2020,2546.25
37071000,2021,1036.83
37071000,2022,1802.91
37079020,2008,
37079020,2009,
37079020,2010,182564.35
37079020,2011,106764.05
37079020,2012,144230.56
37079020,2013,121803.56
37079020,2014,119993.42
37079020,2015,118533.26
37079020,2016,142290.64
37079020,2017,
37079020,2018,
37079020,2019,
37079020,2020,112773.79
37079020,2021,96013.6
37079020,2022,110873.26
37079090,2008,136087.79
37079090,2009,93761.21
37079090,2010,148659.52
37079090,2011,168259.19
37079090,2012,144688.43
37079090,2013,148077.32
37079090,2014,149173.95
37079090,2015,123543.31
37079090,2016,49058.99
37079090,2017,24674.64
37079090,2018,21039.8
37079090,2019,21832.85
37079090,2020,32419.43
37079090,2021,38644.65
37079090,2022,40317.59
38011000,2008,613576.69
38011000,2009,351391.02
38011000,2010,463282.1
38011000,2011,634506.1
38011000,2012,565177.22
38011000,2013,483746.36
38011000,2014,647388.85
38011000,2015,582802.39
38011000,2016,550721.48
38011000,2017,791655.94
38011000,2018,999862.3
38011000,2019,815512.89
38011000,2020,983876.73
38011000,2021,1217624.25
38011000,2022,1549713.75
38012010,2008,1643.03
38012010,2009,1405.03
38012010,2010,2374.88
38012010,2011,1258.57
38012010,2012,1097.23
38012010,2013,1203.74
38012010,2014,294.14
38012010,2015,219.99
38012010,2016,287.79
38012010,2017,317.16
38012010,2018,478.19
38012010,2019,227.54
38012010,2020,253.42
38012010,2021,626.29
38012010,2022,95.05
38012090,2008,9479.0
38012090,2009,6237.0
38012090,2010,5761.53
38012090,2011,4429.47
38012090,2012,2452.6
38012090,2013,4095.95
38012090,2014,5537.51
38012090,2015,2283.07
38012090,2016,2049.38
38012090,2017,2519.74
38012090,2018,2740.59
38012090,2019,5160.34
38012090,2020,3431.03
38012090,2021,2425.11
38012090,2022,2105.89
38013000,2008,500769.0
38013000,2009,140308.0
38013000,2010,187448.64
38013000,2011,196205.2
38013000,2012,195999.32
38013000,2013,164123.5
38013000,2014,168437.44
38013000,2015,182381.29
38013000,2016,200833.09
38013000,2017,224400.29
38013000,2018,205361.33
38013000,2019,150569.46
38013000,2020,122845.83
38013000,2021,124324.29
38013000,2022,111385.05
38019000,2008,99050.77
38019000,2009,161103.62
38019000,2010,284382.61
38019000,2011,264385.11
38019000,2012,388600.97
38019000,2013,222074.45
38019000,2014,102470.89
38019000,2015,129910.26
38019000,2016,86477.76
38019000,2017,110723.97
38019000,2018,161690.18
38019000,2019,152741.27
38019000,2020,137225.36
38019000,2021,222673.72
38019000,2022,204787.6
38021000,2008,1432334.94
38021000,2009,1090536.88
38021000,2010,1324928.11
38021000,2011,1329273.92
38021000,2012,1256514.84
38021000,2013,1399389.17
38021000,2014,1412395.17
38021000,2015,1587643.29
38021000,2016,1560679.4
38021000,2017,1650262.8
38021000,2018,1804018.81
38021000,2019,1793979.05
38021000,2020,1765186.43
38021000,2021,1826629.92
38021000,2022,2221902.02
38029000,2008,1057473.39
38029000,2009,721319.93
38029000,2010,1189779.85
38029000,2011,2396251.87
38029000,2012,1552487.66
38029000,2013,859797.26
38029000,2014,2248844.11
38029000,2015,2534363.34
38029000,2016,999034.61
38029000,2017,2794170.31
38029000,2018,2883757.31
38029000,2019,1068231.37
38029000,2020,1114299.4
38029000,2021,1122229.47
38029000,2022,1113966.25
38030010,2008,737172.0
38030010,2009,714205.0
38030010,2010,1046818.31
38030010,2011,1229531.95
38030010,2012,988381.51
38030010,2013,971455.85
38030010,2014,1098011.61
38030010,2015,1030890.47
38030010,2016,1677320.67
38030010,2017,1618053.48
38030010,2018,1094050.31
38030010,2019,1056254.52
38030010,2020,1547904.27
38030010,2021,1570616.24
38030010,2022,1234947.26
38030090,2008,20878.0
38030090,2009,6707.0
38030090,2010,5266.87
38030090,2011,49171.98
38030090,2012,42720.01
38030090,2013,4817.95
38030090,2014,11204.7
38030090,2015,31134.28
38030090,2016,72791.42
38030090,2017,68275.87
38030090,2018,117170.54
38030090,2019,45278.58
38030090,2020,32096.89
38030090,2021,92589.12
38030090,2022,51878.34
38051010,2008,69750.54
38051010,2009,39714.41
38051010,2010,46860.48
38051010,2011,51842.89
38051010,2012,44041.94
38051010,2013,40594.83
38051010,2014,32521.36
38051010,2015,34003.73
38051010,2016,14563.97
38051010,2017,18057.22
38051010,2018,12957.56
38051010,2019,19630.22
38051010,2020,14558.0
38051010,2021,80403.32
38051010,2022,45228.61
38051030,2008,435.0
38051030,2009,0.0
38051030,2010,398.75
38051030,2011,8.28
38051030,2012,2.97
38051030,2013,16.41
38051030,2014,4.39
38051030,2015,36.28
38051030,2016,20.2
38051030,2017,11.83
38051030,2018,29.74
38051030,2019,1282.49
38051030,2020,326.19
38051030,2021,102.85
38051030,2022,126.91
38051090,2008,138981.0
38051090,2009,93672.0
38051090,2010,109352.67
38051090,2011,174990.53
38051090,2012,209406.52
38051090,2013,173360.61
38051090,2014,174331.91
38051090,2015,229988.87
38051090,2016,7079.46
38051090,2017,7746.12
38051090,2018,6418.75
38051090,2019,7140.26
38051090,2020,7372.43
38051090,2021,32569.86
38051090,2022,90741.42
38059010,2008,7140.0
38059010,2009,5647.0
38059010,2010,5545.25
38059010,2011,10540.51
38059010,2012,6201.43
38059010,2013,8448.68
38059010,2014,8427.57
38059010,2015,6460.81
38059010,2016,8753.41
38059010,2017,5239.75
38059010,2018,4419.76
38059010,2019,5328.23
38059010,2020,6689.7
38059010,2021,5438.74
38059010,2022,5974.59
38059090,2008,9287.72
38059090,2009,12623.0
38059090,2010,12202.89
38059090,2011,23378.83
38059090,2012,5307.87
38059090,2013,2865.55
38059090,2014,3846.02
38059090,2015,2703.58
38059090,2016,3817.81
38059090,2017,6187.26
38059090,2018,17249.6
38059090,2019,18911.46
38059090,2020,20392.25
38059090,2021,27882.84
38059090,2022,17719.57
38061000,2008,
38061000,2009,
38061000,2010,1612776.49
38061000,2011,1419036.41
38061000,2012,1286753.93
38061000,2013,1194674.74
38061000,2014,1112370.21
38061000,2015,1062269.11
38061000,2016,722051.28
38061000,2017,675381.84
38061000,2018,835362.43
38061000,2019,828720.39
38061000,2020,624541.45
38061000,2021,769140.28
38061000,2022,926586.38
38062000,2008,7179.0
38062000,2009,3560.0
38062000,2010,3122.18
38062000,2011,3150.65
38062000,2012,6116.47
38062000,2013,4036.49
38062000,2014,2890.17
38062000,2015,1751.1
38062000,2016,1897.23
38062000,2017,2589.52
38062000,2018,3294.38
38062000,2019,2521.45
38062000,2020,1239.04
38062000,2021,2427.61
38062000,2022,1636.4
38063000,2008,161343.0
38063000,2009,123945.0
38063000,2010,99563.77
38063000,2011,77327.88
38063000,2012,115733.64
38063000,2013,75618.05
38063000,2014,87456.77
38063000,2015,119117.07
38063000,2016,101778.62
38063000,2017,49765.42
38063000,2018,68801.7
38063000,2019,80914.78
38063000,2020,61274.52
38063000,2021,99993.12
38063000,2022,65192.74
38069000,2008,350394.54
38069000,2009,387557.66
38069000,2010,459159.53
38069000,2011,355655.1
38069000,2012,252455.19
38069000,2013,269198.84
38069000,2014,251966.3
38069000,2015,226909.77
38069000,2016,151692.33
38069000,2017,37706.99
38069000,2018,71008.27
38069000,2019,75508.1
38069000,2020,56107.4
38069000,2021,84149.72
38069000,2022,69728.08
38070010,2008,4464.0
38070010,2009,5288.0
38070010,2010,7433.04
38070010,2011,6189.27
38070010,2012,5446.79
38070010,2013,6418.59
38070010,2014,5834.8
38070010,2015,5337.1
38070010,2016,5328.11
38070010,2017,5094.79
38070010,2018,5823.17
38070010,2019,5976.99
38070010,2020,5529.28
38070010,2021,7262.83
38070010,2022,35667.95
38070090,2008,1007476.0
38070090,2009,938445.0
38070090,2010,851766.4
38070090,2011,792013.28
38070090,2012,902785.1
38070090,2013,837796.3
38070090,2014,898926.67
38070090,2015,726775.78
38070090,2016,972584.96
38070090,2017,942100.16
38070090,2018,958949.79
38070090,2019,947143.27
38070090,2020,822681.27
38070090,2021,818994.66
38070090,2022,882191.73
38091010,2008,3162.41
38091010,2009,1492.1
38091010,2010,539.48
38091010,2011,3068.0
38091010,2012,5661.13
38091010,2013,3057.25
38091010,2014,235.65
38091010,2015,277.49
38091010,2016,3707.23
38091010,2017,4423.26
38091010,2018,4195.95
38091010,2019,5055.4
38091010,2020,2905.42
38091010,2021,303.39
38091010,2022,112.42
38091030,2008,1590.0
38091030,2009,1014.0
38091030,2010,1056.0
38091030,2011,1008.77
38091030,2012,509.19
38091030,2013,2.0
38091030,2014,
38091030,2015,48.81
38091030,2016,10.69
38091030,2017,
38091030,2018,0.04
38091030,2019,0.01
38091030,2020,1.75
38091030,2021,
38091030,2022,0.13
38091050,2008,225.0
38091050,2009,248.0
38091050,2010,72.75
38091050,2011,128.11
38091050,2012,211.19
38091050,2013,138.25
38091050,2014,47.27
38091050,2015,9.5
38091050,2016,10.0
38091050,2017,
38091050,2018,0.31
38091050,2019,
38091050,2020,355.73
38091050,2021,
38091050,2022,0.04
38091090,2008,5300.6
38091090,2009,3516.0
38091090,2010,2123.89
38091090,2011,971.19
38091090,2012,2290.82
38091090,2013,1526.59
38091090,2014,1394.92
38091090,2015,2387.72
38091090,2016,1839.01
38091090,2017,982.72
38091090,2018,21292.86
38091090,2019,21480.96
38091090,2020,21353.32
38091090,2021,21506.6
38091090,2022,1161.04
38099100,2008,296657.36
38099100,2009,230288.62
38099100,2010,304174.39
38099100,2011,308215.8
38099100,2012,349351.13
38099100,2013,349415.83
38099100,2014,333180.34
38099100,2015,388598.34
38099100,2016,432837.49
38099100,2017,570775.85
38099100,2018,772767.76
38099100,2019,965988.32
38099100,2020,924267.83
38099100,2021,930999.94
38099100,2022,854599.44
38099200,2008,2223345.4
38099200,2009,1833170.02
38099200,2010,2513732.06
38099200,2011,2581290.22
38099200,2012,2027440.44
38099200,2013,1245986.46
38099200,2014,1506856.75
38099200,2015,1578866.37
38099200,2016,1637019.72
38099200,2017,1535234.3
38099200,2018,309304.36
38099200,2019,260868.87
38099200,2020,170197.12
38099200,2021,192552.37
38099200,2022,172713.45
38099300,2008,30121.0
38099300,2009,23305.28
38099300,2010,28124.0
38099300,2011,22782.09
38099300,2012,20539.91
38099300,2013,18529.34
38099300,2014,18415.99
38099300,2015,23965.64
38099300,2016,26790.8
38099300,2017,28937.66
38099300,2018,27818.42
38099300,2019,29140.82
38099300,2020,22796.51
38099300,2021,17524.87
38099300,2022,13872.89
38101000,2008,57698.4
38101000,2009,33703.71
38101000,2010,44704.12
38101000,2011,45356.99
38101000,2012,33985.36
38101000,2013,26281.32
38101000,2014,27203.34
38101000,2015,39601.67
38101000,2016,34899.65
38101000,2017,37195.31
38101000,2018,25008.73
38101000,2019,24648.95
38101000,2020,24381.61
38101000,2021,40653.57
38101000,2022,21918.24
38109010,2008,19723.31
38109010,2009,11498.0
38109010,2010,15425.83
38109010,2011,21402.92
38109010,2012,20905.02
38109010,2013,21343.02
38109010,2014,17657.84
38109010,2015,17666.8
38109010,2016,14510.14
38109010,2017,19097.22
38109010,2018,16045.53
38109010,2019,18972.62
38109010,2020,13367.49
38109010,2021,17938.28
38109010,2022,14183.62
38109090,2008,55785.6
38109090,2009,23021.48
38109090,2010,13103.48
38109090,2011,21214.01
38109090,2012,23955.04
38109090,2013,14991.25
38109090,2014,28019.23
38109090,2015,16524.45
38109090,2016,53086.52
38109090,2017,26952.39
38109090,2018,43479.6
38109090,2019,46318.1
38109090,2020,36501.51
38109090,2021,42577.78
38109090,2022,39256.31
38111110,2008,7710.0
38111110,2009,2010.0
38111110,2010,1716.96
38111110,2011,1606.95
38111110,2012,436.26
38111110,2013,873.76
38111110,2014,1484.12
38111110,2015,1434.9
38111110,2016,896.98
38111110,2017,1354.04
38111110,2018,1203.21
38111110,2019,2184.01
38111110,2020,324.92
38111110,2021,2526.3
38111110,2022,2398.48
38111190,2008,2297.0
38111190,2009,1271.96
38111190,2010,2159.58
38111190,2011,2459.62
38111190,2012,1697.33
38111190,2013,873.37
38111190,2014,1388.35
38111190,2015,1050.55
38111190,2016,3026.47
38111190,2017,5205.62
38111190,2018,2656.53
38111190,2019,1131.79
38111190,2020,1836.65
38111190,2021,793.98
38111190,2022,1117.23
38111900,2008,17819.46
38111900,2009,12634.16
38111900,2010,9178.8
38111900,2011,8418.85
38111900,2012,5339.31
38111900,2013,6198.9
38111900,2014,9543.85
38111900,2015,11215.92
38111900,2016,17496.61
38111900,2017,48894.53
38111900,2018,49027.83
38111900,2019,27600.64
38111900,2020,17984.44
38111900,2021,25716.63
38111900,2022,275431.5
38112100,2008,1566596.78
38112100,2009,1191268.01
38112100,2010,1347655.3
38112100,2011,1524107.17
38112100,2012,1287624.63
38112100,2013,1285762.21
38112100,2014,1536798.81
38112100,2015,1487686.94
38112100,2016,1714786.56
38112100,2017,1690223.51
38112100,2018,1906127.71
38112100,2019,1751980.21
38112100,2020,2221969.94
38112100,2021,1794585.69
38112100,2022,1830309.03
38112900,2008,314364.1
38112900,2009,243888.32
38112900,2010,324146.27
38112900,2011,365567.62
38112900,2012,371272.94
38112900,2013,365849.59
38112900,2014,383502.14
38112900,2015,395932.89
38112900,2016,408324.69
38112900,2017,418364.13
38112900,2018,561287.25
38112900,2019,481811.52
38112900,2020,421441.26
38112900,2021,386485.49
38112900,2022,415220.79
38119000,2008,635046.74
38119000,2009,618638.85
38119000,2010,699936.65
38119000,2011,658408.96
38119000,2012,658974.38
38119000,2013,413783.23
38119000,2014,450848.43
38119000,2015,803407.72
38119000,2016,399262.36
38119000,2017,406296.52
38119000,2018,447770.1
38119000,2019,556119.5
38119000,2020,357073.57
38119000,2021,253821.84
38119000,2022,404010.05
38121000,2008,71905.3
38121000,2009,62102.69
38121000,2010,97268.22
38121000,2011,93318.6
38121000,2012,98271.15
38121000,2013,106819.1
38121000,2014,128328.53
38121000,2015,127940.75
38121000,2016,140929.08
38121000,2017,142940.92
38121000,2018,151638.86
38121000,2019,165152.79
38121000,2020,143183.75
38121000,2021,157495.71
38121000,2022,150260.97
38122010,2008,4273.0
38122010,2009,2227.0
38122010,2010,1447.79
38122010,2011,1630.07
38122010,2012,2324.04
38122010,2013,1078.0
38122010,2014,2046.54
38122010,2015,18447.03
38122010,2016,18419.33
38122010,2017,18903.23
38122010,2018,26797.03
38122010,2019,26564.13
38122010,2020,18080.12
38122010,2021,15132.55
38122010,2022,14331.02
38122090,2008,164242.5
38122090,2009,51001.42
38122090,2010,72118.1
38122090,2011,96677.19
38122090,2012,91754.07
38122090,2013,116474.46
38122090,2014,130748.41
38122090,2015,149225.02
38122090,2016,132844.31
38122090,2017,176314.6
38122090,2018,209115.25
38122090,2019,178494.41
38122090,2020,172132.06
38122090,2021,165732.04
38122090,2022,177115.94
38123100,2008,
38123100,2009,
38123100,2010,
38123100,2011,
38123100,2012,
38123100,2013,
38123100,2014,
38123100,2015,
38123100,2016,
38123100,2017,51906.56
38123100,2018,70136.11
38123100,2019,70375.12
38123100,2020,61451.93
38123100,2021,62597.78
38123100,2022,56419.45
38123910,2008,
38123910,2009,
38123910,2010,
38123910,2011,
38123910,2012,
38123910,2013,
38123910,2014,
38123910,2015,
38123910,2016,
38123910,2017,173936.95
38123910,2018,179950.71
38123910,2019,167707.63
38123910,2020,172042.72
38123910,2021,199388.96
38123910,2022,183470.37
38123990,2008,
38123990,2009,
38123990,2010,
38123990,2011,
38123990,2012,
38123990,2013,
38123990,2014,
38123990,2015,
38123990,2016,
38123990,2017,280118.82
38123990,2018,309083.33
38123990,2019,281817.08
38123990,2020,264972.67
38123990,2021,289451.34
38123990,2022,280686.45
38130000,2008,103686.69
38130000,2009,109546.86
38130000,2010,88914.52
38130000,2011,108226.22
38130000,2012,107812.06
38130000,2013,85348.21
38130000,2014,54800.65
38130000,2015,45639.78
38130000,2016,58694.78
38130000,2017,52002.44
38130000,2018,59412.06
38130000,2019,61867.44
38130000,2020,50728.63
38130000,2021,36001.4
38130000,2022,44334.81
38140010,2008,5636.89
38140010,2009,4246.75
38140010,2010,3738.35
38140010,2011,4697.4
38140010,2012,6803.35
38140010,2013,10130.17
38140010,2014,9493.97
38140010,2015,13569.4
38140010,2016,15541.68
38140010,2017,18378.03
38140010,2018,40966.0
38140010,2019,7406.49
38140010,2020,7250.65
38140010,2021,19561.26
38140010,2022,18559.68
38140090,2008,633978.4
38140090,2009,617862.15
38140090,2010,617562.27
38140090,2011,652887.72
38140090,2012,528044.82
38140090,2013,548818.01
38140090,2014,548282.07
38140090,2015,520723.18
38140090,2016,478522.35
38140090,2017,509313.63
38140090,2018,522196.06
38140090,2019,699274.73
38140090,2020,636344.34
38140090,2021,456620.63
38140090,2022,480672.56
38160090,2008,
38160090,2009,
38160090,2010,
38160090,2011,
38160090,2012,
38160090,2013,
38160090,2014,
38160090,2015,
38160090,2016,
38160090,2017,
38160090,2018,
38160090,2019,
38160090,2020,
38160090,2021,
38160090,2022,1065028.14
38170050,2008,491713.38
38170050,2009,544738.0
38170050,2010,453716.4
38170050,2011,426438.06
38170050,2012,410334.18
38170050,2013,653395.35
38170050,2014,636033.7
38170050,2015,669759.74
38170050,2016,787052.37
38170050,2017,643548.78
38170050,2018,900313.73
38170050,2019,447374.44
38170050,2020,392870.26
38170050,2021,955958.62
38170050,2022,635432.24
38170080,2008,136530.07
38170080,2009,165195.0
38170080,2010,214992.47
38170080,2011,211254.37
38170080,2012,197049.86
38170080,2013,164173.22
38170080,2014,194945.67
38170080,2015,193724.03
38170080,2016,168468.32
38170080,2017,197476.6
38170080,2018,233903.2
38170080,2019,167853.27
38170080,2020,136188.55
38170080,2021,139575.75
38170080,2022,150422.33
38180010,2008,36515.0
38180010,2009,37948.0
38180010,2010,50477.16
38180010,2011,37781.09
38180010,2012,23484.44
38180010,2013,20105.44
38180010,2014,25959.11
38180010,2015,22842.76
38180010,2016,30554.15
38180010,2017,30936.92
38180010,2018,26064.24
38180010,2019,26452.42
38180010,2020,23068.77
38180010,2021,31938.11
38180010,2022,38090.9
38180090,2008,9886.68
38180090,2009,7227.0
38180090,2010,10130.84
38180090,2011,6225.65
38180090,2012,5372.08
38180090,2013,3153.93
38180090,2014,3979.22
38180090,2015,5331.04
38180090,2016,7195.19
38180090,2017,4384.74
38180090,2018,4106.22
38180090,2019,4092.19
38180090,2020,3850.4
38180090,2021,4583.79
38180090,2022,4368.72
38190000,2008,170079.82
38190000,2009,164213.93
38190000,2010,163459.1
38190000,2011,178209.04
38190000,2012,208268.96
38190000,2013,245311.54
38190000,2014,246303.59
38190000,2015,262085.4
38190000,2016,255252.27
38190000,2017,559929.17
38190000,2018,699504.97
38190000,2019,267845.25
38190000,2020,241177.31
38190000,2021,269997.9
38190000,2022,254694.9
38200000,2008,1202333.22
38200000,2009,1271109.9
38200000,2010,1546734.15
38200000,2011,1375750.2
38200000,2012,1103346.53
38200000,2013,1336492.01
38200000,2014,607948.8
38200000,2015,676067.95
38200000,2016,686946.5
38200000,2017,757468.88
38200000,2018,650176.63
38200000,2019,341149.44
38200000,2020,240601.77
38200000,2021,177479.67
38200000,2022,180833.96
38210000,2008,59435.24
38210000,2009,90612.44
38210000,2010,67243.0
38210000,2011,89049.8
38210000,2012,87626.17
38210000,2013,87842.28
38210000,2014,89458.55
38210000,2015,95140.74
38210000,2016,95810.03
38210000,2017,103511.34
38210000,2018,106722.38
38210000,2019,99788.48
38210000,2020,113784.9
38210000,2021,132899.45
38210000,2022,122158.18
38231100,2008,565390.0
38231100,2009,592157.0
38231100,2010,547952.09
38231100,2011,350917.15
38231100,2012,753775.89
38231100,2013,796562.02
38231100,2014,759656.7
38231100,2015,726250.29
38231100,2016,690204.2
38231100,2017,847162.29
38231100,2018,841642.71
38231100,2019,920225.93
38231100,2020,916151.22
38231100,2021,1003393.97
38231100,2022,913070.73
38231200,2008,200919.0
38231200,2009,199026.0
38231200,2010,218554.09
38231200,2011,179339.89
38231200,2012,301444.01
38231200,2013,369704.61
38231200,2014,258307.88
38231200,2015,275579.01
38231200,2016,293369.51
38231200,2017,493444.48
38231200,2018,614696.49
38231200,2019,616536.49
38231200,2020,641427.66
38231200,2021,607847.09
38231200,2022,508570.07
38231300,2008,75124.0
38231300,2009,69562.01
38231300,2010,69878.07
38231300,2011,89359.06
38231300,2012,97187.83
38231300,2013,70484.92
38231300,2014,102568.02
38231300,2015,153873.36
38231300,2016,126303.05
38231300,2017,214754.36
38231300,2018,201562.55
38231300,2019,212976.83
38231300,2020,105018.56
38231300,2021,99927.43
38231300,2022,47190.34
38231910,2008,1108561.0
38231910,2009,1538683.7
38231910,2010,1125362.13
38231910,2011,1451876.08
38231910,2012,1878256.55
38231910,2013,1774053.75
38231910,2014,1442032.98
38231910,2015,1437543.9
38231910,2016,1972668.43
38231910,2017,2677027.81
38231910,2018,1853565.6
38231910,2019,1862899.17
38231910,2020,2011760.63
38231910,2021,2029133.78
38231910,2022,1747424.71
38231930,2008,2435282.0
38231930,2009,2291805.0
38231930,2010,1925857.28
38231930,2011,2795378.08
38231930,2012,2446419.56
38231930,2013,4255075.58
38231930,2014,7029949.47
38231930,2015,5651279.82
38231930,2016,4738953.18
38231930,2017,7794490.43
38231930,2018,8184077.67
38231930,2019,9567214.15
38231930,2020,8467775.49
38231930,2021,12319140.8
38231930,2022,12696824.86
38231990,2008,2722262.01
38231990,2009,3078108.03
38231990,2010,3520715.42
38231990,2011,4197486.08
38231990,2012,4098347.75
38231990,2013,4494113.25
38231990,2014,3087045.12
38231990,2015,2463615.91
38231990,2016,2613812.48
38231990,2017,3046462.61
38231990,2018,3500893.58
38231990,2019,4278245.28
38231990,2020,4068971.71
38231990,2021,5744803.39
38231990,2022,6116030.9
38237000,2008,2133648.0
38237000,2009,2243531.0
38237000,2010,2519993.46
38237000,2011,2165534.05
38237000,2012,2385212.71
38237000,2013,3064409.89
38237000,2014,2393393.67
38237000,2015,2201285.53
38237000,2016,2279329.64
38237000,2017,2323278.44
38237000,2018,2387257.81
38237000,2019,2450837.47
38237000,2020,2506154.9
38237000,2021,2284487.69
38237000,2022,2615014.22
38241000,2008,108455.76
38241000,2009,67585.15
38241000,2010,72400.9
38241000,2011,80266.66
38241000,2012,99002.02
38241000,2013,85162.13
38241000,2014,95777.17
38241000,2015,67861.36
38241000,2016,74625.44
38241000,2017,82904.05
38241000,2018,84929.05
38241000,2019,81667.1
38241000,2020,68205.66
38241000,2021,127411.03
38241000,2022,154810.97
38243000,2008,22611.0
38243000,2009,13072.0
38243000,2010,16358.65
38243000,2011,28367.06
38243000,2012,19197.2
38243000,2013,19110.04
38243000,2014,22752.09
38243000,2015,18494.76
38243000,2016,16367.75
38243000,2017,21491.91
38243000,2018,18308.33
38243000,2019,21225.89
38243000,2020,20660.55
38243000,2021,21647.86
38243000,2022,23635.71
38244000,2008,540983.43
38244000,2009,347879.77
38244000,2010,418998.28
38244000,2011,347111.64
38244000,2012,420429.19
38244000,2013,442253.14
38244000,2014,706264.9
38244000,2015,647372.87
38244000,2016,779451.28
38244000,2017,847987.73
38244000,2018,866241.42
38244000,2019,940635.16
38244000,2020,1045986.5
38244000,2021,1004991.47
38244000,2022,1060535.37
38245010,2008,3485192.0
38245010,2009,966137.0
38245010,2010,602191.81
38245010,2011,539058.14
38245010,2012,1057519.16
38245010,2013,1116550.22
38245010,2014,493540.53
38245010,2015,419838.83
38245010,2016,521577.48
38245010,2017,569816.14
38245010,2018,380302.31
38245010,2019,374837.25
38245010,2020,211783.72
38245010,2021,420650.23
38245010,2022,690398.9
38245090,2008,592984.0
38245090,2009,452216.48
38245090,2010,469918.62
38245090,2011,430569.29
38245090,2012,392166.07
38245090,2013,318983.92
38245090,2014,379882.18
38245090,2015,414059.33
38245090,2016,479652.84
38245090,2017,652819.15
38245090,2018,875126.9
38245090,2019,772270.58
38245090,2020,768337.45
38245090,2021,888493.49
38245090,2022,900988.2
38246011,2008,1946.0
38246011,2009,330.0
38246011,2010,1934.92
38246011,2011,810.7
38246011,2012,342.97
38246011,2013,764.29
38246011,2014,957.59
38246011,2015,693.53
38246011,2016,1201.13
38246011,2017,2136.9
38246011,2018,2781.53
38246011,2019,4104.98
38246011,2020,8027.25
38246011,2021,3020.72
38246011,2022,1033.74
38246019,2008,3398.0
38246019,2009,2824.0
38246019,2010,2179.92
38246019,2011,1232.04
38246019,2012,1797.88
38246019,2013,1780.42
38246019,2014,1985.95
38246019,2015,1092.89
38246019,2016,4477.59
38246019,2017,15297.1
38246019,2018,11205.76
38246019,2019,2494.54
38246019,2020,2725.3
38246019,2021,2059.74
38246019,2022,6277.11
38246091,2008,30.0
38246091,2009,63.0
38246091,2010,
38246091,2011,
38246091,2012,
38246091,2013,144.0
38246091,2014,144.0
38246091,2015,
38246091,2016,0.0
38246091,2017,5.22
38246091,2018,0.04
38246091,2019,
38246091,2020,150.14
38246091,2021,9.71
38246091,2022,1.51
38246099,2008,1032.47
38246099,2009,643.16
38246099,2010,84.39
38246099,2011,57.06
38246099,2012,394.2
38246099,2013,165.33
38246099,2014,229.78
38246099,2015,73.95
38246099,2016,74.81
38246099,2017,583.59
38246099,2018,472.04
38246099,2019,712.5
38246099,2020,439.83
38246099,2021,206.12
38246099,2022,232.13
38248100,2008,18870.0
38248100,2009,6689.0
38248100,2010,3001.67
38248100,2011,4627.3
38248100,2012,6483.5
38248100,2013,1406.99
38248100,2014,711.75
38248100,2015,1275.86
38248100,2016,269.27
38248100,2017,302.1
38248100,2018,303.54
38248100,2019,444.9
38248100,2020,1049.18
38248100,2021,988.62
38248100,2022,5725.3
38248200,2008,276.0
38248200,2009,1447.0
38248200,2010,113.63
38248200,2011,406.65
38248200,2012,34.54
38248200,2013,2253.08
38248200,2014,1347.95
38248200,2015,1136.35
38248200,2016,2882.06
38248200,2017,1255.98
38248200,2018,1649.84
38248200,2019,27.77
38248200,2020,14.0
38248200,2021,4.16
38248200,2022,27.69
38248300,2008,3101.0
38248300,2009,4409.0
38248300,2010,3238.63
38248300,2011,1533.78
38248300,2012,199.53
38248300,2013,113.03
38248300,2014,87.75
38248300,2015,862.09
38248300,2016,3718.03
38248300,2017,755.84
38248300,2018,1432.06
38248300,2019,0.06
38248300,2020,0.01
38248300,2021,0.08
38248300,2022,0.17
38249930,2008,
38249930,2009,
38249930,2010,
38249930,2011,
38249930,2012,
38249930,2013,
38249930,2014,
38249930,2015,
38249930,2016,
38249930,2017,24611.46
38249930,2018,17192.29
38249930,2019,16848.87
38249930,2020,20742.39
38249930,2021,27837.17
38249930,2022,37961.2
38249945,2008,
38249945,2009,
38249945,2010,
38249945,2011,
38249945,2012,
38249945,2013,
38249945,2014,
38249945,2015,
38249945,2016,
38249945,2017,55741.22
38249945,2018,60992.22
38249945,2019,46600.3
38249945,2020,38342.09
38249945,2021,41944.23
38249945,2022,32833.91
38249950,2008,
38249950,2009,
38249950,2010,
38249950,2011,
38249950,2012,
38249950,2013,
38249950,2014,
38249950,2015,
38249950,2016,
38249950,2017,103824.72
38249950,2018,112340.71
38249950,2019,124010.2
38249950,2020,117004.92
38249950,2021,83897.53
38249950,2022,85996.16
38249955,2008,
38249955,2009,
38249955,2010,
38249955,2011,
38249955,2012,
38249955,2013,
38249955,2014,
38249955,2015,
38249955,2016,
38249955,2017,95840.56
38249955,2018,98634.41
38249955,2019,82162.8
38249955,2020,71688.8
38249955,2021,85889.79
38249955,2022,70333.69
38249961,2008,
38249961,2009,
38249961,2010,
38249961,2011,
38249961,2012,
38249961,2013,
38249961,2014,
38249961,2015,
38249961,2016,
38249961,2017,5.12
38249961,2018,81.71
38249961,2019,254.51
38249961,2020,1788.68
38249961,2021,15.23
38249961,2022,118.49
38249962,2008,
38249962,2009,
38249962,2010,
38249962,2011,
38249962,2012,
38249962,2013,
38249962,2014,
38249962,2015,
38249962,2016,
38249962,2017,3.62
38249962,2018,7.7
38249962,2019,29.32
38249962,2020,56.33
38249962,2021,5.74
38249962,2022,10.02
38249964,2008,
38249964,2009,
38249964,2010,
38249964,2011,
38249964,2012,
38249964,2013,
38249964,2014,
38249964,2015,
38249964,2016,
38249964,2017,34427.94
38249964,2018,32036.03
38249964,2019,34438.37
38249964,2020,26871.6
38249964,2021,32074.13
38249964,2022,30587.5
38249965,2008,
38249965,2009,
38249965,2010,
38249965,2011,
38249965,2012,
38249965,2013,
38249965,2014,
38249965,2015,
38249965,2016,
38249965,2017,111190.44
38249965,2018,134570.76
38249965,2019,120657.61
38249965,2020,80931.63
38249965,2021,81689.22
38249965,2022,87327.89
38249970,2008,
38249970,2009,
38249970,2010,
38249970,2011,
38249970,2012,
38249970,2013,
38249970,2014,
38249970,2015,
38249970,2016,
38249970,2017,53687.68
38249970,2018,62674.45
38249970,2019,45353.34
38249970,2020,66143.1
38249970,2021,52954.78
38249970,2022,55979.01
38271100,2008,
38271100,2009,
38271100,2010,
38271100,2011,
38271100,2012,
38271100,2013,
38271100,2014,
38271100,2015,
38271100,2016,
38271100,2017,
38271100,2018,
38271100,2019,
38271100,2020,
38271100,2021,
38271100,2022,834.32
38271200,2008,
38271200,2009,
38271200,2010,
38271200,2011,
38271200,2012,
38271200,2013,
38271200,2014,
38271200,2015,
38271200,2016,
38271200,2017,
38271200,2018,
38271200,2019,
38271200,2020,
38271200,2021,
38271200,2022,
38271300,2008,
38271300,2009,
38271300,2010,
38271300,2011,
38271300,2012,
38271300,2013,
38271300,2014,
38271300,2015,
38271300,2016,
38271300,2017,
38271300,2018,
38271300,2019,
38271300,2020,
38271300,2021,
38271300,2022,0.18
38271400,2008,
38271400,2009,
38271400,2010,
38271400,2011,
38271400,2012,
38271400,2013,
38271400,2014,
38271400,2015,
38271400,2016,
38271400,2017,
38271400,2018,
38271400,2019,
38271400,2020,
38271400,2021,
38271400,2022,0.41
38272000,2008,
38272000,2009,
38272000,2010,
38272000,2011,
38272000,2012,
38272000,2013,
38272000,2014,
38272000,2015,
38272000,2016,
38272000,2017,
38272000,2018,
38272000,2019,
38272000,2020,
38272000,2021,
38272000,2022,194.39
38273100,2008,
38273100,2009,
38273100,2010,
38273100,2011,
38273100,2012,
38273100,2013,
38273100,2014,
38273100,2015,
38273100,2016,
38273100,2017,
38273100,2018,
38273100,2019,
38273100,2020,
38273100,2021,
38273100,2022,15.97
38273200,2008,
38273200,2009,
38273200,2010,
38273200,2011,
38273200,2012,
38273200,2013,
38273200,2014,
38273200,2015,
38273200,2016,
38273200,2017,
38273200,2018,
38273200,2019,
38273200,2020,
38273200,2021,
38273200,2022,0.4
38273900,2008,
38273900,2009,
38273900,2010,
38273900,2011,
38273900,2012,
38273900,2013,
38273900,2014,
38273900,2015,
38273900,2016,
38273900,2017,
38273900,2018,
38273900,2019,
38273900,2020,
38273900,2021,
38273900,2022,
38274000,2008,
38274000,2009,
38274000,2010,
38274000,2011,
38274000,2012,
38274000,2013,
38274000,2014,
38274000,2015,
38274000,2016,
38274000,2017,
38274000,2018,
38274000,2019,
38274000,2020,
38274000,2021,
38274000,2022,1.27
38275100,2008,
38275100,2009,
38275100,2010,
38275100,2011,
38275100,2012,
38275100,2013,
38275100,2014,
38275100,2015,
38275100,2016,
38275100,2017,
38275100,2018,
38275100,2019,
38275100,2020,
38275100,2021,
38275100,2022,25.01
38275900,2008,
38275900,2009,
38275900,2010,
38275900,2011,
38275900,2012,
38275900,2013,
38275900,2014,
38275900,2015,
38275900,2016,
38275900,2017,
38275900,2018,
38275900,2019,
38275900,2020,
38275900,2021,
38275900,2022,366.91
38276100,2008,
38276100,2009,
38276100,2010,
38276100,2011,
38276100,2012,
38276100,2013,
38276100,2014,
38276100,2015,
38276100,2016,
38276100,2017,
38276100,2018,
38276100,2019,
38276100,2020,
38276100,2021,
38276100,2022,7655.51
38276200,2008,
38276200,2009,
38276200,2010,
38276200,2011,
38276200,2012,
38276200,2013,
38276200,2014,
38276200,2015,
38276200,2016,
38276200,2017,
38276200,2018,
38276200,2019,
38276200,2020,
38276200,2021,
38276200,2022,1792.77
38276300,2008,
38276300,2009,
38276300,2010,
38276300,2011,
38276300,2012,
38276300,2013,
38276300,2014,
38276300,2015,
38276300,2016,
38276300,2017,
38276300,2018,
38276300,2019,
38276300,2020,
38276300,2021,
38276300,2022,40905.91
38276400,2008,
38276400,2009,
38276400,2010,
38276400,2011,
38276400,2012,
38276400,2013,
38276400,2014,
38276400,2015,
38276400,2016,
38276400,2017,
38276400,2018,
38276400,2019,
38276400,2020,
38276400,2021,
38276400,2022,8615.64
38276500,2008,
38276500,2009,
38276500,2010,
38276500,2011,
38276500,2012,
38276500,2013,
38276500,2014,
38276500,2015,
38276500,2016,
38276500,2017,
38276500,2018,
38276500,2019,
38276500,2020,
38276500,2021,
38276500,2022,4199.35
38276800,2008,
38276800,2009,
38276800,2010,
38276800,2011,
38276800,2012,
38276800,2013,
38276800,2014,
38276800,2015,
38276800,2016,
38276800,2017,
38276800,2018,
38276800,2019,
38276800,2020,
38276800,2021,
38276800,2022,677.56
38276900,2008,
38276900,2009,
38276900,2010,
38276900,2011,
38276900,2012,
38276900,2013,
38276900,2014,
38276900,2015,
38276900,2016,
38276900,2017,
38276900,2018,
38276900,2019,
38276900,2020,
38276900,2021,
38276900,2022,733.37
38279000,2008,
38279000,2009,
38279000,2010,
38279000,2011,
38279000,2012,
38279000,2013,
38279000,2014,
38279000,2015,
38279000,2016,
38279000,2017,
38279000,2018,
38279000,2019,
38279000,2020,
38279000,2021,
38279000,2022,24157.95
39011010,2008,9781216.17
39011010,2009,6726595.51
39011010,2010,7650373.39
39011010,2011,9472380.62
39011010,2012,10006114.61
39011010,2013,11466594.31
39011010,2014,8989246.96
39011010,2015,10261731.32
39011010,2016,13281078.34
39011010,2017,11184402.89
39011010,2018,9841489.07
39011010,2019,7914113.25
39011010,2020,6806213.38
39011010,2021,7982648.06
39011010,2022,7702065.67
39011090,2008,3951728.51
39011090,2009,5079327.31
39011090,2010,8428531.14
39011090,2011,7662924.45
39011090,2012,8205599.64
39011090,2013,7928066.26
39011090,2014,6653812.93
39011090,2015,7908911.7
39011090,2016,8969711.63
39011090,2017,9686940.72
39011090,2018,8579420.32
39011090,2019,8465961.39
39011090,2020,7060442.74
39011090,2021,8027467.57
39011090,2022,9124913.38
39012010,2008,47855.75
39012010,2009,25453.75
39012010,2010,26927.43
39012010,2011,66231.03
39012010,2012,50727.58
39012010,2013,76570.48
39012010,2014,91665.91
39012010,2015,161088.2
39012010,2016,96239.51
39012010,2017,85290.83
39012010,2018,94600.39
39012010,2019,83823.53
39012010,2020,59810.99
39012010,2021,59260.57
39012010,2022,93175.03
39012090,2008,9132434.46
39012090,2009,9952571.46
39012090,2010,11095938.94
39012090,2011,11393277.81
39012090,2012,10653367.45
39012090,2013,13102967.51
39012090,2014,11783779.3
39012090,2015,13250695.67
39012090,2016,16425249.06
39012090,2017,15431339.79
39012090,2018,15900559.14
39012090,2019,19451448.64
39012090,2020,17980204.53
39012090,2021,17672922.79
39012090,2022,16408584.25
39013000,2008,451996.51
39013000,2009,406369.65
39013000,2010,684166.05
39013000,2011,464868.14
39013000,2012,378983.63
39013000,2013,513071.86
39013000,2014,557799.05
39013000,2015,748921.91
39013000,2016,954726.29
39013000,2017,1042921.16
39013000,2018,1171609.31
39013000,2019,1000035.65
39013000,2020,952586.54
39013000,2021,695131.21
39013000,2022,936821.73
39014000,2008,
39014000,2009,
39014000,2010,
39014000,2011,
39014000,2012,
39014000,2013,
39014000,2014,
39014000,2015,
39014000,2016,
39014000,2017,4387075.77
39014000,2018,6893273.62
39014000,2019,9147124.62
39014000,2020,10720475.92
39014000,2021,10789714.93
39014000,2022,10995459.08
39019030,2008,
39019030,2009,
39019030,2010,85389.8
39019030,2011,51932.02
39019030,2012,51836.9
39019030,2013,42525.16
39019030,2014,43982.67
39019030,2015,33837.17
39019030,2016,45167.76
39019030,2017,48163.16
39019030,2018,43019.51
39019030,2019,46654.16
39019030,2020,32994.56
39019030,2021,43802.03
39019030,2022,37325.39
39019080,2008,
39019080,2009,
39019080,2010,
39019080,2011,
39019080,2012,
39019080,2013,
39019080,2014,
39019080,2015,
39019080,2016,
39019080,2017,2057930.25
39019080,2018,1758271.74
39019080,2019,2002146.02
39019080,2020,1550769.88
39019080,2021,1402142.03
39019080,2022,2110598.96
39021000,2008,5706035.45
39021000,2009,4867110.3
39021000,2010,7181192.08
39021000,2011,8860094.8
39021000,2012,9681948.38
39021000,2013,9003292.32
39021000,2014,9089349.44
39021000,2015,10940917.11
39021000,2016,12932700.24
39021000,2017,13318058.09
39021000,2018,12894364.94
39021000,2019,13669772.29
39021000,2020,13423484.49
39021000,2021,17661545.89
39021000,2022,15038063.88
39022000,2008,297022.0
39022000,2009,233698.0
39022000,2010,399754.19
39022000,2011,330913.34
39022000,2012,360728.02
39022000,2013,461909.33
39022000,2014,480711.38
39022000,2015,613372.28
39022000,2016,535534.08
39022000,2017,623162.03
39022000,2018,759335.71
39022000,2019,819202.81
39022000,2020,646390.14
39022000,2021,719801.86
39022000,2022,658364.48
39023000,2008,821002.95
39023000,2009,861784.26
39023000,2010,1273527.1
39023000,2011,1948913.99
39023000,2012,2185479.34
39023000,2013,2286799.76
39023000,2014,2842577.78
39023000,2015,3028395.87
39023000,2016,3654917.6
39023000,2017,3952915.3
39023000,2018,4064040.96
39023000,2019,3969478.97
39023000,2020,3692029.02
39023000,2021,4306011.09
39023000,2022,4569191.06
39029010,2008,12192.0
39029010,2009,8252.0
39029010,2010,18221.41
39029010,2011,34260.22
39029010,2012,49761.6
39029010,2013,80588.21
39029010,2014,56708.1
39029010,2015,38795.15
39029010,2016,25942.79
39029010,2017,34417.87
39029010,2018,20256.05
39029010,2019,26100.52
39029010,2020,19830.59
39029010,2021,24180.88
39029010,2022,34564.3
39029020,2008,10799.35
39029020,2009,16443.0
39029020,2010,35222.01
39029020,2011,19682.68
39029020,2012,21874.03
39029020,2013,17622.23
39029020,2014,16170.16
39029020,2015,15305.58
39029020,2016,23895.06
39029020,2017,29704.45
39029020,2018,30639.69
39029020,2019,31460.32
39029020,2020,24179.91
39029020,2021,36048.32
39029020,2022,40958.6
39029090,2008,771688.16
39029090,2009,865314.93
39029090,2010,968114.02
39029090,2011,878945.69
39029090,2012,922822.98
39029090,2013,847225.09
39029090,2014,845132.4
39029090,2015,678825.14
39029090,2016,674352.94
39029090,2017,769768.1
39029090,2018,896062.17
39029090,2019,1013293.26
39029090,2020,828775.37
39029090,2021,784813.89
39029090,2022,797316.07
39031100,2008,948391.88
39031100,2009,706449.04
39031100,2010,584496.17
39031100,2011,723221.29
39031100,2012,694761.31
39031100,2013,395812.58
39031100,2014,501019.69
39031100,2015,513016.27
39031100,2016,407433.4
39031100,2017,451275.42
39031100,2018,836992.53
39031100,2019,1005864.85
39031100,2020,1124296.82
39031100,2021,1733648.32
39031100,2022,2105042.3
39031900,2008,1281146.14
39031900,2009,972116.49
39031900,2010,684585.03
39031900,2011,932039.43
39031900,2012,630394.82
39031900,2013,918074.45
39031900,2014,1657602.26
39031900,2015,1256737.96
39031900,2016,1582380.69
39031900,2017,1251561.47
39031900,2018,1139117.26
39031900,2019,1991877.14
39031900,2020,928727.31
39031900,2021,833917.49
39031900,2022,1088647.52
39032000,2008,134421.55
39032000,2009,157849.5
39032000,2010,186987.84
39032000,2011,150500.43
39032000,2012,230900.53
39032000,2013,318529.79
39032000,2014,342497.33
39032000,2015,371251.24
39032000,2016,339336.81
39032000,2017,298179.12
39032000,2018,393842.63
39032000,2019,403779.28
39032000,2020,362142.91
39032000,2021,446090.32
39032000,2022,416177.25
39033000,2008,2366752.47
39033000,2009,1718967.5
39033000,2010,1786903.54
39033000,2011,1624596.29
39033000,2012,1578362.66
39033000,2013,1574543.74
39033000,2014,1778365.11
39033000,2015,2068340.09
39033000,2016,2427550.04
39033000,2017,2452618.75
39033000,2018,2569246.02
39033000,2019,2379818.38
39033000,2020,1819094.31
39033000,2021,2254431.23
39033000,2022,2408741.46
39039010,2008,2472.0
39039010,2009,7006.0
39039010,2010,21575.16
39039010,2011,30112.81
39039010,2012,26606.78
39039010,2013,53886.6
39039010,2014,87623.83
39039010,2015,54124.65
39039010,2016,115816.7
39039010,2017,79701.6
39039010,2018,95030.56
39039010,2019,90147.81
39039010,2020,49757.18
39039010,2021,32495.35
39039010,2022,56156.11
39039020,2008,12524.0
39039020,2009,7152.0
39039020,2010,20404.24
39039020,2011,20918.6
39039020,2012,20445.12
39039020,2013,18192.22
39039020,2014,26905.92
39039020,2015,79699.92
39039020,2016,116890.69
39039020,2017,75740.84
39039020,2018,101111.91
39039020,2019,55589.32
39039020,2020,37061.26
39039020,2021,49528.49
39039020,2022,68465.17
39039090,2008,774412.43
39039090,2009,448907.1
39039090,2010,411312.0
39039090,2011,414142.72
39039090,2012,569822.09
39039090,2013,468711.39
39039090,2014,593269.02
39039090,2015,652228.1
39039090,2016,789011.17
39039090,2017,837895.49
39039090,2018,883508.44
39039090,2019,889681.78
39039090,2020,728592.54
39039090,2021,796347.8
39039090,2022,682094.24
39041000,2008,3254121.75
39041000,2009,3220961.2
39041000,2010,2968008.94
39041000,2011,3016042.06
39041000,2012,2297123.24
39041000,2013,2414118.25
39041000,2014,3205063.47
39041000,2015,3335368.13
39041000,2016,4662838.09
39041000,2017,4775621.6
39041000,2018,5880878.34
39041000,2019,5045237.59
39041000,2020,3737194.01
39041000,2021,4909732.35
39041000,2022,5372551.82
39042100,2008,391875.0
39042100,2009,268620.05
39042100,2010,260889.11
39042100,2011,280997.27
39042100,2012,286952.76
39042100,2013,249573.98
39042100,2014,311129.19
39042100,2015,312856.17
39042100,2016,286514.64
39042100,2017,301861.12
39042100,2018,310591.03
39042100,2019,285145.68
39042100,2020,285300.47
39042100,2021,603075.19
39042100,2022,576490.58
39042200,2008,432574.15
39042200,2009,434378.48
39042200,2010,548177.03
39042200,2011,585140.35
39042200,2012,580313.98
39042200,2013,562886.66
39042200,2014,575679.34
39042200,2015,553290.96
39042200,2016,557803.69
39042200,2017,449198.92
39042200,2018,499652.23
39042200,2019,474467.72
39042200,2020,417149.19
39042200,2021,482147.04
39042200,2022,510110.39
39043000,2008,35508.86
39043000,2009,30146.5
39043000,2010,26047.81
39043000,2011,21102.52
39043000,2012,15895.73
39043000,2013,15043.33
39043000,2014,14965.29
39043000,2015,14083.51
39043000,2016,11831.18
39043000,2017,12472.18
39043000,2018,17711.37
39043000,2019,24739.32
39043000,2020,43518.94
39043000,2021,21325.27
39043000,2022,70859.07
39044000,2008,32008.46
39044000,2009,27891.0
39044000,2010,18417.86
39044000,2011,20043.34
39044000,2012,28176.32
39044000,2013,26212.51
39044000,2014,24714.51
39044000,2015,26208.78
39044000,2016,25398.68
39044000,2017,28982.61
39044000,2018,29576.76
39044000,2019,25000.07
39044000,2020,16478.61
39044000,2021,17503.49
39044000,2022,12230.13
39045010,2008,237.0
39045010,2009,55.0
39045010,2010,158.5
39045010,2011,114.76
39045010,2012,379.12
39045010,2013,67.52
39045010,2014,357.21
39045010,2015,77.08
39045010,2016,40.86
39045010,2017,1360.79
39045010,2018,161.75
39045010,2019,0.06
39045010,2020,5.77
39045010,2021,0.57
39045010,2022,1.32
39045090,2008,53328.0
39045090,2009,20118.17
39045090,2010,39382.53
39045090,2011,35463.04
39045090,2012,30272.27
39045090,2013,37208.15
39045090,2014,39766.55
39045090,2015,39801.84
39045090,2016,32654.76
39045090,2017,38987.93
39045090,2018,43805.21
39045090,2019,40440.29
39045090,2020,21473.35
39045090,2021,19497.16
39045090,2022,29259.82
39046100,2008,157222.0
39046100,2009,84443.3
39046100,2010,142775.81
39046100,2011,197315.14
39046100,2012,178654.9
39046100,2013,181234.91
39046100,2014,196902.09
39046100,2015,173903.28
39046100,2016,197929.62
39046100,2017,217288.96
39046100,2018,270983.13
39046100,2019,205606.26
39046100,2020,191541.04
39046100,2021,253253.03
39046100,2022,276779.1
39046910,2008,2626.0
39046910,2009,1584.0
39046910,2010,5680.23
39046910,2011,8009.07
39046910,2012,5412.31
39046910,2013,6375.48
39046910,2014,6404.75
39046910,2015,6434.29
39046910,2016,7244.96
39046910,2017,11874.31
39046910,2018,16422.11
39046910,2019,11289.51
39046910,2020,8124.81
39046910,2021,11445.55
39046910,2022,5999.34
39046920,2008,
39046920,2009,
39046920,2010,
39046920,2011,26357.85
39046920,2012,29760.63
39046920,2013,35370.76
39046920,2014,40171.01
39046920,2015,41573.88
39046920,2016,44553.92
39046920,2017,55851.04
39046920,2018,59019.71
39046920,2019,52919.51
39046920,2020,46886.35
39046920,2021,75219.36
39046920,2022,79989.37
39046980,2008,
39046980,2009,
39046980,2010,
39046980,2011,79538.17
39046980,2012,82612.68
39046980,2013,67718.37
39046980,2014,76559.55
39046980,2015,75145.66
39046980,2016,80991.65
39046980,2017,97002.48
39046980,2018,113606.99
39046980,2019,91559.86
39046980,2020,77462.06
39046980,2021,101833.24
39046980,2022,121849.01
39049000,2008,21905.22
39049000,2009,13741.0
39049000,2010,11680.0
39049000,2011,14673.34
39049000,2012,14382.87
39049000,2013,22082.6
39049000,2014,17847.7
39049000,2015,21280.64
39049000,2016,26171.9
39049000,2017,25735.16
39049000,2018,47573.03
39049000,2019,43958.02
39049000,2020,36946.31
39049000,2021,54851.13
39049000,2022,57474.42
39051200,2008,197593.94
39051200,2009,96863.25
39051200,2010,75981.8
39051200,2011,65468.53
39051200,2012,68926.53
39051200,2013,70842.63
39051200,2014,57754.28
39051200,2015,40891.11
39051200,2016,41704.39
39051200,2017,60650.33
39051200,2018,57890.84
39051200,2019,48805.03
39051200,2020,44235.0
39051200,2021,61963.34
39051200,2022,49427.02
39051900,2008,123654.0
39051900,2009,95493.77
39051900,2010,95420.89
39051900,2011,125101.27
39051900,2012,71356.02
39051900,2013,80615.76
39051900,2014,70405.57
39051900,2015,59374.05
39051900,2016,52165.78
39051900,2017,61816.58
39051900,2018,44697.33
39051900,2019,44727.61
39051900,2020,37777.59
39051900,2021,36264.99
39051900,2022,39195.11
39052100,2008,54955.58
39052100,2009,42338.07
39052100,2010,44754.13
39052100,2011,58934.94
39052100,2012,65559.15
39052100,2013,107904.94
39052100,2014,121907.45
39052100,2015,140025.47
39052100,2016,149953.12
39052100,2017,127643.88
39052100,2018,151283.69
39052100,2019,124955.83
39052100,2020,149487.48
39052100,2021,129394.93
39052100,2022,99500.66
39052900,2008,339724.93
39052900,2009,269292.0
39052900,2010,277997.99
39052900,2011,304727.68
39052900,2012,275523.5
39052900,2013,295642.11
39052900,2014,312612.01
39052900,2015,275047.24
39052900,2016,316741.36
39052900,2017,347712.16
39052900,2018,383964.28
39052900,2019,421366.29
39052900,2020,448485.07
39052900,2021,496920.16
39052900,2022,468235.85
39053000,2008,999883.01
39053000,2009,748646.18
39053000,2010,970484.08
39053000,2011,1171782.12
39053000,2012,1143922.97
39053000,2013,1075255.85
39053000,2014,1192942.15
39053000,2015,1182477.33
39053000,2016,1107600.41
39053000,2017,1089891.97
39053000,2018,1239498.54
39053000,2019,1290718.34
39053000,2020,1024876.52
39053000,2021,1219046.79
39053000,2022,1269915.88
39059100,2008,151867.34
39059100,2009,127120.73
39059100,2010,146306.47
39059100,2011,166824.73
39059100,2012,158824.45
39059100,2013,190284.87
39059100,2014,233449.7
39059100,2015,269695.97
39059100,2016,282201.14
39059100,2017,286464.75
39059100,2018,275318.11
39059100,2019,326313.47
39059100,2020,313657.6
39059100,2021,306759.17
39059100,2022,381358.92
39059910,2008,4516.0
39059910,2009,2981.0
39059910,2010,4193.76
39059910,2011,2023.57
39059910,2012,2769.8
39059910,2013,2774.16
39059910,2014,1914.88
39059910,2015,2374.97
39059910,2016,4608.61
39059910,2017,4767.06
39059910,2018,4142.0
39059910,2019,3390.47
39059910,2020,3278.51
39059910,2021,2203.76
39059910,2022,580.58
39059990,2008,248751.94
39059990,2009,212194.97
39059990,2010,264547.32
39059990,2011,371237.31
39059990,2012,325541.13
39059990,2013,368357.07
39059990,2014,345954.0
39059990,2015,383537.11
39059990,2016,335422.13
39059990,2017,258648.23
39059990,2018,305426.65
39059990,2019,337608.47
39059990,2020,219555.13
39059990,2021,234212.77
39059990,2022,255903.85
39061000,2008,200749.27
39061000,2009,152984.33
39061000,2010,212895.31
39061000,2011,282785.87
39061000,2012,239525.85
39061000,2013,252313.59
39061000,2014,315020.84
39061000,2015,259721.24
39061000,2016,384531.75
39061000,2017,379576.46
39061000,2018,369052.27
39061000,2019,377409.27
39061000,2020,513467.68
39061000,2021,503267.59
39061000,2022,545239.82
39069010,2008,28104.52
39069010,2009,9038.46
39069010,2010,9160.29
39069010,2011,8785.85
39069010,2012,9205.0
39069010,2013,7053.97
39069010,2014,7805.96
39069010,2015,8091.91
39069010,2016,13300.87
39069010,2017,25903.56
39069010,2018,24715.46
39069010,2019,25448.63
39069010,2020,22459.79
39069010,2021,15824.31
39069010,2022,26129.66
39069020,2008,11913.0
39069020,2009,8794.4
39069020,2010,12881.71
39069020,2011,9636.59
39069020,2012,8397.05
39069020,2013,11973.94
39069020,2014,8271.63
39069020,2015,8470.74
39069020,2016,6336.76
39069020,2017,9925.09
39069020,2018,12750.95
39069020,2019,8592.47
39069020,2020,9121.88
39069020,2021,8068.68
39069020,2022,19299.95
39069030,2008,805.0
39069030,2009,1077.0
39069030,2010,352.28
39069030,2011,292.81
39069030,2012,621.42
39069030,2013,52.81
39069030,2014,69.96
39069030,2015,22.09
39069030,2016,14.33
39069030,2017,15.58
39069030,2018,58.32
39069030,2019,45.11
39069030,2020,681.26
39069030,2021,416.69
39069030,2022,630.5
39069040,2008,5344.0
39069040,2009,9442.0
39069040,2010,12335.77
39069040,2011,12999.79
39069040,2012,12200.07
39069040,2013,12368.48
39069040,2014,13005.45
39069040,2015,13057.66
39069040,2016,9491.22
39069040,2017,18316.96
39069040,2018,11749.45
39069040,2019,8806.52
39069040,2020,709.7
39069040,2021,92.89
39069040,2022,4917.3
39069050,2008,2851.0
39069050,2009,3546.23
39069050,2010,6020.05
39069050,2011,5541.62
39069050,2012,6865.67
39069050,2013,8032.08
39069050,2014,7371.14
39069050,2015,6215.45
39069050,2016,4222.76
39069050,2017,7726.94
39069050,2018,8380.99
39069050,2019,2349.44
39069050,2020,6730.03
39069050,2021,4475.05
39069050,2022,2812.35
39069060,2008,118284.0
39069060,2009,67530.1
39069060,2010,95185.13
39069060,2011,104086.57
39069060,2012,79056.88
39069060,2013,84575.65
39069060,2014,102844.5
39069060,2015,103697.61
39069060,2016,105174.08
39069060,2017,127052.77
39069060,2018,117952.58
39069060,2019,107658.96
39069060,2020,80868.52
39069060,2021,115332.18
39069060,2022,84810.25
39069090,2008,3114869.3
39069090,2009,2593564.32
39069090,2010,2938775.65
39069090,2011,2818300.41
39069090,2012,2731280.46
39069090,2013,2784956.23
39069090,2014,3072917.91
39069090,2015,3177268.94
39069090,2016,3621059.2
39069090,2017,3937756.29
39069090,2018,3898165.94
39069090,2019,4113641.31
39069090,2020,4618776.23
39069090,2021,4801677.19
39069090,2022,4575859.17
39071000,2008,489078.02
39071000,2009,298952.0
39071000,2010,574912.62
39071000,2011,786631.78
39071000,2012,587890.52
39071000,2013,545783.37
39071000,2014,589905.61
39071000,2015,601611.96
39071000,2016,661892.71
39071000,2017,700919.32
39071000,2018,876955.17
39071000,2019,958902.68
39071000,2020,869983.27
39071000,2021,1126733.67
39071000,2022,1363525.32
39072100,2008,
39072100,2009,
39072100,2010,
39072100,2011,
39072100,2012,
39072100,2013,
39072100,2014,
39072100,2015,
39072100,2016,
39072100,2017,
39072100,2018,
39072100,2019,
39072100,2020,
39072100,2021,
39072100,2022,36132.89
39072911,2008,
39072911,2009,
39072911,2010,
39072911,2011,
39072911,2012,
39072911,2013,
39072911,2014,
39072911,2015,
39072911,2016,
39072911,2017,
39072911,2018,
39072911,2019,
39072911,2020,
39072911,2021,
39072911,2022,648881.29
39072920,2008,
39072920,2009,
39072920,2010,
39072920,2011,
39072920,2012,
39072920,2013,
39072920,2014,
39072920,2015,
39072920,2016,
39072920,2017,
39072920,2018,
39072920,2019,
39072920,2020,
39072920,2021,
39072920,2022,1914630.73
39072991,2008,
39072991,2009,
39072991,2010,
39072991,2011,
39072991,2012,
39072991,2013,
39072991,2014,
39072991,2015,
39072991,2016,
39072991,2017,
39072991,2018,
39072991,2019,
39072991,2020,
39072991,2021,
39072991,2022,11808.13
39072999,2008,
39072999,2009,
39072999,2010,
39072999,2011,
39072999,2012,
39072999,2013,
39072999,2014,
39072999,2015,
39072999,2016,
39072999,2017,
39072999,2018,
39072999,2019,
39072999,2020,
39072999,2021,
39072999,2022,724361.77
39073000,2008,1382359.07
39073000,2009,964147.34
39073000,2010,1253319.2
39073000,2011,1240538.38
39073000,2012,1240938.35
39073000,2013,1398067.55
39073000,2014,1513644.69
39073000,2015,1541293.13
39073000,2016,1646633.33
39073000,2017,1698645.17
39073000,2018,1606526.88
39073000,2019,1493238.71
39073000,2020,1244161.99
39073000,2021,1513828.17
39073000,2022,1549871.13
39074000,2008,1085424.68
39074000,2009,654966.81
39074000,2010,952715.18
39074000,2011,818011.9
39074000,2012,1007246.19
39074000,2013,851015.14
39074000,2014,838307.03
39074000,2015,919026.24
39074000,2016,919058.89
39074000,2017,834869.56
39074000,2018,858705.05
39074000,2019,913079.66
39074000,2020,1022152.3
39074000,2021,1420718.8
39074000,2022,1441526.37
39075000,2008,113757.4
39075000,2009,106974.6
39075000,2010,113381.77
39075000,2011,99326.46
39075000,2012,106292.9
39075000,2013,104115.14
39075000,2014,98485.19
39075000,2015,79880.96
39075000,2016,79853.33
39075000,2017,76004.4
39075000,2018,88992.43
39075000,2019,75427.29
39075000,2020,74098.12
39075000,2021,123394.82
39075000,2022,100506.44
39076100,2008,
39076100,2009,
39076100,2010,
39076100,2011,
39076100,2012,
39076100,2013,
39076100,2014,
39076100,2015,
39076100,2016,
39076100,2017,8515101.03
39076100,2018,8643129.69
39076100,2019,10910127.04
39076100,2020,9384990.12
39076100,2021,7808061.42
39076100,2022,11491849.7
39076900,2008,
39076900,2009,
39076900,2010,
39076900,2011,
39076900,2012,
39076900,2013,
39076900,2014,
39076900,2015,
39076900,2016,
39076900,2017,2565341.42
39076900,2018,2968124.13
39076900,2019,3063201.98
39076900,2020,2545496.15
39076900,2021,3146359.4
39076900,2022,4323359.06
39077000,2008,75551.0
39077000,2009,87131.0
39077000,2010,116524.03
39077000,2011,201860.03
39077000,2012,196039.79
39077000,2013,226222.4
39077000,2014,248680.73
39077000,2015,277871.56
39077000,2016,215508.42
39077000,2017,323019.08
39077000,2018,385638.13
39077000,2019,522242.07
39077000,2020,662933.49
39077000,2021,667055.66
39077000,2022,612130.3
39079110,2008,511379.13
39079110,2009,347712.97
39079110,2010,428046.59
39079110,2011,518553.75
39079110,2012,487611.73
39079110,2013,424709.36
39079110,2014,412938.35
39079110,2015,499641.49
39079110,2016,490796.73
39079110,2017,550793.27
39079110,2018,571841.23
39079110,2019,645375.7
39079110,2020,725303.31
39079110,2021,1088024.44
39079110,2022,1163283.51
39079190,2008,294441.46
39079190,2009,219125.59
39079190,2010,106657.45
39079190,2011,121532.03
39079190,2012,130511.13
39079190,2013,91552.25
39079190,2014,110166.87
39079190,2015,117902.21
39079190,2016,90665.58
39079190,2017,82823.99
39079190,2018,76518.39
39079190,2019,120270.43
39079190,2020,107626.42
39079190,2021,97708.3
39079190,2022,87442.38
39079905,2008,
39079905,2009,
39079905,2010,
39079905,2011,
39079905,2012,
39079905,2013,
39079905,2014,
39079905,2015,
39079905,2016,
39079905,2017,42116.02
39079905,2018,44373.89
39079905,2019,47566.31
39079905,2020,30040.56
39079905,2021,42986.45
39079905,2022,39305.34
39079910,2008,
39079910,2009,
39079910,2010,65374.18
39079910,2011,56469.49
39079910,2012,42736.44
39079910,2013,30659.58
39079910,2014,20080.0
39079910,2015,33241.36
39079910,2016,27020.25
39079910,2017,47315.49
39079910,2018,112781.22
39079910,2019,69971.26
39079910,2020,52292.45
39079910,2021,44302.74
39079910,2022,36396.03
39079980,2008,
39079980,2009,
39079980,2010,
39079980,2011,
39079980,2012,
39079980,2013,
39079980,2014,
39079980,2015,
39079980,2016,
39079980,2017,3376710.46
39079980,2018,3740484.28
39079980,2019,3178122.32
39079980,2020,3379629.25
39079980,2021,3669840.95
39079980,2022,3909588.76
39081000,2008,2634925.26
39081000,2009,1322126.88
39081000,2010,1626714.45
39081000,2011,1774798.79
39081000,2012,1920916.35
39081000,2013,2020689.76
39081000,2014,2172784.64
39081000,2015,2208530.91
39081000,2016,2328707.79
39081000,2017,2621303.24
39081000,2018,2729735.34
39081000,2019,2429467.9
39081000,2020,2117836.85
39081000,2021,2487881.93
39081000,2022,2904124.44
39089000,2008,475064.41
39089000,2009,370029.59
39089000,2010,516211.57
39089000,2011,585509.57
39089000,2012,571347.08
39089000,2013,607846.87
39089000,2014,654053.43
39089000,2015,679392.08
39089000,2016,739442.12
39089000,2017,799153.93
39089000,2018,878690.03
39089000,2019,816396.78
39089000,2020,746454.2
39089000,2021,906636.64
39089000,2022,834692.89
39091000,2008,725061.66
39091000,2009,514881.9
39091000,2010,633055.55
39091000,2011,850282.1
39091000,2012,917712.89
39091000,2013,850140.33
39091000,2014,758154.36
39091000,2015,868977.55
39091000,2016,901080.27
39091000,2017,1022082.43
39091000,2018,1277227.17
39091000,2019,1029208.01
39091000,2020,1251408.46
39091000,2021,1032078.28
39091000,2022,1425910.05
39092000,2008,212462.84
39092000,2009,160582.5
39092000,2010,170157.73
39092000,2011,187784.49
39092000,2012,176330.83
39092000,2013,218233.0
39092000,2014,225044.95
39092000,2015,211301.0
39092000,2016,247657.58
39092000,2017,274455.79
39092000,2018,299786.2
39092000,2019,465397.01
39092000,2020,534369.82
39092000,2021,558827.15
39092000,2022,816684.18
39093100,2008,
39093100,2009,
39093100,2010,
39093100,2011,
39093100,2012,
39093100,2013,
39093100,2014,
39093100,2015,
39093100,2016,
39093100,2017,572023.76
39093100,2018,1524418.13
39093100,2019,1290362.62
39093100,2020,1176991.01
39093100,2021,2371171.6
39093100,2022,2460870.98
39093900,2008,
39093900,2009,
39093900,2010,
39093900,2011,
39093900,2012,
39093900,2013,
39093900,2014,
39093900,2015,
39093900,2016,
39093900,2017,144200.78
39093900,2018,156781.67
39093900,2019,128915.6
39093900,2020,160426.0
39093900,2021,136929.55
39093900,2022,121529.41
39094000,2008,336342.0
39094000,2009,287250.21
39094000,2010,378399.34
39094000,2011,450698.75
39094000,2012,409273.27
39094000,2013,414512.47
39094000,2014,459527.19
39094000,2015,492251.89
39094000,2016,515460.91
39094000,2017,801990.28
39094000,2018,824085.55
39094000,2019,616111.53
39094000,2020,539630.09
39094000,2021,586849.7
39094000,2022,477885.3
39095010,2008,44728.38
39095010,2009,26044.28
39095010,2010,68064.92
39095010,2011,66382.9
39095010,2012,52634.3
39095010,2013,43734.03
39095010,2014,30895.65
39095010,2015,30426.13
39095010,2016,22235.95
39095010,2017,24513.49
39095010,2018,21457.78
39095010,2019,17966.04
39095010,2020,16811.31
39095010,2021,17500.41
39095010,2022,21606.52
39095090,2008,752067.51
39095090,2009,580912.03
39095090,2010,594581.38
39095090,2011,570413.23
39095090,2012,495977.34
39095090,2013,557806.18
39095090,2014,625003.33
39095090,2015,655094.14
39095090,2016,630771.33
39095090,2017,736040.28
39095090,2018,775785.45
39095090,2019,798721.04
39095090,2020,753675.21
39095090,2021,806314.23
39095090,2022,747861.58
39100000,2008,1359469.42
39100000,2009,1079318.44
39100000,2010,1269896.66
39100000,2011,1143602.27
39100000,2012,1226104.36
39100000,2013,1222609.13
39100000,2014,1357285.32
39100000,2015,1351486.01
39100000,2016,1493666.56
39100000,2017,2012215.88
39100000,2018,2160525.78
39100000,2019,2069604.51
39100000,2020,1844042.01
39100000,2021,1929339.75
39100000,2022,2141991.64
39111000,2008,977525.06
39111000,2009,722166.61
39111000,2010,971234.08
39111000,2011,1078794.5
39111000,2012,993995.79
39111000,2013,910407.29
39111000,2014,1218142.13
39111000,2015,1171298.67
39111000,2016,1271254.21
39111000,2017,1471819.98
39111000,2018,1935011.13
39111000,2019,1797513.03
39111000,2020,1637699.34
39111000,2021,1744129.79
39111000,2022,2036788.68
39112000,2008,
39112000,2009,
39112000,2010,
39112000,2011,
39112000,2012,
39112000,2013,
39112000,2014,
39112000,2015,
39112000,2016,
39112000,2017,
39112000,2018,
39112000,2019,
39112000,2020,
39112000,2021,
39112000,2022,1186.57
39119011,2008,38808.0
39119011,2009,25558.0
39119011,2010,31620.99
39119011,2011,31168.01
39119011,2012,31138.88
39119011,2013,25750.14
39119011,2014,27481.41
39119011,2015,32633.76
39119011,2016,57972.48
39119011,2017,18428.1
39119011,2018,20779.55
39119011,2019,26810.65
39119011,2020,19820.18
39119011,2021,24741.45
39119011,2022,52532.08
39119013,2008,102208.0
39119013,2009,70236.5
39119013,2010,129773.32
39119013,2011,163446.18
39119013,2012,130371.2
39119013,2013,159455.68
39119013,2014,158960.84
39119013,2015,159263.36
39119013,2016,180215.82
39119013,2017,200292.55
39119013,2018,241970.27
39119013,2019,217330.39
39119013,2020,185227.66
39119013,2021,267143.22
39119013,2022,305888.39
39119019,2008,155320.6
39119019,2009,104297.0
39119019,2010,138897.57
39119019,2011,128525.44
39119019,2012,124723.87
39119019,2013,124199.29
39119019,2014,134421.24
39119019,2015,157397.08
39119019,2016,170089.87
39119019,2017,240081.48
39119019,2018,238601.87
39119019,2019,211512.8
39119019,2020,238904.84
39119019,2021,282225.69
39119019,2022,289496.86
39119092,2008,
39119092,2009,
39119092,2010,9430.7
39119092,2011,3482.85
39119092,2012,2192.71
39119092,2013,44.33
39119092,2014,1631.0
39119092,2015,2542.43
39119092,2016,262.06
39119092,2017,317.28
39119092,2018,224.07
39119092,2019,364.32
39119092,2020,1374.67
39119092,2021,1371.71
39119092,2022,7367.86
39119099,2008,192422.85
39119099,2009,151586.12
39119099,2010,191999.16
39119099,2011,183760.21
39119099,2012,191728.65
39119099,2013,185419.51
39119099,2014,222790.69
39119099,2015,237797.27
39119099,2016,281831.06
39119099,2017,308737.32
39119099,2018,320485.8
39119099,2019,372499.85
39119099,2020,257291.09
39119099,2021,274190.05
39119099,2022,299835.51
39140000,2008,278415.38
39140000,2009,150808.03
39140000,2010,165960.08
39140000,2011,207500.38
39140000,2012,197637.35
39140000,2013,196476.79
39140000,2014,211775.84
39140000,2015,222778.69
39140000,2016,241728.68
39140000,2017,276782.71
39140000,2018,258799.29
39140000,2019,318673.88
39140000,2020,322440.71
39140000,2021,347538.57
39140000,2022,365858.03
40021100,2008,465087.0
40021100,2009,346285.0
40021100,2010,364209.48
40021100,2011,428012.23
40021100,2012,348050.31
40021100,2013,310276.69
40021100,2014,146762.65
40021100,2015,99537.1
40021100,2016,140075.59
40021100,2017,180357.13
40021100,2018,191875.66
40021100,2019,169516.07
40021100,2020,119540.54
40021100,2021,106408.68
40021100,2022,104895.99
40021910,2008,616135.75
40021910,2009,487676.67
40021910,2010,492896.45
40021910,2011,566120.5
40021910,2012,676267.03
40021910,2013,625592.38
40021910,2014,663811.47
40021910,2015,635484.52
40021910,2016,614247.67
40021910,2017,663662.71
40021910,2018,557876.42
40021910,2019,599897.68
40021910,2020,512250.74
40021910,2021,445241.29
40021910,2022,413745.51
40021920,2008,305594.0
40021920,2009,451195.0
40021920,2010,555574.83
40021920,2011,581599.91
40021920,2012,391326.0
40021920,2013,515586.79
40021920,2014,708117.98
40021920,2015,692330.79
40021920,2016,821278.84
40021920,2017,954033.47
40021920,2018,1090484.12
40021920,2019,1065792.33
40021920,2020,1090054.5
40021920,2021,1207778.49
40021920,2022,1130663.03
40021930,2008,431235.14
40021930,2009,355226.79
40021930,2010,478387.26
40021930,2011,618724.37
40021930,2012,555877.86
40021930,2013,677748.81
40021930,2014,700213.25
40021930,2015,647988.8
40021930,2016,1033809.15
40021930,2017,854146.28
40021930,2018,875906.39
40021930,2019,1042462.05
40021930,2020,788251.23
40021930,2021,778452.82
40021930,2022,734556.46
40021990,2008,1346058.83
40021990,2009,1084536.07
40021990,2010,1096605.54
40021990,2011,1123888.1
40021990,2012,833309.44
40021990,2013,801609.18
40021990,2014,776391.8
40021990,2015,859429.65
40021990,2016,735036.56
40021990,2017,668273.38
40021990,2018,651801.88
40021990,2019,671684.58
40021990,2020,556097.21
40021990,2021,673494.27
40021990,2022,681183.77
40022000,2008,2679221.24
40022000,2009,2012653.55
40022000,2010,2535909.57
40022000,2011,2802476.52
40022000,2012,2624222.43
40022000,2013,2692850.2
40022000,2014,2514691.68
40022000,2015,2749843.24
40022000,2016,2805198.73
40022000,2017,3009802.7
40022000,2018,3197638.64
40022000,2019,3176927.23
40022000,2020,2625016.74
40022000,2021,3268822.34
40022000,2022,3090613.67
40023100,2008,169613.0
40023100,2009,131566.0
40023100,2010,231329.99
40023100,2011,218201.91
40023100,2012,176646.19
40023100,2013,166572.76
40023100,2014,197641.22
40023100,2015,174555.96
40023100,2016,162274.53
40023100,2017,191125.35
40023100,2018,179278.5
40023100,2019,138833.68
40023100,2020,113797.05
40023100,2021,162186.6
40023100,2022,146250.22
40023900,2008,910125.65
40023900,2009,1061638.69
40023900,2010,1124427.25
40023900,2011,1237415.31
40023900,2012,1405219.16
40023900,2013,1228461.76
40023900,2014,1388799.45
40023900,2015,1241155.11
40023900,2016,1223398.82
40023900,2017,1451872.75
40023900,2018,1355446.1
40023900,2019,1491184.82
40023900,2020,1355318.2
40023900,2021,1248073.71
40023900,2022,1608140.68
40024100,2008,14992.5
40024100,2009,11594.0
40024100,2010,11536.56
40024100,2011,12946.86
40024100,2012,17899.69
40024100,2013,17431.65
40024100,2014,23011.89
40024100,2015,29648.77
40024100,2016,31337.66
40024100,2017,29957.42
40024100,2018,27994.31
40024100,2019,30679.25
40024100,2020,32095.93
40024100,2021,39921.59
40024100,2022,50942.8
40024900,2008,278820.0
40024900,2009,163429.75
40024900,2010,238528.34
40024900,2011,240601.01
40024900,2012,210612.86
40024900,2013,217400.06
40024900,2014,216174.76
40024900,2015,194404.99
40024900,2016,211684.11
40024900,2017,231148.24
40024900,2018,233366.92
40024900,2019,214696.47
40024900,2020,164443.59
40024900,2021,199891.28
40024900,2022,223953.79
40025100,2008,35026.07
40025100,2009,31774.09
40025100,2010,22252.73
40025100,2011,8402.09
40025100,2012,3685.59
40025100,2013,3132.35
40025100,2014,4622.33
40025100,2015,5634.75
40025100,2016,3936.28
40025100,2017,2800.06
40025100,2018,2884.77
40025100,2019,2774.36
40025100,2020,14695.62
40025100,2021,19728.32
40025100,2022,13211.61
40025900,2008,405868.0
40025900,2009,245871.03
40025900,2010,260380.2
40025900,2011,282329.05
40025900,2012,250558.4
40025900,2013,322297.47
40025900,2014,458033.42
40025900,2015,395571.15
40025900,2016,360393.5
40025900,2017,391717.85
40025900,2018,479293.05
40025900,2019,415962.63
40025900,2020,395614.16
40025900,2021,451393.47
40025900,2022,433243.26
40026000,2008,795098.0
40026000,2009,632489.0
40026000,2010,1035335.06
40026000,2011,1196431.51
40026000,2012,1322505.79
40026000,2013,1319689.08
40026000,2014,1412962.38
40026000,2015,1370785.37
40026000,2016,1363334.92
40026000,2017,1467189.53
40026000,2018,1407977.66
40026000,2019,1292110.73
40026000,2020,1073106.72
40026000,2021,1255815.58
40026000,2022,1065195.07
40027000,2008,862768.74
40027000,2009,644891.01
40027000,2010,872990.15
40027000,2011,1003339.71
40027000,2012,875575.05
40027000,2013,953523.19
40027000,2014,1228264.08
40027000,2015,1269106.53
40027000,2016,1352832.5
40027000,2017,1463726.77
40027000,2018,1615832.95
40027000,2019,1467763.9
40027000,2020,1336922.67
40027000,2021,1575361.54
40027000,2022,1628565.72
40028000,2008,13954.0
40028000,2009,8920.0
40028000,2010,35008.56
40028000,2011,109026.51
40028000,2012,20670.59
40028000,2013,17473.18
40028000,2014,27576.24
40028000,2015,15548.77
40028000,2016,15748.05
40028000,2017,26803.92
40028000,2018,14659.2
40028000,2019,11636.69
40028000,2020,5121.5
40028000,2021,1430.74
40028000,2022,436.79
40029100,2008,48513.05
40029100,2009,32074.92
40029100,2010,17996.02
40029100,2011,10610.31
40029100,2012,16065.81
40029100,2013,22473.33
40029100,2014,22492.17
40029100,2015,18955.33
40029100,2016,19146.86
40029100,2017,17607.43
40029100,2018,23043.15
40029100,2019,16234.64
40029100,2020,7084.6
40029100,2021,18624.53
40029100,2022,42887.55
40029910,2008,30643.24
40029910,2009,25016.16
40029910,2010,24223.22
40029910,2011,26655.25
40029910,2012,26535.73
40029910,2013,23474.65
40029910,2014,29657.55
40029910,2015,51413.31
40029910,2016,65593.82
40029910,2017,78846.56
40029910,2018,112368.62
40029910,2019,94807.89
40029910,2020,100210.31
40029910,2021,116220.83
40029910,2022,105607.28
40029990,2008,550810.13
40029990,2009,472221.15
40029990,2010,661383.83
40029990,2011,634597.16
40029990,2012,574071.35
40029990,2013,557628.24
40029990,2014,605864.34
40029990,2015,660870.66
40029990,2016,811123.84
40029990,2017,853320.59
40029990,2018,885127.01
40029990,2019,932498.9
40029990,2020,879518.64
40029990,2021,1120396.84
40029990,2022,1111426.57
44021000,2008,13655.0
44021000,2009,9920.02
44021000,2010,8479.92
44021000,2011,7756.21
44021000,2012,6794.13
44021000,2013,11713.36
44021000,2014,13454.51
44021000,2015,15112.02
44021000,2016,9691.66
44021000,2017,10208.17
44021000,2018,17022.6
44021000,2019,22006.73
44021000,2020,27952.92
44021000,2021,18927.02
44021000,2022,11078.77
44022000,2008,
44022000,2009,
44022000,2010,
44022000,2011,
44022000,2012,
44022000,2013,
44022000,2014,
44022000,2015,
44022000,2016,
44022000,2017,
44022000,2018,
44022000,2019,
44022000,2020,
44022000,2021,
44022000,2022,111771.77
44029000,2008,4606947.75
44029000,2009,5734617.81
44029000,2010,5286835.36
44029000,2011,5549088.58
44029000,2012,5138498.32
44029000,2013,5040296.0
44029000,2014,5100420.24
44029000,2015,5773828.91
44029000,2016,6166761.33
44029000,2017,6026651.65
44029000,2018,6941833.19
44029000,2019,6877353.9
44029000,2020,6117113.55
44029000,2021,6110851.01
44029000,2022,5702861.56
48010000,2008,12426866.0
48010000,2009,12696498.04
48010000,2010,11454534.14
48010000,2011,12257041.6
48010000,2012,10910123.58
48010000,2013,10055848.43
48010000,2014,10632254.89
48010000,2015,9130503.43
48010000,2016,9133792.05
48010000,2017,8893298.78
48010000,2018,7646844.8
48010000,2019,7347306.13
48010000,2020,5599161.07
48010000,2021,6875823.66
48010000,2022,8200576.6
48021000,2008,29774.97
48021000,2009,21137.19
48021000,2010,20916.45
48021000,2011,31026.78
48021000,2012,29970.62
48021000,2013,22515.87
48021000,2014,10704.89
48021000,2015,13428.76
48021000,2016,11961.11
48021000,2017,11879.01
48021000,2018,43040.53
48021000,2019,19940.05
48021000,2020,8310.43
48021000,2021,51981.88
48021000,2022,36451.43
48022000,2008,170476.83
48022000,2009,242170.0
48022000,2010,233516.1
48022000,2011,187484.06
48022000,2012,246814.77
48022000,2013,160101.01
48022000,2014,265754.25
48022000,2015,263028.62
48022000,2016,271817.79
48022000,2017,176957.9
48022000,2018,23551.98
48022000,2019,23359.55
48022000,2020,20184.94
48022000,2021,5720.48
48022000,2022,35656.18
48024010,2008,14988.0
48024010,2009,6827.0
48024010,2010,1631.53
48024010,2011,2740.86
48024010,2012,2276.05
48024010,2013,1355.61
48024010,2014,867.11
48024010,2015,405.49
48024010,2016,3086.83
48024010,2017,1208.02
48024010,2018,738.11
48024010,2019,289.43
48024010,2020,2056.87
48024010,2021,23.42
48024010,2022,2045.78
48024090,2008,172412.3
48024090,2009,155635.0
48024090,2010,145503.57
48024090,2011,65851.49
48024090,2012,18186.71
48024090,2013,8224.36
48024090,2014,7549.16
48024090,2015,5989.76
48024090,2016,2802.7
48024090,2017,3609.86
48024090,2018,2491.94
48024090,2019,2996.07
48024090,2020,548.14
48024090,2021,1648.16
48024090,2022,2758.25
48025400,2008,50398.76
48025400,2009,56352.53
48025400,2010,49850.58
48025400,2011,71402.05
48025400,2012,77875.24
48025400,2013,71978.95
48025400,2014,62712.09
48025400,2015,50573.8
48025400,2016,43077.76
48025400,2017,60532.79
48025400,2018,67710.96
48025400,2019,74570.12
48025400,2020,33298.27
48025400,2021,31177.84
48025400,2022,20056.27
48025515,2008,92783.37
48025515,2009,83666.72
48025515,2010,91975.27
48025515,2011,114876.59
48025515,2012,173261.59
48025515,2013,152245.45
48025515,2014,250397.53
48025515,2015,203490.42
48025515,2016,140147.61
48025515,2017,176956.71
48025515,2018,254973.24
48025515,2019,269729.83
48025515,2020,345471.16
48025515,2021,21862.03
48025515,2022,73392.21
48025525,2008,167896.02
48025525,2009,147689.31
48025525,2010,144598.01
48025525,2011,144081.23
48025525,2012,119745.91
48025525,2013,116304.39
48025525,2014,129929.16
48025525,2015,137011.66
48025525,2016,138980.2
48025525,2017,160734.41
48025525,2018,160856.75
48025525,2019,152190.0
48025525,2020,119883.25
48025525,2021,84267.12
48025525,2022,165887.44
48025530,2008,47714.66
48025530,2009,208109.55
48025530,2010,79990.45
48025530,2011,47299.52
48025530,2012,26680.7
48025530,2013,37482.59
48025530,2014,59225.7
48025530,2015,39242.88
48025530,2016,32626.23
48025530,2017,6160.67
48025530,2018,10761.71
48025530,2019,503427.1
48025530,2020,504850.18
48025530,2021,308347.12
48025530,2022,417612.94
48025590,2008,578227.41
48025590,2009,521037.35
48025590,2010,475511.72
48025590,2011,493936.75
48025590,2012,527274.04
48025590,2013,734222.4
48025590,2014,861556.49
48025590,2015,866181.42
48025590,2016,797707.22
48025590,2017,798517.85
48025590,2018,814212.24
48025590,2019,267973.79
48025590,2020,281515.2
48025590,2021,196828.43
48025590,2022,187372.88
48025620,2008,3111023.85
48025620,2009,2545005.22
48025620,2010,2671219.1
48025620,2011,2185979.51
48025620,2012,2372924.15
48025620,2013,2925454.07
48025620,2014,2211561.19
48025620,2015,2475878.41
48025620,2016,2884237.88
48025620,2017,2689409.74
48025620,2018,2917002.38
48025620,2019,2941983.69
48025620,2020,2690922.34
48025620,2021,1909436.01
48025620,2022,2632865.01
48025680,2008,426619.06
48025680,2009,462188.45
48025680,2010,424670.31
48025680,2011,399504.76
48025680,2012,270026.64
48025680,2013,253211.14
48025680,2014,267628.93
48025680,2015,247270.41
48025680,2016,208781.71
48025680,2017,246579.85
48025680,2018,369935.39
48025680,2019,275027.77
48025680,2020,156107.84
48025680,2021,160240.37
48025680,2022,429246.62
48025700,2008,888184.64
48025700,2009,920351.83
48025700,2010,647395.8
48025700,2011,630200.59
48025700,2012,395964.74
48025700,2013,483973.48
48025700,2014,488530.81
48025700,2015,389957.94
48025700,2016,431832.5
48025700,2017,327588.14
48025700,2018,337762.9
48025700,2019,358033.18
48025700,2020,281901.21
48025700,2021,253908.1
48025700,2022,410775.04
48025810,2008,146652.81
48025810,2009,121467.96
48025810,2010,245054.74
48025810,2011,136247.17
48025810,2012,129059.82
48025810,2013,60808.36
48025810,2014,65809.49
48025810,2015,48371.9
48025810,2016,40484.68
48025810,2017,25693.12
48025810,2018,36333.39
48025810,2019,23880.21
48025810,2020,32444.31
48025810,2021,24347.1
48025810,2022,66256.91
48025890,2008,344427.71
48025890,2009,336189.04
48025890,2010,335359.12
48025890,2011,300895.63
48025890,2012,259616.87
48025890,2013,298894.29
48025890,2014,317195.34
48025890,2015,261846.35
48025890,2016,262541.74
48025890,2017,236259.47
48025890,2018,209247.79
48025890,2019,185538.35
48025890,2020,167621.15
48025890,2021,163208.45
48025890,2022,156387.55
48026115,2008,3383042.06
48026115,2009,3279961.01
48026115,2010,3502090.88
48026115,2011,2757647.79
48026115,2012,3162317.8
48026115,2013,2905796.36
48026115,2014,2530485.05
48026115,2015,2540108.88
48026115,2016,3076200.75
48026115,2017,3891849.91
48026115,2018,3534583.55
48026115,2019,3268492.92
48026115,2020,3086661.57
48026115,2021,2707605.27
48026115,2022,2782578.89
48026180,2008,663789.91
48026180,2009,523791.44
48026180,2010,411249.78
48026180,2011,444218.4
48026180,2012,358538.31
48026180,2013,183310.72
48026180,2014,77849.78
48026180,2015,50746.14
48026180,2016,163509.94
48026180,2017,182374.65
48026180,2018,596205.48
48026180,2019,549284.95
48026180,2020,556834.28
48026180,2021,598727.29
48026180,2022,829757.57
48026200,2008,36784.82
48026200,2009,210792.89
48026200,2010,123373.48
48026200,2011,56411.12
48026200,2012,25328.16
48026200,2013,46327.86
48026200,2014,51873.15
48026200,2015,51135.91
48026200,2016,76157.64
48026200,2017,35724.71
48026200,2018,21696.15
48026200,2019,50752.76
48026200,2020,31062.99
48026200,2021,14964.44
48026200,2022,19222.99
48026900,2008,185117.47
48026900,2009,274333.3
48026900,2010,161640.2
48026900,2011,117699.03
48026900,2012,87730.68
48026900,2013,115727.22
48026900,2014,119947.72
48026900,2015,87061.45
48026900,2016,159926.07
48026900,2017,101738.43
48026900,2018,108302.46
48026900,2019,116738.07
48026900,2020,82143.81
48026900,2021,59952.06
48026900,2022,73072.41
48030010,2008,114675.24
48030010,2009,88270.56
48030010,2010,120374.64
48030010,2011,124137.47
48030010,2012,80040.82
48030010,2013,61239.25
48030010,2014,64620.13
48030010,2015,113137.27
48030010,2016,74207.1
48030010,2017,77041.2
48030010,2018,46887.55
48030010,2019,63058.11
48030010,2020,60626.4
48030010,2021,39086.07
48030010,2022,74923.27
48030031,2008,529553.83
48030031,2009,703779.87
48030031,2010,528512.96
48030031,2011,612754.14
48030031,2012,619885.35
48030031,2013,752973.91
48030031,2014,795157.52
48030031,2015,894576.56
48030031,2016,1341853.71
48030031,2017,1657254.98
48030031,2018,1560367.43
48030031,2019,1496446.65
48030031,2020,1870465.94
48030031,2021,1374690.94
48030031,2022,1453581.52
48030039,2008,181029.9
48030039,2009,125564.34
48030039,2010,173172.97
48030039,2011,161733.27
48030039,2012,115563.05
48030039,2013,122573.56
48030039,2014,159848.46
48030039,2015,109097.42
48030039,2016,99900.83
48030039,2017,113245.39
48030039,2018,115915.32
48030039,2019,115627.6
48030039,2020,123948.51
48030039,2021,111000.92
48030039,2022,112566.84
48030090,2008,495456.3
48030090,2009,408730.09
48030090,2010,372561.2
48030090,2011,322156.56
48030090,2012,300804.33
48030090,2013,310725.81
48030090,2014,299666.9
48030090,2015,397375.23
48030090,2016,507850.57
48030090,2017,512805.66
48030090,2018,664426.99
48030090,2019,836340.91
48030090,2020,1110003.43
48030090,2021,944298.92
48030090,2022,1000807.87
48041111,2008,4257405.79
48041111,2009,3899719.61
48041111,2010,4145652.27
48041111,2011,3235928.4
48041111,2012,2389884.94
48041111,2013,2007288.83
48041111,2014,1884169.34
48041111,2015,2446691.29
48041111,2016,2731617.98
48041111,2017,2331402.63
48041111,2018,2547456.54
48041111,2019,2159505.15
48041111,2020,2440532.37
48041111,2021,1523374.88
48041111,2022,1209464.51
48041115,2008,1918809.88
48041115,2009,1518634.5
48041115,2010,1728891.33
48041115,2011,1871912.6
48041115,2012,1617810.75
48041115,2013,1352179.21
48041115,2014,1543612.81
48041115,2015,1551535.09
48041115,2016,1629999.15
48041115,2017,1342443.54
48041115,2018,1395386.41
48041115,2019,1384012.92
48041115,2020,1476841.17
48041115,2021,1003589.19
48041115,2022,1146205.9
48041119,2008,3115506.0
48041119,2009,2713867.2
48041119,2010,2378435.54
48041119,2011,2634161.63
48041119,2012,2254895.82
48041119,2013,1869442.79
48041119,2014,1748966.47
48041119,2015,2243916.1
48041119,2016,2103249.97
48041119,2017,2089402.18
48041119,2018,2193925.98
48041119,2019,1657836.94
48041119,2020,1594989.28
48041119,2021,1351494.52
48041119,2022,1307724.13
48041190,2008,567942.82
48041190,2009,615518.0
48041190,2010,416085.62
48041190,2011,664328.57
48041190,2012,403214.83
48041190,2013,268340.76
48041190,2014,502343.47
48041190,2015,694865.97
48041190,2016,647937.82
48041190,2017,958862.08
48041190,2018,914131.52
48041190,2019,726520.42
48041190,2020,653448.01
48041190,2021,730702.85
48041190,2022,577223.08
48041912,2008,
48041912,2009,
48041912,2010,855406.86
48041912,2011,1544846.67
48041912,2012,1736866.6
48041912,2013,1468502.65
48041912,2014,927187.01
48041912,2015,1157817.34
48041912,2016,1639429.88
48041912,2017,1486157.47
48041912,2018,1502063.81
48041912,2019,1402699.15
48041912,2020,1333015.68
48041912,2021,623273.51
48041912,2022,290205.06
48041919,2008,168971.0
48041919,2009,104687.0
48041919,2010,97280.3
48041919,2011,183739.34
48041919,2012,153508.74
48041919,2013,136599.24
48041919,2014,57933.45
48041919,2015,111186.96
48041919,2016,92423.31
48041919,2017,85975.95
48041919,2018,71425.0
48041919,2019,97443.36
48041919,2020,195085.98
48041919,2021,251862.82
48041919,2022,51819.71
48041930,2008,
48041930,2009,
48041930,2010,23865.51
48041930,2011,16975.17
48041930,2012,4203.06
48041930,2013,3318.83
48041930,2014,2127.98
48041930,2015,13648.88
48041930,2016,2647.06
48041930,2017,1011.32
48041930,2018,0.82
48041930,2019,551.43
48041930,2020,66.35
48041930,2021,269.09
48041930,2022,146.61
48041990,2008,1096746.58
48041990,2009,928705.15
48041990,2010,627735.87
48041990,2011,489579.87
48041990,2012,314391.29
48041990,2013,633530.68
48041990,2014,688004.03
48041990,2015,627895.41
48041990,2016,665439.13
48041990,2017,789212.66
48041990,2018,750444.51
48041990,2019,767397.75
48041990,2020,640724.47
48041990,2021,799107.39
48041990,2022,406121.28
48042110,2008,555919.31
48042110,2009,671071.69
48042110,2010,862586.15
48042110,2011,802329.81
48042110,2012,850198.35
48042110,2013,881294.66
48042110,2014,889545.47
48042110,2015,964901.56
48042110,2016,794966.06
48042110,2017,764075.78
48042110,2018,795213.0
48042110,2019,732857.02
48042110,2020,908191.6
48042110,2021,911834.01
48042110,2022,755607.63
48042190,2008,100796.22
48042190,2009,97523.73
48042190,2010,109487.62
48042190,2011,100167.57
48042190,2012,162895.02
48042190,2013,233546.9
48042190,2014,319198.01
48042190,2015,327613.33
48042190,2016,279860.85
48042190,2017,318877.05
48042190,2018,346381.32
48042190,2019,342699.35
48042190,2020,354646.08
48042190,2021,295398.07
48042190,2022,277644.55
48042910,2008,125499.68
48042910,2009,72989.72
48042910,2010,107517.46
48042910,2011,100729.89
48042910,2012,87656.51
48042910,2013,125841.4
48042910,2014,71595.24
48042910,2015,71525.08
48042910,2016,50170.19
48042910,2017,42497.43
48042910,2018,45679.96
48042910,2019,44364.97
48042910,2020,42186.59
48042910,2021,56299.18
48042910,2022,56022.12
48042990,2008,203717.8
48042990,2009,191225.0
48042990,2010,175597.34
48042990,2011,128012.14
48042990,2012,40207.91
48042990,2013,104605.58
48042990,2014,102300.41
48042990,2015,81257.61
48042990,2016,56798.47
48042990,2017,37052.39
48042990,2018,46911.74
48042990,2019,51999.41
48042990,2020,41686.76
48042990,2021,40079.01
48042990,2022,58182.73
48043151,2008,7642.0
48043151,2009,8063.56
48043151,2010,8436.35
48043151,2011,7983.31
48043151,2012,4295.64
48043151,2013,5268.24
48043151,2014,17742.69
48043151,2015,3529.45
48043151,2016,4818.01
48043151,2017,5156.69
48043151,2018,5785.95
48043151,2019,6091.88
48043151,2020,6214.42
48043151,2021,13301.28
48043151,2022,12987.9
48043158,2008,269309.38
48043158,2009,569711.65
48043158,2010,444676.11
48043158,2011,600824.51
48043158,2012,751656.23
48043158,2013,822184.9
48043158,2014,1098686.28
48043158,2015,1028211.25
48043158,2016,1251496.64
48043158,2017,1134337.88
48043158,2018,1066789.74
48043158,2019,1059669.26
48043158,2020,1098054.79
48043158,2021,682031.44
48043158,2022,565054.39
48043180,2008,298657.07
48043180,2009,275197.14
48043180,2010,329723.78
48043180,2011,302858.11
48043180,2012,274437.18
48043180,2013,288594.15
48043180,2014,271308.67
48043180,2015,264236.23
48043180,2016,348810.84
48043180,2017,307765.01
48043180,2018,321885.31
48043180,2019,359139.37
48043180,2020,268519.78
48043180,2021,361201.2
48043180,2022,322998.8
48043951,2008,93151.82
48043951,2009,118507.3
48043951,2010,150201.48
48043951,2011,169502.64
48043951,2012,159727.67
48043951,2013,128453.24
48043951,2014,143594.1
48043951,2015,85604.54
48043951,2016,89082.87
48043951,2017,118236.09
48043951,2018,162805.84
48043951,2019,165117.68
48043951,2020,113052.15
48043951,2021,183042.46
48043951,2022,157190.12
48043958,2008,43221.34
48043958,2009,5395.38
48043958,2010,10341.75
48043958,2011,4615.64
48043958,2012,3304.12
48043958,2013,4352.32
48043958,2014,1776.26
48043958,2015,6655.03
48043958,2016,1982.6
48043958,2017,2324.13
48043958,2018,2764.3
48043958,2019,20090.72
48043958,2020,6432.52
48043958,2021,4554.59
48043958,2022,4927.29
48043980,2008,146248.74
48043980,2009,117997.73
48043980,2010,109545.4
48043980,2011,76985.79
48043980,2012,78551.55
48043980,2013,144512.41
48043980,2014,150570.05
48043980,2015,153833.31
48043980,2016,147824.91
48043980,2017,257512.74
48043980,2018,226506.13
48043980,2019,280384.71
48043980,2020,190681.68
48043980,2021,252430.11
48043980,2022,157996.04
48051100,2008,366451.73
48051100,2009,250863.75
48051100,2010,339674.2
48051100,2011,319208.49
48051100,2012,163296.11
48051100,2013,308451.03
48051100,2014,263138.18
48051100,2015,458921.36
48051100,2016,481954.75
48051100,2017,432375.62
48051100,2018,674303.09
48051100,2019,478611.23
48051100,2020,521400.33
48051100,2021,483762.88
48051100,2022,402957.53
48051200,2008,917.0
48051200,2009,11.0
48051200,2010,283.22
48051200,2011,44.5
48051200,2012,24.97
48051200,2013,171.92
48051200,2014,109.95
48051200,2015,191.09
48051200,2016,141.62
48051200,2017,145.86
48051200,2018,23183.13
48051200,2019,30.25
48051200,2020,68.54
48051200,2021,6915.7
48051200,2022,33930.11
48051910,2008,1947957.7
48051910,2009,1104844.19
48051910,2010,999164.73
48051910,2011,1292769.36
48051910,2012,1698660.49
48051910,2013,1793645.78
48051910,2014,1676627.41
48051910,2015,1844716.54
48051910,2016,2915544.35
48051910,2017,3265665.01
48051910,2018,3180147.48
48051910,2019,2530843.6
48051910,2020,2103459.71
48051910,2021,1995270.12
48051910,2022,2366283.17
48051990,2008,216228.77
48051990,2009,203273.36
48051990,2010,329523.93
48051990,2011,1006219.02
48051990,2012,1219399.2
48051990,2013,1305712.28
48051990,2014,1382398.15
48051990,2015,1516025.08
48051990,2016,1225320.76
48051990,2017,814977.39
48051990,2018,1299780.61
48051990,2019,834109.51
48051990,2020,858348.27
48051990,2021,707994.91
48051990,2022,1137845.54
48052400,2008,1680481.85
48052400,2009,1466063.69
48052400,2010,1241264.18
48052400,2011,989748.6
48052400,2012,1075447.95
48052400,2013,1124658.98
48052400,2014,1098462.84
48052400,2015,1368674.55
48052400,2016,1798043.39
48052400,2017,1753554.53
48052400,2018,1996262.35
48052400,2019,2562789.99
48052400,2020,2502212.68
48052400,2021,2715558.89
48052400,2022,3045495.84
48052500,2008,682929.26
48052500,2009,508250.7
48052500,2010,783204.57
48052500,2011,735885.12
48052500,2012,590799.69
48052500,2013,483153.9
48052500,2014,398491.83
48052500,2015,478222.25
48052500,2016,616079.86
48052500,2017,812089.98
48052500,2018,821785.15
48052500,2019,726710.77
48052500,2020,626442.37
48052500,2021,796450.94
48052500,2022,850171.74
48053000,2008,
48053000,2009,
48053000,2010,
48053000,2011,
48053000,2012,65600.1
48053000,2013,68834.63
48053000,2014,48492.11
48053000,2015,16350.37
48053000,2016,27923.03
48053000,2017,37912.24
48053000,2018,44291.31
48053000,2019,31576.19
48053000,2020,20169.14
48053000,2021,15836.94
48053000,2022,17647.47
48054000,2008,144862.45
48054000,2009,127539.15
48054000,2010,148581.2
48054000,2011,168973.47
48054000,2012,125364.43
48054000,2013,143139.52
48054000,2014,146464.1
48054000,2015,146258.4
48054000,2016,158235.15
48054000,2017,159054.56
48054000,2018,153938.66
48054000,2019,133544.08
48054000,2020,151326.03
48054000,2021,177900.23
48054000,2022,192325.9
48055000,2008,28405.8
48055000,2009,14012.0
48055000,2010,22253.62
48055000,2011,14638.15
48055000,2012,6942.73
48055000,2013,4816.24
48055000,2014,2402.55
48055000,2015,4558.33
48055000,2016,5416.28
48055000,2017,6301.23
48055000,2018,6524.9
48055000,2019,7136.47
48055000,2020,15941.79
48055000,2021,9153.42
48055000,2022,16324.06
48059100,2008,684968.24
48059100,2009,576140.61
48059100,2010,550972.03
48059100,2011,745498.96
48059100,2012,345048.68
48059100,2013,505250.6
48059100,2014,1161637.86
48059100,2015,960831.26
48059100,2016,442272.13
48059100,2017,393581.26
48059100,2018,466508.61
48059100,2019,317295.23
48059100,2020,422457.56
48059100,2021,715554.15
48059100,2022,626543.12
48059200,2008,479827.91
48059200,2009,549521.5
48059200,2010,457948.1
48059200,2011,583739.62
48059200,2012,834770.94
48059200,2013,707389.75
48059200,2014,737749.98
48059200,2015,675134.84
48059200,2016,485289.72
48059200,2017,702187.2
48059200,2018,738326.35
48059200,2019,657862.65
48059200,2020,778995.22
48059200,2021,780648.27
48059200,2022,604560.67
48059320,2008,615882.3
48059320,2009,510247.28
48059320,2010,412302.77
48059320,2011,382792.09
48059320,2012,446627.05
48059320,2013,487177.06
48059320,2014,503539.82
48059320,2015,582291.99
48059320,2016,593028.83
48059320,2017,576671.65
48059320,2018,546844.24
48059320,2019,585267.5
48059320,2020,668804.17
48059320,2021,563650.73
48059320,2022,501349.27
48059380,2008,401078.76
48059380,2009,311788.48
48059380,2010,232362.4
48059380,2011,250832.4
48059380,2012,130534.86
48059380,2013,134916.25
48059380,2014,177745.65
48059380,2015,213613.54
48059380,2016,150646.4
48059380,2017,140742.68
48059380,2018,123333.02
48059380,2019,125739.64
48059380,2020,134170.12
48059380,2021,125987.18
48059380,2022,105689.06
48061000,2008,13917.05
48061000,2009,10510.1
48061000,2010,14896.96
48061000,2011,19481.39
48061000,2012,14671.53
48061000,2013,9618.74
48061000,2014,14669.25
48061000,2015,13175.07
48061000,2016,13208.61
48061000,2017,15926.6
48061000,2018,16167.23
48061000,2019,16608.77
48061000,2020,13821.93
48061000,2021,12724.55
48061000,2022,8616.71
48062000,2008,173693.69
48062000,2009,160967.37
48062000,2010,190424.29
48062000,2011,172178.0
48062000,2012,162310.44
48062000,2013,179103.65
48062000,2014,187569.22
48062000,2015,206605.89
48062000,2016,217852.78
48062000,2017,265818.01
48062000,2018,252990.04
48062000,2019,301875.75
48062000,2020,249768.71
48062000,2021,255428.55
48062000,2022,246864.13
48063000,2008,25058.72
48063000,2009,28833.27
48063000,2010,32516.42
48063000,2011,29406.87
48063000,2012,26233.3
48063000,2013,31621.33
48063000,2014,26736.68
48063000,2015,27580.05
48063000,2016,26901.79
48063000,2017,26166.37
48063000,2018,20820.43
48063000,2019,17090.89
48063000,2020,14629.02
48063000,2021,18540.33
48063000,2022,15217.51
48064010,2008,4824.0
48064010,2009,9619.0
48064010,2010,7600.51
48064010,2011,6938.21
48064010,2012,3785.75
48064010,2013,6019.87
48064010,2014,6851.78
48064010,2015,2365.53
48064010,2016,3289.16
48064010,2017,136322.21
48064010,2018,140876.64
48064010,2019,167968.96
48064010,2020,242293.35
48064010,2021,34992.78
48064010,2022,322385.69
48064090,2008,33692.83
48064090,2009,21555.45
48064090,2010,18155.85
48064090,2011,19719.51
48064090,2012,18095.38
48064090,2013,20064.78
48064090,2014,12302.0
48064090,2015,22730.92
48064090,2016,26052.73
48064090,2017,24896.14
48064090,2018,25103.71
48064090,2019,28391.65
48064090,2020,56764.48
48064090,2021,70470.09
48064090,2022,204360.04
48070030,2008,45140.18
48070030,2009,32012.83
48070030,2010,17305.95
48070030,2011,15194.8
48070030,2012,9235.74
48070030,2013,8190.62
48070030,2014,12637.81
48070030,2015,17337.42
48070030,2016,17588.9
48070030,2017,12295.98
48070030,2018,10006.31
48070030,2019,10734.56
48070030,2020,10331.3
48070030,2021,9316.13
48070030,2022,18265.97
48070080,2008,166116.11
48070080,2009,157279.72
48070080,2010,151960.76
48070080,2011,116385.22
48070080,2012,88211.26
48070080,2013,109525.56
48070080,2014,111271.42
48070080,2015,121622.72
48070080,2016,133398.84
48070080,2017,137605.37
48070080,2018,125276.95
48070080,2019,133048.37
48070080,2020,102517.52
48070080,2021,135471.26
48070080,2022,162136.53
48081000,2008,495829.39
48081000,2009,321419.17
48081000,2010,326681.35
48081000,2011,359249.7
48081000,2012,370900.75
48081000,2013,427701.42
48081000,2014,426388.65
48081000,2015,450687.86
48081000,2016,412194.01
48081000,2017,398002.2
48081000,2018,365305.6
48081000,2019,398571.88
48081000,2020,423539.46
48081000,2021,419122.71
48081000,2022,398452.6
48092000,2008,
48092000,2009,
48092000,2010,
48092000,2011,143623.77
48092000,2012,96355.41
48092000,2013,53626.53
48092000,2014,47328.31
48092000,2015,43040.56
48092000,2016,64504.15
48092000,2017,103874.37
48092000,2018,140008.21
48092000,2019,104878.66
48092000,2020,51641.66
48092000,2021,47075.2
48092000,2022,42144.59
48099000,2008,
48099000,2009,
48099000,2010,
48099000,2011,
48099000,2012,22047.23
48099000,2013,35662.71
48099000,2014,45736.99
48099000,2015,27520.07
48099000,2016,42477.08
48099000,2017,73919.05
48099000,2018,63770.8
48099000,2019,72632.8
48099000,2020,46642.62
48099000,2021,47597.53
48099000,2022,70977.26
48102200,2008,
48102200,2009,
48102200,2010,
48102200,2011,
48102200,2012,2104130.49
48102200,2013,1624246.78
48102200,2014,2100769.68
48102200,2015,2140874.47
48102200,2016,1979525.84
48102200,2017,1714388.33
48102200,2018,1693502.83
48102200,2019,1468151.91
48102200,2020,1347649.1
48102200,2021,1366082.44
48102200,2022,1305734.28
48102930,2008,1618210.4
48102930,2009,1679148.76
48102930,2010,1088777.29
48102930,2011,713433.38
48102930,2012,464920.03
48102930,2013,347071.53
48102930,2014,244666.8
48102930,2015,248333.24
48102930,2016,282436.27
48102930,2017,261633.94
48102930,2018,263157.61
48102930,2019,469185.27
48102930,2020,812017.07
48102930,2021,724681.32
48102930,2022,743669.6
48102980,2008,2060082.66
48102980,2009,1742106.77
48102980,2010,1354133.28
48102980,2011,695108.56
48102980,2012,271755.29
48102980,2013,245493.36
48102980,2014,311977.47
48102980,2015,279019.92
48102980,2016,306946.31
48102980,2017,301697.75
48102980,2018,482796.41
48102980,2019,341798.63
48102980,2020,422376.83
48102980,2021,222866.19
48102980,2022,307487.63
48103100,2008,650009.58
48103100,2009,589459.45
48103100,2010,667010.56
48103100,2011,541209.82
48103100,2012,476501.14
48103100,2013,126919.27
48103100,2014,39662.88
48103100,2015,33929.55
48103100,2016,24550.71
48103100,2017,15670.6
48103100,2018,11240.68
48103100,2019,15562.29
48103100,2020,12983.4
48103100,2021,10702.95
48103100,2022,10341.75
48103210,2008,721521.0
48103210,2009,745061.0
48103210,2010,783218.72
48103210,2011,902945.88
48103210,2012,884747.52
48103210,2013,867494.54
48103210,2014,767678.08
48103210,2015,604005.75
48103210,2016,458126.62
48103210,2017,504945.65
48103210,2018,434359.43
48103210,2019,383833.56
48103210,2020,397745.35
48103210,2021,589477.24
48103210,2022,829610.65
48103290,2008,185167.84
48103290,2009,191837.0
48103290,2010,253143.61
48103290,2011,213855.75
48103290,2012,160918.13
48103290,2013,192076.32
48103290,2014,194822.47
48103290,2015,262745.65
48103290,2016,187278.61
48103290,2017,264849.65
48103290,2018,263930.02
48103290,2019,308919.46
48103290,2020,245007.36
48103290,2021,87790.07
48103290,2022,163883.63
48103900,2008,1868765.07
48103900,2009,1744958.22
48103900,2010,2153662.38
48103900,2011,1744916.96
48103900,2012,1486587.84
48103900,2013,1801993.99
48103900,2014,1881734.95
48103900,2015,2001594.02
48103900,2016,1906031.09
48103900,2017,1879144.96
48103900,2018,1583476.46
48103900,2019,1856256.94
48103900,2020,1443267.83
48103900,2021,1350444.69
48103900,2022,1501477.99
48109210,2008,552110.74
48109210,2009,696628.53
48109210,2010,653184.72
48109210,2011,1013176.0
48109210,2012,931943.39
48109210,2013,979535.75
48109210,2014,1127410.08
48109210,2015,1095183.56
48109210,2016,1105303.69
48109210,2017,1075483.69
48109210,2018,1106221.16
48109210,2019,1097664.44
48109210,2020,1001644.4
48109210,2021,759027.22
48109210,2022,1809483.12
48109230,2008,652817.45
48109230,2009,426670.45
48109230,2010,487585.22
48109230,2011,443089.31
48109230,2012,504434.81
48109230,2013,632918.46
48109230,2014,598720.09
48109230,2015,606530.14
48109230,2016,688649.35
48109230,2017,761964.61
48109230,2018,759498.2
48109230,2019,940336.67
48109230,2020,1060160.62
48109230,2021,629613.03
48109230,2022,1073311.23
48109290,2008,1616879.98
48109290,2009,1545724.03
48109290,2010,1567660.89
48109290,2011,1647063.26
48109290,2012,1521645.33
48109290,2013,1439859.4
48109290,2014,1567086.61
48109290,2015,1493247.26
48109290,2016,1514926.94
48109290,2017,1422676.31
48109290,2018,1438894.42
48109290,2019,1401331.24
48109290,2020,1361999.35
48109290,2021,1793373.59
48109290,2022,2059602.2
48109910,2008,143670.11
48109910,2009,164353.21
48109910,2010,134707.96
48109910,2011,114150.22
48109910,2012,120375.23
48109910,2013,100359.67
48109910,2014,78155.92
48109910,2015,92410.29
48109910,2016,65916.04
48109910,2017,64864.98
48109910,2018,95601.95
48109910,2019,65729.58
48109910,2020,90639.79
48109910,2021,74840.9
48109910,2022,184376.8
48109980,2008,
48109980,2009,
48109980,2010,
48109980,2011,
48109980,2012,107989.6
48109980,2013,119506.29
48109980,2014,98643.52
48109980,2015,72347.72
48109980,2016,94035.82
48109980,2017,81778.78
48109980,2018,92715.11
48109980,2019,134581.18
48109980,2020,76113.46
48109980,2021,137301.27
48109980,2022,162599.58
48111000,2008,183369.42
48111000,2009,124213.52
48111000,2010,120375.25
48111000,2011,90473.87
48111000,2012,97618.73
48111000,2013,61904.48
48111000,2014,61052.78
48111000,2015,58175.53
48111000,2016,43492.98
48111000,2017,30114.96
48111000,2018,23405.19
48111000,2019,28380.86
48111000,2020,27293.44
48111000,2021,24946.84
48111000,2022,12248.08
48114120,2008,66627.46
48114120,2009,56696.48
48114120,2010,100238.63
48114120,2011,105495.62
48114120,2012,87420.35
48114120,2013,94805.48
48114120,2014,101904.12
48114120,2015,103204.44
48114120,2016,116988.91
48114120,2017,128203.43
48114120,2018,124740.0
48114120,2019,108079.1
48114120,2020,138978.45
48114120,2021,126071.65
48114120,2022,127139.15
48114190,2008,888779.18
48114190,2009,765917.08
48114190,2010,702793.73
48114190,2011,588587.23
48114190,2012,611991.85
48114190,2013,456793.1
48114190,2014,460222.56
48114190,2015,443515.3
48114190,2016,448017.45
48114190,2017,477415.05
48114190,2018,495851.88
48114190,2019,508017.27
48114190,2020,467140.05
48114190,2021,610972.74
48114190,2022,755455.94
48114900,2008,85686.91
48114900,2009,87675.93
48114900,2010,104795.59
48114900,2011,138523.09
48114900,2012,137264.24
48114900,2013,96195.71
48114900,2014,91253.45
48114900,2015,79955.43
48114900,2016,115141.55
48114900,2017,114180.67
48114900,2018,123735.67
48114900,2019,110165.98
48114900,2020,125401.54
48114900,2021,152498.45
48114900,2022,135823.59
48115100,2008,1020144.9
48115100,2009,1132940.67
48115100,2010,1250030.21
48115100,2011,969986.76
48115100,2012,792353.65
48115100,2013,879508.09
48115100,2014,726906.11
48115100,2015,676709.18
48115100,2016,593752.14
48115100,2017,695545.91
48115100,2018,767420.15
48115100,2019,757612.71
48115100,2020,562060.2
48115100,2021,416575.39
48115100,2022,347033.76
48115900,2008,928463.43
48115900,2009,733461.29
48115900,2010,832482.28
48115900,2011,796900.16
48115900,2012,792142.48
48115900,2013,828207.23
48115900,2014,1089126.55
48115900,2015,1365566.53
48115900,2016,1172191.06
48115900,2017,1141423.64
48115900,2018,1188704.81
48115900,2019,1340587.36
48115900,2020,1290260.31
48115900,2021,1272676.3
48115900,2022,1338952.35
48116000,2008,66103.68
48116000,2009,47924.43
48116000,2010,55767.03
48116000,2011,49018.93
48116000,2012,52435.51
48116000,2013,44987.66
48116000,2014,53507.38
48116000,2015,46678.59
48116000,2016,51572.31
48116000,2017,55998.66
48116000,2018,41106.79
48116000,2019,37486.56
48116000,2020,28703.48
48116000,2021,33976.33
48116000,2022,33831.72
48119000,2008,494182.08
48119000,2009,391229.61
48119000,2010,494952.77
48119000,2011,610453.6
48119000,2012,663660.44
48119000,2013,589694.52
48119000,2014,645461.19
48119000,2015,642565.07
48119000,2016,699210.97
48119000,2017,780016.24
48119000,2018,871800.11
48119000,2019,862826.67
48119000,2020,767793.22
48119000,2021,738958.07
48119000,2022,715198.69
48120000,2008,24681.29
48120000,2009,24427.51
48120000,2010,22576.1
48120000,2011,27661.71
48120000,2012,21749.69
48120000,2013,25010.03
48120000,2014,29623.8
48120000,2015,24024.19
48120000,2016,22691.87
48120000,2017,20100.01
48120000,2018,24684.63
48120000,2019,20448.07
48120000,2020,17670.65
48120000,2021,26411.48
48120000,2022,34157.2
48131000,2008,15434.07
48131000,2009,11556.42
48131000,2010,45099.06
48131000,2011,6743.49
48131000,2012,5586.52
48131000,2013,9934.75
48131000,2014,7592.67
48131000,2015,8641.87
48131000,2016,11416.52
48131000,2017,10821.97
48131000,2018,15613.72
48131000,2019,11620.27
48131000,2020,121228.46
48131000,2021,12983.65
48131000,2022,12573.37
48132000,2008,15740.0
48132000,2009,17160.0
48132000,2010,50235.26
48132000,2011,30898.64
48132000,2012,41702.65
48132000,2013,46877.6
48132000,2014,55540.75
48132000,2015,58286.13
48132000,2016,39708.7
48132000,2017,29767.23
48132000,2018,36343.16
48132000,2019,54281.06
48132000,2020,49184.71
48132000,2021,38154.61
48132000,2022,61166.28
48139010,2008,16560.0
48139010,2009,18096.0
48139010,2010,18472.69
48139010,2011,15935.06
48139010,2012,16890.43
48139010,2013,15821.99
48139010,2014,19857.38
48139010,2015,8676.54
48139010,2016,6110.03
48139010,2017,10443.75
48139010,2018,12960.61
48139010,2019,11243.89
48139010,2020,5892.49
48139010,2021,4389.87
48139010,2022,1247.53
48139090,2008,7079.2
48139090,2009,4094.2
48139090,2010,16332.05
48139090,2011,11892.52
48139090,2012,12886.98
48139090,2013,9852.98
48139090,2014,3064.8
48139090,2015,3794.01
48139090,2016,12308.97
48139090,2017,17957.89
48139090,2018,8649.28
48139090,2019,4276.46
48139090,2020,8718.06
48139090,2021,5337.39
48139090,2022,10275.97
48142000,2008,83774.0
48142000,2009,69911.23
48142000,2010,76598.9
48142000,2011,62793.7
48142000,2012,77176.53
48142000,2013,63342.62
48142000,2014,93589.17
48142000,2015,71323.51
48142000,2016,113536.57
48142000,2017,115892.63
48142000,2018,89215.31
48142000,2019,107075.91
48142000,2020,145297.84
48142000,2021,152562.63
48142000,2022,75182.66
48149010,2008,10924.02
48149010,2009,8702.75
48149010,2010,9745.54
48149010,2011,11771.51
48149010,2012,12431.15
48149010,2013,16695.51
48149010,2014,17794.46
48149010,2015,12026.48
48149010,2016,11725.27
48149010,2017,11103.19
48149010,2018,10594.2
48149010,2019,9351.24
48149010,2020,11503.51
48149010,2021,9459.42
48149010,2022,7062.89
48149070,2008,
48149070,2009,
48149070,2010,
48149070,2011,
48149070,2012,24690.79
48149070,2013,24657.67
48149070,2014,19581.97
48149070,2015,18876.3
48149070,2016,17941.13
48149070,2017,16425.82
48149070,2018,16789.14
48149070,2019,21596.56
48149070,2020,23154.55
48149070,2021,22135.36
48149070,2022,14385.76
48162000,2008,65721.0
48162000,2009,35261.99
48162000,2010,32733.02
48162000,2011,44255.19
48162000,2012,20176.23
48162000,2013,15486.0
48162000,2014,14139.89
48162000,2015,14261.57
48162000,2016,20560.87
48162000,2017,19530.73
48162000,2018,30770.44
48162000,2019,31963.64
48162000,2020,32643.34
48162000,2021,15103.98
48162000,2022,22260.05
48169000,2008,182225.46
48169000,2009,129260.45
48169000,2010,18498.52
48169000,2011,20973.21
48169000,2012,9067.13
48169000,2013,11119.56
48169000,2014,21827.6
48169000,2015,10424.44
48169000,2016,16508.54
48169000,2017,14273.77
48169000,2018,12930.28
48169000,2019,13440.99
48169000,2020,48470.79
48169000,2021,13245.06
48169000,2022,15101.19
48171000,2008,212784.96
48171000,2009,188661.93
48171000,2010,209895.52
48171000,2011,208521.77
48171000,2012,232056.01
48171000,2013,188909.24
48171000,2014,244849.45
48171000,2015,234067.5
48171000,2016,147172.15
48171000,2017,134312.87
48171000,2018,124594.41
48171000,2019,125673.31
48171000,2020,123890.1
48171000,2021,139896.14
48171000,2022,148859.97
48172000,2008,9220.44
48172000,2009,9915.12
48172000,2010,8537.35
48172000,2011,10016.97
48172000,2012,9547.67
48172000,2013,9744.69
48172000,2014,13295.86
48172000,2015,12067.55
48172000,2016,10848.62
48172000,2017,10009.5
48172000,2018,10445.35
48172000,2019,9325.35
48172000,2020,7988.47
48172000,2021,7843.64
48172000,2022,11136.14
48173000,2008,40902.01
48173000,2009,38893.57
48173000,2010,46579.9
48173000,2011,41303.08
48173000,2012,42325.3
48173000,2013,47087.24
48173000,2014,62801.8
48173000,2015,67187.25
48173000,2016,72554.14
48173000,2017,64115.24
48173000,2018,48477.04
48173000,2019,34682.89
48173000,2020,31542.33
48173000,2021,22196.24
48173000,2022,27858.32
48181010,2008,378502.85
48181010,2009,411385.49
48181010,2010,504540.65
48181010,2011,513277.05
48181010,2012,576874.95
48181010,2013,576595.23
48181010,2014,617491.48
48181010,2015,751484.02
48181010,2016,860856.59
48181010,2017,818110.29
48181010,2018,889149.21
48181010,2019,1034021.25
48181010,2020,1266081.88
48181010,2021,1051129.49
48181010,2022,904585.24
48181090,2008,121872.41
48181090,2009,184994.14
48181090,2010,265104.24
48181090,2011,231350.68
48181090,2012,152018.02
48181090,2013,201949.52
48181090,2014,236633.68
48181090,2015,262733.17
48181090,2016,279151.53
48181090,2017,256960.99
48181090,2018,272024.88
48181090,2019,152764.03
48181090,2020,88593.18
48181090,2021,77288.61
48181090,2022,104391.54
48182010,2008,275522.01
48182010,2009,323729.94
48182010,2010,283776.65
48182010,2011,298917.34
48182010,2012,284956.4
48182010,2013,301264.44
48182010,2014,260135.77
48182010,2015,299830.45
48182010,2016,316658.87
48182010,2017,309600.11
48182010,2018,335291.64
48182010,2019,357696.59
48182010,2020,650031.32
48182010,2021,195803.26
48182010,2022,205278.38
48182091,2008,218138.92
48182091,2009,183564.87
48182091,2010,217101.11
48182091,2011,242535.91
48182091,2012,214668.34
48182091,2013,197027.05
48182091,2014,227575.9
48182091,2015,206136.91
48182091,2016,195215.8
48182091,2017,205805.65
48182091,2018,208511.56
48182091,2019,247173.78
48182091,2020,270197.95
48182091,2021,277964.44
48182091,2022,309369.89
48182099,2008,160916.81
48182099,2009,139420.73
48182099,2010,160851.97
48182099,2011,171321.48
48182099,2012,208725.48
48182099,2013,157155.83
48182099,2014,133410.56
48182099,2015,141521.95
48182099,2016,169408.47
48182099,2017,161059.72
48182099,2018,162259.8
48182099,2019,170479.23
48182099,2020,182842.89
48182099,2021,202356.06
48182099,2022,233840.61
48183000,2008,132611.1
48183000,2009,155328.73
48183000,2010,161278.38
48183000,2011,136630.44
48183000,2012,130257.36
48183000,2013,126399.95
48183000,2014,146497.65
48183000,2015,137584.58
48183000,2016,151951.82
48183000,2017,152769.23
48183000,2018,149332.78
48183000,2019,155123.68
48183000,2020,99446.6
48183000,2021,90816.45
48183000,2022,119095.45
48185000,2008,130949.23
48185000,2009,128739.25
48185000,2010,131731.26
48185000,2011,128776.0
48185000,2012,112409.4
48185000,2013,110629.17
48185000,2014,115095.86
48185000,2015,110554.38
48185000,2016,101782.54
48185000,2017,97464.12
48185000,2018,93268.11
48185000,2019,84496.19
48185000,2020,76355.37
48185000,2021,67382.86
48185000,2022,76853.3
48189010,2008,85738.77
48189010,2009,64250.96
48189010,2010,76362.32
48189010,2011,87600.34
48189010,2012,87470.86
48189010,2013,104514.57
48189010,2014,109862.97
48189010,2015,122902.99
48189010,2016,103512.64
48189010,2017,97554.59
48189010,2018,98521.01
48189010,2019,139143.47
48189010,2020,144380.8
48189010,2021,76825.61
48189010,2022,71444.64
48189090,2008,183038.11
48189090,2009,188795.2
48189090,2010,176804.95
48189090,2011,152601.29
48189090,2012,243951.01
48189090,2013,251967.99
48189090,2014,292688.09
48189090,2015,321214.38
48189090,2016,343457.24
48189090,2017,337306.04
48189090,2018,371397.88
48189090,2019,398615.67
48189090,2020,434816.67
48189090,2021,397529.93
48189090,2022,391001.42
48191000,2008,1843068.18
48191000,2009,1794677.03
48191000,2010,2059216.58
48191000,2011,1798217.92
48191000,2012,1662533.36
48191000,2013,1633450.58
48191000,2014,1725282.74
48191000,2015,1704337.73
48191000,2016,1880486.58
48191000,2017,1908250.57
48191000,2018,1968389.8
48191000,2019,2404250.42
48191000,2020,2679342.95
48191000,2021,2775752.85
48191000,2022,2540869.09
48192000,2008,1358232.78
48192000,2009,1221167.83
48192000,2010,1346821.06
48192000,2011,1175099.5
48192000,2012,1117610.12
48192000,2013,1139620.06
48192000,2014,1530051.17
48192000,2015,2035958.47
48192000,2016,2271806.52
48192000,2017,1548695.15
48192000,2018,3004538.99
48192000,2019,4346273.05
48192000,2020,4209288.89
48192000,2021,1532128.31
48192000,2022,1809545.31
48193000,2008,160683.06
48193000,2009,126046.49
48193000,2010,147879.67
48193000,2011,168219.59
48193000,2012,138218.6
48193000,2013,151731.93
48193000,2014,153423.82
48193000,2015,231484.05
48193000,2016,163694.58
48193000,2017,187218.07
48193000,2018,316361.28
48193000,2019,295761.79
48193000,2020,304404.89
48193000,2021,309414.19
48193000,2022,370948.19
48194000,2008,1059706.75
48194000,2009,990358.23
48194000,2010,1026773.82
48194000,2011,1108852.49
48194000,2012,1100812.26
48194000,2013,1085671.71
48194000,2014,1159965.78
48194000,2015,1152657.51
48194000,2016,1202689.67
48194000,2017,1358660.23
48194000,2018,1428488.66
48194000,2019,1514187.13
48194000,2020,1531183.14
48194000,2021,1909359.75
48194000,2022,2353291.96
48195000,2008,470854.82
48195000,2009,316114.81
48195000,2010,330526.6
48195000,2011,427442.7
48195000,2012,450420.89
48195000,2013,452365.75
48195000,2014,422061.04
48195000,2015,425452.42
48195000,2016,387515.32
48195000,2017,439543.04
48195000,2018,417085.13
48195000,2019,485353.3
48195000,2020,462889.82
48195000,2021,665507.83
48195000,2022,772157.92
48196000,2008,255306.81
48196000,2009,177296.19
48196000,2010,191049.93
48196000,2011,218097.27
48196000,2012,157580.0
48196000,2013,158654.95
48196000,2014,158334.11
48196000,2015,160379.4
48196000,2016,162334.65
48196000,2017,155871.01
48196000,2018,154439.51
48196000,2019,166219.23
48196000,2020,160606.23
48196000,2021,207756.56
48196000,2022,187509.53
48201010,2008,17107.5
48201010,2009,15485.57
48201010,2010,23762.12
48201010,2011,23094.83
48201010,2012,25351.45
48201010,2013,14212.46
48201010,2014,16758.23
48201010,2015,15977.13
48201010,2016,15541.88
48201010,2017,23064.92
48201010,2018,24054.66
48201010,2019,25928.06
48201010,2020,13527.69
48201010,2021,15223.16
48201010,2022,34030.23
48201030,2008,357245.82
48201030,2009,323050.08
48201030,2010,401765.06
48201030,2011,382147.7
48201030,2012,339863.47
48201030,2013,348108.51
48201030,2014,368532.61
48201030,2015,408951.96
48201030,2016,432782.78
48201030,2017,450549.32
48201030,2018,507496.09
48201030,2019,547100.16
48201030,2020,428256.83
48201030,2021,431181.3
48201030,2022,508200.74
48201050,2008,201082.93
48201050,2009,153921.16
48201050,2010,149512.29
48201050,2011,159761.81
48201050,2012,163813.96
48201050,2013,138244.74
48201050,2014,147854.44
48201050,2015,139253.97
48201050,2016,141716.49
48201050,2017,139360.29
48201050,2018,148172.4
48201050,2019,157987.95
48201050,2020,144960.64
48201050,2021,156616.13
48201050,2022,183338.48
48202000,2008,269524.58
48202000,2009,220111.47
48202000,2010,277076.36
48202000,2011,267320.39
48202000,2012,210384.65
48202000,2013,173414.59
48202000,2014,198144.21
48202000,2015,166432.44
48202000,2016,182806.06
48202000,2017,169002.71
48202000,2018,152656.3
48202000,2019,156349.41
48202000,2020,148663.61
48202000,2021,150379.57
48202000,2022,234444.01
48203000,2008,224058.08
48203000,2009,182468.75
48203000,2010,225399.98
48203000,2011,219549.66
48203000,2012,195174.29
48203000,2013,191164.68
48203000,2014,205628.35
48203000,2015,224386.18
48203000,2016,207882.35
48203000,2017,191016.16
48203000,2018,180041.35
48203000,2019,176938.95
48203000,2020,155495.92
48203000,2021,146898.43
48203000,2022,153147.68
48205000,2008,216863.38
48205000,2009,185765.72
48205000,2010,188922.24
48205000,2011,154915.72
48205000,2012,129551.98
48205000,2013,106752.76
48205000,2014,123020.68
48205000,2015,107366.64
48205000,2016,101971.07
48205000,2017,95916.85
48205000,2018,93384.82
48205000,2019,91979.84
48205000,2020,83347.73
48205000,2021,95249.34
48205000,2022,80017.84
48211010,2008,146061.91
48211010,2009,189063.47
48211010,2010,201604.93
48211010,2011,219405.13
48211010,2012,281658.79
48211010,2013,278362.19
48211010,2014,384328.96
48211010,2015,337305.1
48211010,2016,280225.74
48211010,2017,345190.17
48211010,2018,299362.69
48211010,2019,374793.56
48211010,2020,371675.91
48211010,2021,125099.04
48211010,2022,129743.88
48211090,2008,148599.34
48211090,2009,107281.08
48211090,2010,119173.79
48211090,2011,119471.16
48211090,2012,126845.45
48211090,2013,169906.46
48211090,2014,201101.28
48211090,2015,171716.48
48211090,2016,106696.09
48211090,2017,155955.38
48211090,2018,133367.5
48211090,2019,234981.22
48211090,2020,247231.76
48211090,2021,75455.99
48211090,2022,89850.7
48219010,2008,51885.01
48219010,2009,49048.81
48219010,2010,57274.79
48219010,2011,62909.58
48219010,2012,68374.33
48219010,2013,79910.37
48219010,2014,82689.71
48219010,2015,83250.0
48219010,2016,84140.72
48219010,2017,92205.58
48219010,2018,397691.04
48219010,2019,299188.03
48219010,2020,173173.8
48219010,2021,81108.39
48219010,2022,118017.22
48219090,2008,40653.62
48219090,2009,24992.41
48219090,2010,30801.69
48219090,2011,33952.05
48219090,2012,29577.25
48219090,2013,28630.83
48219090,2014,57258.99
48219090,2015,34799.86
48219090,2016,22440.53
48219090,2017,28824.78
48219090,2018,32598.82
48219090,2019,34738.02
48219090,2020,29859.21
48219090,2021,41729.39
48219090,2022,45414.41
48221000,2008,42457.9
48221000,2009,38305.78
48221000,2010,44852.13
48221000,2011,45443.4
48221000,2012,46061.37
48221000,2013,48746.07
48221000,2014,58805.13
48221000,2015,56341.73
48221000,2016,55759.88
48221000,2017,18790.04
48221000,2018,21720.38
48221000,2019,18147.21
48221000,2020,11798.9
48221000,2021,14185.41
48221000,2022,14252.68
48229000,2008,62171.56
48229000,2009,69804.37
48229000,2010,79050.41
48229000,2011,81307.77
48229000,2012,78710.84
48229000,2013,85042.0
48229000,2014,84495.11
48229000,2015,89315.54
48229000,2016,115080.41
48229000,2017,128040.03
48229000,2018,142721.37
48229000,2019,151451.12
48229000,2020,160546.51
48229000,2021,210493.88
48229000,2022,177656.84
48232000,2008,104654.52
48232000,2009,70430.57
48232000,2010,85627.73
48232000,2011,84350.81
48232000,2012,85302.47
48232000,2013,92805.24
48232000,2014,140728.15
48232000,2015,77641.73
48232000,2016,65003.17
48232000,2017,66763.63
48232000,2018,55305.86
48232000,2019,58319.1
48232000,2020,58336.67
48232000,2021,65821.32
48232000,2022,70002.17
48234000,2008,21004.99
48234000,2009,17074.76
48234000,2010,21839.79
48234000,2011,22595.54
48234000,2012,23858.31
48234000,2013,17245.36
48234000,2014,13175.56
48234000,2015,12890.32
48234000,2016,16995.2
48234000,2017,19925.88
48234000,2018,29037.22
48234000,2019,27898.76
48234000,2020,21726.87
48234000,2021,30252.82
48234000,2022,25910.13
48236100,2008,20210.0
48236100,2009,13915.08
48236100,2010,18093.33
48236100,2011,11823.85
48236100,2012,5212.96
48236100,2013,5434.12
48236100,2014,5535.03
48236100,2015,5676.21
48236100,2016,6213.74
48236100,2017,8658.4
48236100,2018,8570.13
48236100,2019,15640.19
48236100,2020,21547.35
48236100,2021,35111.43
48236100,2022,30177.34
48236910,2008,84951.13
48236910,2009,78638.16
48236910,2010,92847.76
48236910,2011,113998.27
48236910,2012,97710.0
48236910,2013,97973.82
48236910,2014,99562.23
48236910,2015,104795.68
48236910,2016,113982.73
48236910,2017,123931.36
48236910,2018,153777.01
48236910,2019,225175.49
48236910,2020,219078.54
48236910,2021,284168.67
48236910,2022,420222.26
48236990,2008,243148.94
48236990,2009,285969.5
48236990,2010,322843.88
48236990,2011,387994.92
48236990,2012,417311.8
48236990,2013,465469.34
48236990,2014,520149.83
48236990,2015,586396.5
48236990,2016,667058.07
48236990,2017,708153.21
48236990,2018,785586.24
48236990,2019,966932.93
48236990,2020,956986.95
48236990,2021,1176144.74
48236990,2022,1614021.31
48237010,2008,36890.97
48237010,2009,56685.5
48237010,2010,44984.37
48237010,2011,45313.66
48237010,2012,45856.8
48237010,2013,58193.14
48237010,2014,68040.97
48237010,2015,56538.02
48237010,2016,59887.73
48237010,2017,64787.93
48237010,2018,69989.91
48237010,2019,76000.17
48237010,2020,113998.51
48237010,2021,115275.94
48237010,2022,97517.36
48237090,2008,98943.27
48237090,2009,102122.62
48237090,2010,137795.17
48237090,2011,156785.44
48237090,2012,136396.97
48237090,2013,131097.62
48237090,2014,152966.76
48237090,2015,158549.7
48237090,2016,180341.53
48237090,2017,213785.53
48237090,2018,260996.98
48237090,2019,328274.83
48237090,2020,446882.95
48237090,2021,604160.67
48237090,2022,617411.55
48239040,2008,70572.26
48239040,2009,131816.39
48239040,2010,147575.28
48239040,2011,77426.2
48239040,2012,69845.83
48239040,2013,71887.81
48239040,2014,90576.89
48239040,2015,86734.37
48239040,2016,92871.82
48239040,2017,72137.69
48239040,2018,91939.83
48239040,2019,93475.55
48239040,2020,93386.68
48239040,2021,85779.99
48239040,2022,92537.66
48239085,2008,649613.44
48239085,2009,631548.34
48239085,2010,692427.45
48239085,2011,527947.09
48239085,2012,474121.53
48239085,2013,462247.76
48239085,2014,487772.98
48239085,2015,552681.25
48239085,2016,590837.28
48239085,2017,594480.27
48239085,2018,673733.79
48239085,2019,736389.78
48239085,2020,782074.58
48239085,2021,865295.1
48239085,2022,907781.49
54021100,2008,13190.0
54021100,2009,27672.0
54021100,2010,18563.36
54021100,2011,13292.59
54021100,2012,15338.22
54021100,2013,12638.08
54021100,2014,15227.86
54021100,2015,16402.04
54021100,2016,17678.99
54021100,2017,15120.92
54021100,2018,76842.38
54021100,2019,51379.24
54021100,2020,44457.95
54021100,2021,43065.91
54021100,2022,48860.15
54021900,2008,563620.79
54021900,2009,414412.85
54021900,2010,508102.25
54021900,2011,490217.5
54021900,2012,429045.86
54021900,2013,455888.66
54021900,2014,474659.07
54021900,2015,489414.85
54021900,2016,550365.33
54021900,2017,628195.1
54021900,2018,638276.08
54021900,2019,594504.55
54021900,2020,484144.29
54021900,2021,562370.7
54021900,2022,592602.02
54022000,2008,1000931.93
54022000,2009,898989.35
54022000,2010,1302306.55
54022000,2011,1499866.04
54022000,2012,1352058.98
54022000,2013,1477072.29
54022000,2014,1564739.8
54022000,2015,1559908.13
54022000,2016,1679131.23
54022000,2017,1744854.24
54022000,2018,1792883.49
54022000,2019,1742303.97
54022000,2020,1470281.01
54022000,2021,1786784.14
54022000,2022,1748863.26
54023100,2008,79058.65
54023100,2009,69572.14
54023100,2010,74842.41
54023100,2011,68090.78
54023100,2012,68172.0
54023100,2013,55069.03
54023100,2014,67179.7
54023100,2015,68483.3
54023100,2016,76739.62
54023100,2017,77874.45
54023100,2018,89627.99
54023100,2019,101715.83
54023100,2020,105553.82
54023100,2021,99434.43
54023100,2022,136864.65
54023200,2008,90840.05
54023200,2009,39343.27
54023200,2010,82144.13
54023200,2011,130448.76
54023200,2012,98870.75
54023200,2013,142266.56
54023200,2014,159730.31
54023200,2015,156546.57
54023200,2016,156768.6
54023200,2017,177553.27
54023200,2018,145440.01
54023200,2019,170339.04
54023200,2020,111149.19
54023200,2021,60507.28
54023200,2022,46577.32
54023300,2008,1628769.87
54023300,2009,1338571.03
54023300,2010,1765868.31
54023300,2011,1725453.0
54023300,2012,1628370.61
54023300,2013,1835996.3
54023300,2014,2064273.71
54023300,2015,2094788.85
54023300,2016,2225433.2
54023300,2017,2226784.09
54023300,2018,2261047.95
54023300,2019,2164823.26
54023300,2020,1961817.0
54023300,2021,2188183.88
54023300,2022,1970931.82
54023400,2008,128973.61
54023400,2009,126715.73
54023400,2010,243318.96
54023400,2011,176500.88
54023400,2012,127022.88
54023400,2013,157343.78
54023400,2014,135984.02
54023400,2015,178512.27
54023400,2016,235520.16
54023400,2017,223668.13
54023400,2018,176639.06
54023400,2019,84274.69
54023400,2020,52547.51
54023400,2021,92221.22
54023400,2022,131565.53
54023900,2008,19892.12
54023900,2009,20564.0
54023900,2010,14217.67
54023900,2011,11071.49
54023900,2012,11571.48
54023900,2013,17993.81
54023900,2014,24964.1
54023900,2015,18247.16
54023900,2016,18859.78
54023900,2017,16231.02
54023900,2018,14894.4
54023900,2019,2851.63
54023900,2020,1773.05
54023900,2021,2761.36
54023900,2022,6906.89
54024400,2008,54958.1
54024400,2009,50483.03
54024400,2010,57118.55
54024400,2011,60559.43
54024400,2012,56219.59
54024400,2013,94354.74
54024400,2014,102553.45
54024400,2015,89617.65
54024400,2016,120271.55
54024400,2017,135930.91
54024400,2018,124974.36
54024400,2019,104108.65
54024400,2020,96616.63
54024400,2021,308198.49
54024400,2022,143694.05
54024500,2008,130952.9
54024500,2009,82646.88
54024500,2010,102517.63
54024500,2011,111054.84
54024500,2012,90679.17
54024500,2013,112673.37
54024500,2014,119857.63
54024500,2015,106549.94
54024500,2016,145793.93
54024500,2017,148864.08
54024500,2018,133487.31
54024500,2019,127425.68
54024500,2020,105357.3
54024500,2021,141151.13
54024500,2022,161168.67
54024600,2008,221071.06
54024600,2009,218020.89
54024600,2010,237663.8
54024600,2011,211562.27
54024600,2012,185004.64
54024600,2013,236925.8
54024600,2014,181642.67
54024600,2015,222691.02
54024600,2016,221339.17
54024600,2017,259260.83
54024600,2018,219542.57
54024600,2019,220036.48
54024600,2020,182173.8
54024600,2021,232276.03
54024600,2022,225483.44
54024700,2008,319594.14
54024700,2009,256696.0
54024700,2010,352103.59
54024700,2011,348060.51
54024700,2012,326846.74
54024700,2013,355943.41
54024700,2014,414541.75
54024700,2015,398583.46
54024700,2016,404791.08
54024700,2017,389229.41
54024700,2018,456773.37
54024700,2019,391342.3
54024700,2020,319126.31
54024700,2021,337682.91
54024700,2022,346774.92
54024800,2008,51888.68
54024800,2009,46461.69
54024800,2010,51020.27
54024800,2011,95972.74
54024800,2012,101899.1
54024800,2013,90743.82
54024800,2014,92724.44
54024800,2015,84570.29
54024800,2016,78493.05
54024800,2017,75469.5
54024800,2018,77553.84
54024800,2019,79118.84
54024800,2020,63767.23
54024800,2021,63462.05
54024800,2022,89010.2
54024900,2008,218867.96
54024900,2009,122865.26
54024900,2010,181286.36
54024900,2011,247770.68
54024900,2012,221700.55
54024900,2013,208501.98
54024900,2014,230377.62
54024900,2015,214628.19
54024900,2016,224010.8
54024900,2017,229536.5
54024900,2018,239148.9
54024900,2019,242484.56
54024900,2020,187224.28
54024900,2021,205116.88
54024900,2022,232199.56
54025100,2008,3336.15
54025100,2009,2665.76
54025100,2010,2847.15
54025100,2011,2033.21
54025100,2012,2512.98
54025100,2013,3614.84
54025100,2014,8916.27
54025100,2015,9132.54
54025100,2016,11493.68
54025100,2017,10295.25
54025100,2018,15021.53
54025100,2019,12164.21
54025100,2020,10133.96
54025100,2021,7626.82
54025100,2022,9481.97
54025200,2008,82705.0
54025200,2009,64065.0
54025200,2010,94326.25
54025200,2011,102785.75
54025200,2012,75921.31
54025200,2013,53964.4
54025200,2014,40386.47
54025200,2015,71595.28
54025200,2016,75247.99
54025200,2017,69382.29
54025200,2018,54917.41
54025200,2019,51020.62
54025200,2020,37980.31
54025200,2021,29815.05
54025200,2022,35776.26
54025300,2008,
54025300,2009,
54025300,2010,
54025300,2011,
54025300,2012,
54025300,2013,
54025300,2014,
54025300,2015,
54025300,2016,
54025300,2017,103529.01
54025300,2018,141812.02
54025300,2019,139021.1
54025300,2020,47211.65
54025300,2021,85687.77
54025300,2022,89859.29
54025900,2008,
54025900,2009,
54025900,2010,
54025900,2011,
54025900,2012,
54025900,2013,
54025900,2014,
54025900,2015,
54025900,2016,
54025900,2017,27701.42
54025900,2018,11839.07
54025900,2019,9620.31
54025900,2020,9607.53
54025900,2021,8154.23
54025900,2022,7885.62
54031000,2008,43925.0
54031000,2009,41319.0
54031000,2010,36706.93
54031000,2011,42147.14
54031000,2012,42034.4
54031000,2013,41157.11
54031000,2014,39883.75
54031000,2015,34891.18
54031000,2016,37242.95
54031000,2017,33178.85
54031000,2018,34354.47
54031000,2019,16911.22
54031000,2020,16115.69
54031000,2021,16822.28
54031000,2022,6075.82
54033100,2008,66191.91
54033100,2009,56316.15
54033100,2010,68445.25
54033100,2011,68875.7
54033100,2012,65686.99
54033100,2013,74491.83
54033100,2014,90696.21
54033100,2015,53856.32
54033100,2016,59086.33
54033100,2017,64021.19
54033100,2018,65981.71
54033100,2019,44388.81
54033100,2020,32907.48
54033100,2021,31699.77
54033100,2022,51603.06
54033200,2008,4879.0
54033200,2009,3107.0
54033200,2010,2577.93
54033200,2011,5602.88
54033200,2012,5623.98
54033200,2013,2706.5
54033200,2014,3062.86
54033200,2015,4045.16
54033200,2016,4579.82
54033200,2017,1920.88
54033200,2018,1472.53
54033200,2019,3842.88
54033200,2020,3001.77
54033200,2021,717.86
54033200,2022,1243.32
54033300,2008,12105.0
54033300,2009,16708.0
54033300,2010,30308.85
54033300,2011,32110.72
54033300,2012,15350.71
54033300,2013,26042.8
54033300,2014,31900.47
54033300,2015,9019.22
54033300,2016,2944.17
54033300,2017,4312.41
54033300,2018,46976.96
54033300,2019,33309.73
54033300,2020,15780.89
54033300,2021,20882.99
54033300,2022,38127.76
54033900,2008,19050.0
54033900,2009,14055.0
54033900,2010,15020.94
54033900,2011,17523.17
54033900,2012,16131.43
54033900,2013,12662.03
54033900,2014,14515.78
54033900,2015,14043.5
54033900,2016,16085.66
54033900,2017,12521.03
54033900,2018,11181.07
54033900,2019,13046.73
54033900,2020,6173.25
54033900,2021,6119.14
54033900,2022,11250.34
54041100,2008,14963.2
54041100,2009,10793.87
54041100,2010,7661.71
54041100,2011,4512.7
54041100,2012,3295.67
54041100,2013,1641.45
54041100,2014,8940.83
54041100,2015,1694.07
54041100,2016,10494.19
54041100,2017,2474.43
54041100,2018,2498.3
54041100,2019,2948.26
54041100,2020,2135.05
54041100,2021,3752.9
54041100,2022,5288.0
54041200,2008,6283.62
54041200,2009,6821.61
54041200,2010,7765.29
54041200,2011,4651.31
54041200,2012,5309.4
54041200,2013,7213.08
54041200,2014,6462.83
54041200,2015,5508.16
54041200,2016,14485.91
54041200,2017,4320.35
54041200,2018,1903.4
54041200,2019,2780.65
54041200,2020,3413.79
54041200,2021,6408.85
54041200,2022,3311.66
54041900,2008,38666.22
54041900,2009,32894.02
54041900,2010,42436.4
54041900,2011,47652.25
54041900,2012,44170.13
54041900,2013,49616.05
54041900,2014,51747.57
54041900,2015,52774.97
54041900,2016,51609.51
54041900,2017,45303.97
54041900,2018,66438.34
54041900,2019,70108.43
54041900,2020,74958.82
54041900,2021,107391.98
54041900,2022,85943.41
54049010,2008,
54049010,2009,28545.7
54049010,2010,39355.5
54049010,2011,61709.45
54049010,2012,48685.69
54049010,2013,64892.76
54049010,2014,87153.86
54049010,2015,70058.87
54049010,2016,63614.47
54049010,2017,43613.43
54049010,2018,48641.7
54049010,2019,42188.38
54049010,2020,60313.1
54049010,2021,81629.69
54049010,2022,106146.33
54049090,2008,124647.7
54049090,2009,128002.32
54049090,2010,134441.01
54049090,2011,84934.0
54049090,2012,78921.48
54049090,2013,92208.52
54049090,2014,98977.83
54049090,2015,173651.6
54049090,2016,214350.9
54049090,2017,227753.42
54049090,2018,256540.62
54049090,2019,237666.73
54049090,2020,244194.64
54049090,2021,292636.59
54049090,2022,289848.39
54050000,2008,1254.35
54050000,2009,2295.9
54050000,2010,2134.7
54050000,2011,817.24
54050000,2012,1647.32
54050000,2013,1325.71
54050000,2014,1955.0
54050000,2015,2784.89
54050000,2016,2837.17
54050000,2017,1405.29
54050000,2018,1635.62
54050000,2019,1008.49
54050000,2020,387.67
54050000,2021,706.19
54050000,2022,3465.63
55011100,2008,
55011100,2009,
55011100,2010,
55011100,2011,
55011100,2012,
55011100,2013,
55011100,2014,
55011100,2015,
55011100,2016,
55011100,2017,
55011100,2018,
55011100,2019,
55011100,2020,
55011100,2021,
55011100,2022,1826.59
55011900,2008,
55011900,2009,
55011900,2010,
55011900,2011,
55011900,2012,
55011900,2013,
55011900,2014,
55011900,2015,
55011900,2016,
55011900,2017,
55011900,2018,
55011900,2019,
55011900,2020,
55011900,2021,
55011900,2022,3350.65
55012000,2008,89842.07
55012000,2009,50472.0
55012000,2010,90438.99
55012000,2011,113857.54
55012000,2012,48051.67
55012000,2013,48334.97
55012000,2014,46743.58
55012000,2015,44084.1
55012000,2016,31854.87
55012000,2017,23797.39
55012000,2018,30013.08
55012000,2019,17104.4
55012000,2020,11260.44
55012000,2021,16775.48
55012000,2022,16749.22
55013000,2008,152933.0
55013000,2009,158721.0
55013000,2010,160819.98
55013000,2011,160348.4
55013000,2012,159936.55
55013000,2013,216176.04
55013000,2014,203744.44
55013000,2015,175144.0
55013000,2016,170322.08
55013000,2017,170568.53
55013000,2018,125682.62
55013000,2019,112005.41
55013000,2020,112997.76
55013000,2021,143252.63
55013000,2022,159325.59
55014000,2008,390.0
55014000,2009,731.0
55014000,2010,786.51
55014000,2011,408.35
55014000,2012,720.7
55014000,2013,254.55
55014000,2014,338.33
55014000,2015,618.2
55014000,2016,140.46
55014000,2017,956.76
55014000,2018,904.64
55014000,2019,810.19
55014000,2020,347.6
55014000,2021,3198.27
55014000,2022,1860.0
55019000,2008,8937.0
55019000,2009,8096.0
55019000,2010,8291.07
55019000,2011,10861.18
55019000,2012,7627.0
55019000,2013,7447.14
55019000,2014,8919.21
55019000,2015,9263.87
55019000,2016,9545.45
55019000,2017,11487.31
55019000,2018,20257.12
55019000,2019,13969.03
55019000,2020,15260.95
55019000,2021,18283.29
55019000,2022,21788.47
55021000,2008,
55021000,2009,
55021000,2010,
55021000,2011,
55021000,2012,
55021000,2013,
55021000,2014,
55021000,2015,
55021000,2016,
55021000,2017,338458.14
55021000,2018,291829.73
55021000,2019,350315.73
55021000,2020,607452.9
55021000,2021,320997.06
55021000,2022,638957.18
55031100,2008,20387.0
55031100,2009,10635.0
55031100,2010,17593.18
55031100,2011,22710.98
55031100,2012,18859.25
55031100,2013,22267.76
55031100,2014,27275.97
55031100,2015,26860.31
55031100,2016,24969.29
55031100,2017,31861.97
55031100,2018,45908.42
55031100,2019,47397.6
55031100,2020,35509.92
55031100,2021,43961.23
55031100,2022,49954.09
55031900,2008,74022.0
55031900,2009,78754.0
55031900,2010,90178.34
55031900,2011,92042.21
55031900,2012,79859.34
55031900,2013,93073.21
55031900,2014,109841.48
55031900,2015,110995.1
55031900,2016,131032.97
55031900,2017,113150.19
55031900,2018,111829.31
55031900,2019,96001.75
55031900,2020,86217.62
55031900,2021,72013.52
55031900,2022,87359.8
55032000,2008,3244751.07
55032000,2009,3273245.75
55032000,2010,3954208.49
55032000,2011,4416200.25
55032000,2012,4295795.64
55032000,2013,4713971.09
55032000,2014,5254000.26
55032000,2015,5468611.74
55032000,2016,5978194.13
55032000,2017,5963605.92
55032000,2018,5986677.18
55032000,2019,6075490.75
55032000,2020,6088593.62
55032000,2021,6611098.49
55032000,2022,6462172.25
55033000,2008,132906.0
55033000,2009,105901.4
55033000,2010,136742.67
55033000,2011,98273.77
55033000,2012,78861.59
55033000,2013,133876.53
55033000,2014,174519.97
55033000,2015,174482.06
55033000,2016,175996.79
55033000,2017,155960.08
55033000,2018,167449.75
55033000,2019,137999.35
55033000,2020,133677.49
55033000,2021,195888.43
55033000,2022,254903.24
55034000,2008,211995.48
55034000,2009,160865.9
55034000,2010,149469.02
55034000,2011,204744.48
55034000,2012,207452.72
55034000,2013,224175.96
55034000,2014,314126.65
55034000,2015,323418.86
55034000,2016,409356.78
55034000,2017,412410.63
55034000,2018,378750.12
55034000,2019,350920.91
55034000,2020,324768.33
55034000,2021,292306.38
55034000,2022,297843.88
55039000,2008,
55039000,2009,174936.8
55039000,2010,247199.28
55039000,2011,249320.14
55039000,2012,183716.35
55039000,2013,199093.36
55039000,2014,218966.95
55039000,2015,203799.93
55039000,2016,179700.81
55039000,2017,197609.66
55039000,2018,181728.85
55039000,2019,201105.22
55039000,2020,200497.31
55039000,2021,223515.28
55039000,2022,206284.91
56012110,2008,34619.25
56012110,2009,31574.24
56012110,2010,32746.49
56012110,2011,32093.38
56012110,2012,27464.71
56012110,2013,22680.59
56012110,2014,29276.83
56012110,2015,29228.11
56012110,2016,37618.18
56012110,2017,37946.66
56012110,2018,39408.8
56012110,2019,47721.76
56012110,2020,60644.1
56012110,2021,71989.76
56012110,2022,114840.95
56012190,2008,45016.3
56012190,2009,42751.35
56012190,2010,42774.86
56012190,2011,35916.54
56012190,2012,39172.32
56012190,2013,40695.19
56012190,2014,36694.87
56012190,2015,36908.97
56012190,2016,36024.53
56012190,2017,32113.83
56012190,2018,30946.57
56012190,2019,31448.89
56012190,2020,26451.9
56012190,2021,21901.58
56012190,2022,23834.32
56012210,2008,42491.77
56012210,2009,42885.46
56012210,2010,36765.47
56012210,2011,44229.03
56012210,2012,22260.6
56012210,2013,16477.47
56012210,2014,26990.04
56012210,2015,31613.8
56012210,2016,27827.7
56012210,2017,30473.44
56012210,2018,34540.58
56012210,2019,34178.24
56012210,2020,39341.81
56012210,2021,45254.41
56012210,2022,45128.47
56012290,2008,
56012290,2009,23252.43
56012290,2010,24273.29
56012290,2011,29545.75
56012290,2012,30799.08
56012290,2013,36803.43
56012290,2014,36459.18
56012290,2015,44168.38
56012290,2016,58760.44
56012290,2017,51725.37
56012290,2018,52589.48
56012290,2019,57101.99
56012290,2020,64131.64
56012290,2021,68015.83
56012290,2022,38235.16
56012900,2008,5837.61
56012900,2009,4665.56
56012900,2010,6826.99
56012900,2011,4353.91
56012900,2012,5760.98
56012900,2013,5673.96
56012900,2014,8678.32
56012900,2015,6465.6
56012900,2016,6629.49
56012900,2017,8345.96
56012900,2018,9203.76
56012900,2019,10913.12
56012900,2020,11301.11
56012900,2021,4835.31
56012900,2022,3752.97
59050010,2008,272.02
59050010,2009,143.14
59050010,2010,856.95
59050010,2011,739.95
59050010,2012,872.18
59050010,2013,434.66
59050010,2014,524.39
59050010,2015,358.42
59050010,2016,402.41
59050010,2017,347.54
59050010,2018,459.65
59050010,2019,579.82
59050010,2020,339.74
59050010,2021,434.9
59050010,2022,850.75
59050030,2008,5.0
59050030,2009,4.0
59050030,2010,12.94
59050030,2011,11.62
59050030,2012,33.19
59050030,2013,2.1
59050030,2014,2.79
59050030,2015,5.29
59050030,2016,1.69
59050030,2017,5.9
59050030,2018,0.92
59050030,2019,3.37
59050030,2020,4.02
59050030,2021,17.01
59050030,2022,21.61
59050050,2008,91.0
59050050,2009,3.0
59050050,2010,8.49
59050050,2011,4.43
59050050,2012,61.81
59050050,2013,124.71
59050050,2014,4.05
59050050,2015,3.4
59050050,2016,16.94
59050050,2017,17.48
59050050,2018,23.55
59050050,2019,39.87
59050050,2020,7.67
59050050,2021,70.76
59050050,2022,109.59
59050070,2008,1081.0
59050070,2009,1057.0
59050070,2010,633.91
59050070,2011,748.86
59050070,2012,844.13
59050070,2013,854.61
59050070,2014,861.87
59050070,2015,794.67
59050070,2016,643.79
59050070,2017,1131.81
59050070,2018,718.73
59050070,2019,1075.89
59050070,2020,1734.28
59050070,2021,1871.72
59050070,2022,1618.78
59050090,2008,935.16
59050090,2009,1830.44
59050090,2010,542.04
59050090,2011,587.17
59050090,2012,648.99
59050090,2013,714.53
59050090,2014,717.01
59050090,2015,663.89
59050090,2016,692.3
59050090,2017,750.25
59050090,2018,742.74
59050090,2019,852.2
59050090,2020,1815.21
59050090,2021,1299.83
59050090,2022,1134.2
68010000,2008,16557624.58
68010000,2009,14252544.3
68010000,2010,15028354.1
68010000,2011,15481411.61
68010000,2012,13345681.71
68010000,2013,11954025.62
68010000,2014,12657042.78
68010000,2015,12168683.45
68010000,2016,11128835.55
68010000,2017,11802439.2
68010000,2018,12489521.5
68010000,2019,12816302.16
68010000,2020,10030622.23
68010000,2021,7832976.1
68010000,2022,6021891.35
68021000,2008,568253.39
68021000,2009,456126.64
68021000,2010,602615.77
68021000,2011,502100.03
68021000,2012,474550.65
68021000,2013,425944.44
68021000,2014,427794.58
68021000,2015,427495.6
68021000,2016,379734.88
68021000,2017,344472.88
68021000,2018,468985.01
68021000,2019,439792.55
68021000,2020,364463.51
68021000,2021,279911.48
68021000,2022,233266.46
68022100,2008,2005868.49
68022100,2009,1623425.8
68022100,2010,1853344.05
68022100,2011,2139068.1
68022100,2012,1793731.41
68022100,2013,1794245.43
68022100,2014,1648698.29
68022100,2015,1732760.42
68022100,2016,1534240.46
68022100,2017,1900525.78
68022100,2018,2210662.48
68022100,2019,2349117.75
68022100,2020,2902377.6
68022100,2021,3508397.35
68022100,2022,3325023.45
68022900,2008,2135028.55
68022900,2009,1871885.2
68022900,2010,1955960.37
68022900,2011,1326959.32
68022900,2012,1138086.34
68022900,2013,985018.0
68022900,2014,1312551.72
68022900,2015,1024566.44
68022900,2016,1100449.76
68022900,2017,919854.0
68022900,2018,1008023.23
68022900,2019,800273.54
68022900,2020,807411.89
68022900,2021,832814.2
68022900,2022,753002.16
68029100,2008,
68029100,2009,
68029100,2010,
68029100,2011,1586819.07
68029100,2012,1503620.51
68029100,2013,1501663.13
68029100,2014,1753320.35
68029100,2015,1786829.53
68029100,2016,2072267.18
68029100,2017,2268111.41
68029100,2018,2384332.17
68029100,2019,2516518.21
68029100,2020,2819068.54
68029100,2021,3725980.51
68029100,2022,3435658.04
68029200,2008,
68029200,2009,
68029200,2010,
68029200,2011,1177814.27
68029200,2012,835281.26
68029200,2013,876417.96
68029200,2014,1032569.52
68029200,2015,743766.25
68029200,2016,776462.24
68029200,2017,724421.98
68029200,2018,724310.91
68029200,2019,642608.18
68029200,2020,689082.42
68029200,2021,663181.63
68029200,2022,508083.27
68029910,2008,396951.99
68029910,2009,474651.01
68029910,2010,582517.74
68029910,2011,565084.92
68029910,2012,563213.12
68029910,2013,526781.32
68029910,2014,520983.54
68029910,2015,428112.36
68029910,2016,447279.01
68029910,2017,443952.67
68029910,2018,439001.44
68029910,2019,382477.4
68029910,2020,445368.25
68029910,2021,480111.61
68029910,2022,423587.42
68029990,2008,2187499.26
68029990,2009,1798931.32
68029990,2010,1721119.51
68029990,2011,1600781.95
68029990,2012,1055652.07
68029990,2013,1041965.91
68029990,2014,896239.49
68029990,2015,814304.8
68029990,2016,1003595.95
68029990,2017,837505.01
68029990,2018,895068.12
68029990,2019,828509.83
68029990,2020,815272.43
68029990,2021,951598.03
68029990,2022,727724.66
68030010,2008,664402.01
68030010,2009,537444.3
68030010,2010,529709.44
68030010,2011,
68030010,2012,481041.82
68030010,2013,418772.09
68030010,2014,409661.2
68030010,2015,385880.88
68030010,2016,449133.48
68030010,2017,378955.84
68030010,2018,331880.65
68030010,2019,373780.82
68030010,2020,422322.15
68030010,2021,347539.56
68030010,2022,334822.56
68030090,2008,948055.62
68030090,2009,788015.99
68030090,2010,836461.17
68030090,2011,
68030090,2012,634491.66
68030090,2013,572563.01
68030090,2014,669968.35
68030090,2015,593308.7
68030090,2016,682385.71
68030090,2017,670730.63
68030090,2018,760700.7
68030090,2019,715956.55
68030090,2020,598185.63
68030090,2021,741689.32
68030090,2022,661506.45
68041000,2008,19618.37
68041000,2009,11787.11
68041000,2010,13138.8
68041000,2011,15349.99
68041000,2012,14108.84
68041000,2013,11567.06
68041000,2014,10717.07
68041000,2015,11060.96
68041000,2016,8764.2
68041000,2017,8407.16
68041000,2018,8432.06
68041000,2019,7462.99
68041000,2020,7591.1
68041000,2021,7804.03
68041000,2022,9359.33
68042100,2008,81091.51
68042100,2009,64969.99
68042100,2010,72281.95
68042100,2011,82509.87
68042100,2012,84377.4
68042100,2013,81428.65
68042100,2014,95211.69
68042100,2015,96924.98
68042100,2016,102292.33
68042100,2017,116851.96
68042100,2018,124624.68
68042100,2019,128606.46
68042100,2020,130348.16
68042100,2021,165577.55
68042100,2022,151905.12
68042212,2008,9352.33
68042212,2009,4941.4
68042212,2010,5892.01
68042212,2011,6455.86
68042212,2012,6792.1
68042212,2013,5580.67
68042212,2014,8075.59
68042212,2015,12783.38
68042212,2016,6296.78
68042212,2017,5499.77
68042212,2018,6947.92
68042212,2019,5700.91
68042212,2020,7178.78
68042212,2021,8058.62
68042212,2022,8143.36
68042218,2008,100061.33
68042218,2009,61219.26
68042218,2010,89295.55
68042218,2011,97075.98
68042218,2012,95995.36
68042218,2013,98971.3
68042218,2014,107723.2
68042218,2015,105285.71
68042218,2016,104411.71
68042218,2017,135484.34
68042218,2018,149949.92
68042218,2019,144929.6
68042218,2020,137320.5
68042218,2021,148498.22
68042218,2022,144707.11
68042230,2008,41425.91
68042230,2009,30531.62
68042230,2010,29197.02
68042230,2011,43280.97
68042230,2012,43502.16
68042230,2013,48377.09
68042230,2014,48524.73
68042230,2015,42788.2
68042230,2016,29226.35
68042230,2017,37896.16
68042230,2018,45996.4
68042230,2019,46328.03
68042230,2020,40049.5
68042230,2021,44259.32
68042230,2022,36786.43
68042250,2008,17743.16
68042250,2009,11676.28
68042250,2010,11782.09
68042250,2011,14117.25
68042250,2012,15116.12
68042250,2013,13177.39
68042250,2014,15611.17
68042250,2015,19654.53
68042250,2016,11687.54
68042250,2017,12896.47
68042250,2018,13987.07
68042250,2019,13745.72
68042250,2020,12723.9
68042250,2021,18956.98
68042250,2022,14861.45
68042290,2008,154441.17
68042290,2009,98578.79
68042290,2010,161647.37
68042290,2011,131575.36
68042290,2012,143593.85
68042290,2013,141769.28
68042290,2014,145572.43
68042290,2015,142746.0
68042290,2016,193588.75
68042290,2017,154516.54
68042290,2018,145473.24
68042290,2019,159587.95
68042290,2020,149604.81
68042290,2021,167806.64
68042290,2022,192198.13
68042300,2008,11603.49
68042300,2009,7656.96
68042300,2010,6893.67
68042300,2011,10017.02
68042300,2012,60472.43
68042300,2013,4931.92
68042300,2014,6433.01
68042300,2015,4252.65
68042300,2016,5336.3
68042300,2017,4435.06
68042300,2018,6107.41
68042300,2019,3589.91
68042300,2020,4360.97
68042300,2021,4129.13
68042300,2022,3983.25
68043000,2008,12583.17
68043000,2009,9626.69
68043000,2010,14921.69
68043000,2011,17693.29
68043000,2012,19086.45
68043000,2013,16640.86
68043000,2014,20043.89
68043000,2015,15552.75
68043000,2016,14832.0
68043000,2017,18718.05
68043000,2018,16119.26
68043000,2019,15620.3
68043000,2020,18863.01
68043000,2021,25265.08
68043000,2022,23812.79
68061000,2008,1037721.73
68061000,2009,947153.03
68061000,2010,1045510.02
68061000,2011,1186195.37
68061000,2012,1147336.42
68061000,2013,1017962.24
68061000,2014,1153361.57
68061000,2015,1241651.35
68061000,2016,1543463.99
68061000,2017,1968453.26
68061000,2018,2732940.57
68061000,2019,2398881.22
68061000,2020,2217073.88
68061000,2021,2717076.9
68061000,2022,2563412.27
68062010,2008,798329.0
68062010,2009,477082.87
68062010,2010,495306.95
68062010,2011,602322.77
68062010,2012,392669.29
68062010,2013,328510.71
68062010,2014,324697.87
68062010,2015,239189.9
68062010,2016,276833.88
68062010,2017,383858.39
68062010,2018,417594.25
68062010,2019,347512.99
68062010,2020,305277.54
68062010,2021,368582.15
68062010,2022,414293.59
68062090,2008,211403.61
68062090,2009,149174.22
68062090,2010,237563.33
68062090,2011,479524.26
68062090,2012,271088.29
68062090,2013,383149.16
68062090,2014,306592.42
68062090,2015,280366.89
68062090,2016,282156.14
68062090,2017,278109.81
68062090,2018,424421.18
68062090,2019,518360.05
68062090,2020,424379.3
68062090,2021,600084.53
68062090,2022,577377.48
68069000,2008,570245.4
68069000,2009,476184.75
68069000,2010,493927.7
68069000,2011,564188.86
68069000,2012,501062.08
68069000,2013,366459.83
68069000,2014,368205.94
68069000,2015,360795.29
68069000,2016,234617.29
68069000,2017,263147.78
68069000,2018,318687.92
68069000,2019,357440.53
68069000,2020,341883.12
68069000,2021,401803.57
68069000,2022,475566.58
68079000,2008,435073.24
68079000,2009,303477.4
68079000,2010,340727.78
68079000,2011,345854.4
68079000,2012,306719.48
68079000,2013,217736.85
68079000,2014,275663.15
68079000,2015,342155.3
68079000,2016,402093.91
68079000,2017,447703.03
68079000,2018,519555.85
68079000,2019,518497.73
68079000,2020,611843.47
68079000,2021,594617.88
68079000,2022,241889.42
68099000,2008,120035.1
68099000,2009,103183.48
68099000,2010,119890.16
68099000,2011,143749.2
68099000,2012,130443.26
68099000,2013,115353.67
68099000,2014,183908.86
68099000,2015,158136.61
68099000,2016,327076.33
68099000,2017,121150.82
68099000,2018,133474.1
68099000,2019,214575.38
68099000,2020,237058.24
68099000,2021,150975.51
68099000,2022,173564.02
68101110,2008,784811.62
68101110,2009,692482.6
68101110,2010,533112.51
68101110,2011,748663.63
68101110,2012,513248.21
68101110,2013,568529.54
68101110,2014,341309.61
68101110,2015,346825.25
68101110,2016,345238.77
68101110,2017,433948.26
68101110,2018,581108.92
68101110,2019,714192.74
68101110,2020,874789.45
68101110,2021,1142103.2
68101110,2022,852899.43
68101190,2008,3164695.05
68101190,2009,1334706.1
68101190,2010,1194645.71
68101190,2011,805084.46
68101190,2012,951874.57
68101190,2013,760000.88
68101190,2014,710639.91
68101190,2015,683906.67
68101190,2016,773368.19
68101190,2017,1128074.28
68101190,2018,1350647.8
68101190,2019,3047012.75
68101190,2020,4663193.4
68101190,2021,6794281.91
68101190,2022,2607222.5
68101900,2008,
68101900,2009,
68101900,2010,
68101900,2011,817624.44
68101900,2012,781684.72
68101900,2013,629972.67
68101900,2014,662094.28
68101900,2015,841207.12
68101900,2016,895706.35
68101900,2017,758974.74
68101900,2018,848350.04
68101900,2019,891643.36
68101900,2020,820377.99
68101900,2021,979524.17
68101900,2022,1132480.56
68109100,2008,
68109100,2009,
68109100,2010,
68109100,2011,1101491.21
68109100,2012,698298.03
68109100,2013,526742.62
68109100,2014,874031.57
68109100,2015,870982.34
68109100,2016,928871.91
68109100,2017,1410328.33
68109100,2018,1502539.09
68109100,2019,2125949.03
68109100,2020,1770639.87
68109100,2021,2056256.48
68109100,2022,2470221.6
68114000,2008,24489.36
68114000,2009,8783.4
68114000,2010,5512.68
68114000,2011,3542.9
68114000,2012,294.97
68114000,2013,767.54
68114000,2014,1115.8
68114000,2015,102.47
68114000,2016,6.57
68114000,2017,42.71
68114000,2018,574.54
68114000,2019,1073.77
68114000,2020,2.76
68114000,2021,303.31
68114000,2022,636.34
68128010,2008,67.0
68128010,2009,31.0
68128010,2010,4.48
68128010,2011,1.54
68128010,2012,31.97
68128010,2013,11.49
68128010,2014,10.93
68128010,2015,2.39
68128010,2016,3.23
68128010,2017,1.6
68128010,2018,1.23
68128010,2019,2.04
68128010,2020,11.54
68128010,2021,4.79
68128010,2022,3.44
68128090,2008,325.01
68128090,2009,211.49
68128090,2010,101.46
68128090,2011,201.52
68128090,2012,124.1
68128090,2013,143.57
68128090,2014,74.74
68128090,2015,21.85
68128090,2016,323.56
68128090,2017,21.25
68128090,2018,41.29
68128090,2019,42492.09
68128090,2020,15.39
68128090,2021,7.32
68128090,2022,5.8
68129100,2008,302.0
68129100,2009,650.0
68129100,2010,263.83
68129100,2011,315.68
68129100,2012,224.79
68129100,2013,139.95
68129100,2014,189.97
68129100,2015,355.74
68129100,2016,177.0
68129100,2017,150.97
68129100,2018,824.95
68129100,2019,1213.92
68129100,2020,274.51
68129100,2021,61.69
68129100,2022,29.73
68129910,2008,10.0
68129910,2009,188.0
68129910,2010,20.52
68129910,2011,1.16
68129910,2012,5.17
68129910,2013,5.49
68129910,2014,4.11
68129910,2015,8.73
68129910,2016,7.65
68129910,2017,22.4
68129910,2018,97.69
68129910,2019,14.97
68129910,2020,3.14
68129910,2021,10.27
68129910,2022,21.76
68129990,2008,929.0
68129990,2009,817.08
68129990,2010,335.4
68129990,2011,7258.97
68129990,2012,1628.55
68129990,2013,140.06
68129990,2014,584.96
68129990,2015,1275.59
68129990,2016,495.69
68129990,2017,153.81
68129990,2018,175.78
68129990,2019,186.37
68129990,2020,528.11
68129990,2021,69.13
68129990,2022,298.9
68132000,2008,4973.85
68132000,2009,2928.0
68132000,2010,3491.72
68132000,2011,2736.75
68132000,2012,2647.11
68132000,2013,2644.87
68132000,2014,2008.68
68132000,2015,1874.56
68132000,2016,1988.28
68132000,2017,2337.96
68132000,2018,2414.54
68132000,2019,1745.53
68132000,2020,1371.65
68132000,2021,328.81
68132000,2022,590.05
68138100,2008,110283.53
68138100,2009,58291.11
68138100,2010,79648.94
68138100,2011,87603.02
68138100,2012,79947.22
68138100,2013,102685.2
68138100,2014,130223.06
68138100,2015,106302.61
68138100,2016,114279.4
68138100,2017,105787.64
68138100,2018,104440.29
68138100,2019,88996.63
68138100,2020,78458.64
68138100,2021,87591.51
68138100,2022,79337.86
68138900,2008,44144.08
68138900,2009,30124.28
68138900,2010,38508.74
68138900,2011,38887.62
68138900,2012,30540.22
68138900,2013,29351.07
68138900,2014,32818.99
68138900,2015,34218.47
68138900,2016,31908.76
68138900,2017,39168.89
68138900,2018,39968.07
68138900,2019,33034.94
68138900,2020,26564.6
68138900,2021,35020.18
68138900,2022,36689.41
68141000,2008,42473.67
68141000,2009,29898.01
68141000,2010,34424.49
68141000,2011,34443.45
68141000,2012,35516.32
68141000,2013,35567.7
68141000,2014,39555.21
68141000,2015,37378.29
68141000,2016,44494.67
68141000,2017,53637.93
68141000,2018,51402.85
68141000,2019,49868.04
68141000,2020,45472.78
68141000,2021,58147.71
68141000,2022,69338.19
68149000,2008,7122.29
68149000,2009,4470.49
68149000,2010,6918.87
68149000,2011,8377.68
68149000,2012,8501.4
68149000,2013,4548.25
68149000,2014,6714.14
68149000,2015,9125.36
68149000,2016,8590.37
68149000,2017,5596.16
68149000,2018,4505.42
68149000,2019,4656.7
68149000,2020,2611.12
68149000,2021,2934.56
68149000,2022,3606.47
68151100,2008,
68151100,2009,
68151100,2010,
68151100,2011,
68151100,2012,
68151100,2013,
68151100,2014,
68151100,2015,
68151100,2016,
68151100,2017,
68151100,2018,
68151100,2019,
68151100,2020,
68151100,2021,
68151100,2022,201876.66
68151200,2008,
68151200,2009,
68151200,2010,
68151200,2011,
68151200,2012,
68151200,2013,
68151200,2014,
68151200,2015,
68151200,2016,
68151200,2017,
68151200,2018,
68151200,2019,
68151200,2020,
68151200,2021,
68151200,2022,19618.14
68151300,2008,
68151300,2009,
68151300,2010,
68151300,2011,
68151300,2012,
68151300,2013,
68151300,2014,
68151300,2015,
68151300,2016,
68151300,2017,
68151300,2018,
68151300,2019,
68151300,2020,
68151300,2021,
68151300,2022,59977.42
68151900,2008,
68151900,2009,
68151900,2010,
68151900,2011,
68151900,2012,
68151900,2013,
68151900,2014,
68151900,2015,
68151900,2016,
68151900,2017,
68151900,2018,
68151900,2019,
68151900,2020,
68151900,2021,
68151900,2022,72099.28
68152000,2008,20089.0
68152000,2009,15490.0
68152000,2010,14948.26
68152000,2011,17007.43
68152000,2012,18563.27
68152000,2013,53258.7
68152000,2014,20603.12
68152000,2015,50459.77
68152000,2016,39424.91
68152000,2017,34710.05
68152000,2018,17076.65
68152000,2019,14257.39
68152000,2020,13991.86
68152000,2021,11069.05
68152000,2022,9630.32
69010000,2008,418381.01
69010000,2009,225353.92
69010000,2010,200548.13
69010000,2011,90215.45
69010000,2012,70142.97
69010000,2013,26878.16
69010000,2014,34446.14
69010000,2015,46552.39
69010000,2016,57634.26
69010000,2017,77211.37
69010000,2018,74211.29
69010000,2019,66553.44
69010000,2020,65843.19
69010000,2021,78162.23
69010000,2022,212649.57
69021000,2008,573618.41
69021000,2009,376275.01
69021000,2010,489664.75
69021000,2011,537117.85
69021000,2012,418679.93
69021000,2013,386887.25
69021000,2014,491522.87
69021000,2015,445251.83
69021000,2016,518658.81
69021000,2017,660851.83
69021000,2018,950195.3
69021000,2019,586408.74
69021000,2020,846781.18
69021000,2021,889964.37
69021000,2022,884450.46
69022010,2008,239287.0
69022010,2009,178625.28
69022010,2010,142716.34
69022010,2011,83204.98
69022010,2012,218932.97
69022010,2013,70802.37
69022010,2014,52269.65
69022010,2015,49994.92
69022010,2016,97311.07
69022010,2017,133204.56
69022010,2018,215352.85
69022010,2019,339334.41
69022010,2020,87420.22
69022010,2021,119868.15
69022010,2022,102357.88
69022091,2008,494705.36
69022091,2009,360561.23
69022091,2010,402804.13
69022091,2011,323460.12
69022091,2012,279344.79
69022091,2013,184107.91
69022091,2014,217379.55
69022091,2015,168050.26
69022091,2016,164475.27
69022091,2017,162828.33
69022091,2018,225864.5
69022091,2019,251500.6
69022091,2020,205976.57
69022091,2021,232191.42
69022091,2022,193167.0
69022099,2008,568427.99
69022099,2009,288474.27
69022099,2010,308518.48
69022099,2011,351192.42
69022099,2012,338448.05
69022099,2013,350201.79
69022099,2014,402715.64
69022099,2015,447997.72
69022099,2016,461924.82
69022099,2017,398835.33
69022099,2018,495451.04
69022099,2019,472848.38
69022099,2020,436139.18
69022099,2021,424612.75
69022099,2022,598264.66
69029000,2008,559084.8
69029000,2009,471756.75
69029000,2010,380192.0
69029000,2011,355698.62
69029000,2012,285663.35
69029000,2013,253409.03
69029000,2014,311368.46
69029000,2015,302903.61
69029000,2016,361882.18
69029000,2017,321930.61
69029000,2018,354424.34
69029000,2019,347840.61
69029000,2020,286749.7
69029000,2021,267687.75
69029000,2022,284730.29
69031000,2008,10961.08
69031000,2009,19042.14
69031000,2010,7690.95
69031000,2011,9248.06
69031000,2012,8776.55
69031000,2013,8783.61
69031000,2014,1537.38
69031000,2015,8828.22
69031000,2016,4190.25
69031000,2017,9262.66
69031000,2018,3983.11
69031000,2019,14322.56
69031000,2020,11118.62
69031000,2021,27445.96
69031000,2022,8592.93
69032010,2008,22131.86
69032010,2009,21724.62
69032010,2010,25614.03
69032010,2011,32299.55
69032010,2012,28445.93
69032010,2013,50662.55
69032010,2014,40400.04
69032010,2015,44640.83
69032010,2016,59843.85
69032010,2017,53748.47
69032010,2018,54389.37
69032010,2019,39573.64
69032010,2020,23598.94
69032010,2021,29057.45
69032010,2022,38800.32
69032090,2008,198805.97
69032090,2009,107368.52
69032090,2010,165170.68
69032090,2011,166327.77
69032090,2012,171269.02
69032090,2013,187053.1
69032090,2014,222083.09
69032090,2015,220081.42
69032090,2016,243011.66
69032090,2017,273321.27
69032090,2018,261110.17
69032090,2019,226864.85
69032090,2020,190237.16
69032090,2021,249787.17
69032090,2022,255762.58
69039010,2008,9280.46
69039010,2009,4915.26
69039010,2010,5782.94
69039010,2011,6202.76
69039010,2012,10483.14
69039010,2013,8546.44
69039010,2014,3571.4
69039010,2015,3668.41
69039010,2016,3337.27
69039010,2017,9040.03
69039010,2018,7316.26
69039010,2019,10357.13
69039010,2020,2984.77
69039010,2021,4379.52
69039010,2022,2402.82
69039090,2008,140903.74
69039090,2009,92835.22
69039090,2010,130735.29
69039090,2011,136080.01
69039090,2012,113200.09
69039090,2013,97670.26
69039090,2014,96589.26
69039090,2015,81435.81
69039090,2016,97069.05
69039090,2017,108756.66
69039090,2018,161253.84
69039090,2019,127591.66
69039090,2020,80145.93
69039090,2021,99037.01
69039090,2022,89441.76
69049000,2008,1552103.22
69049000,2009,832176.73
69049000,2010,762326.59
69049000,2011,746638.6
69049000,2012,558766.18
69049000,2013,425406.97
69049000,2014,373723.67
69049000,2015,535892.46
69049000,2016,519893.96
69049000,2017,537356.27
69049000,2018,595855.47
69049000,2019,647718.44
69049000,2020,419277.69
69049000,2021,335567.17
69049000,2022,342018.38
69059000,2008,84760.11
69059000,2009,39662.48
69059000,2010,49314.72
69059000,2011,44116.23
69059000,2012,55123.25
69059000,2013,51571.52
69059000,2014,47016.8
69059000,2015,45577.06
69059000,2016,49469.42
69059000,2017,42364.26
69059000,2018,41776.15
69059000,2019,37706.8
69059000,2020,33117.97
69059000,2021,26251.6
69059000,2022,17890.6
69060000,2008,131334.41
69060000,2009,24308.32
69060000,2010,11683.23
69060000,2011,21809.82
69060000,2012,135395.36
69060000,2013,111057.62
69060000,2014,84766.68
69060000,2015,65233.65
69060000,2016,40684.38
69060000,2017,68257.34
69060000,2018,108095.47
69060000,2019,158048.43
69060000,2020,157089.44
69060000,2021,172819.25
69060000,2022,217913.5
69091100,2008,16953.28
69091100,2009,10258.2
69091100,2010,10353.78
69091100,2011,13878.6
69091100,2012,14708.35
69091100,2013,10315.58
69091100,2014,13680.3
69091100,2015,23262.15
69091100,2016,10688.68
69091100,2017,26328.33
69091100,2018,16441.43
69091100,2019,7495.45
69091100,2020,8919.37
69091100,2021,8811.51
69091100,2022,17789.79
69091200,2008,12389.55
69091200,2009,3564.31
69091200,2010,7193.1
69091200,2011,20026.68
69091200,2012,36387.59
69091200,2013,63515.27
69091200,2014,73984.47
69091200,2015,82163.16
69091200,2016,48261.44
69091200,2017,66554.89
69091200,2018,73971.49
69091200,2019,50663.88
69091200,2020,61893.52
69091200,2021,133508.82
69091200,2022,196788.31
69091900,2008,165406.15
69091900,2009,90322.29
69091900,2010,142721.89
69091900,2011,206140.24
69091900,2012,179850.03
69091900,2013,252015.68
69091900,2014,393298.59
69091900,2015,322334.29
69091900,2016,276084.4
69091900,2017,357996.06
69091900,2018,447561.48
69091900,2019,509679.65
69091900,2020,403319.41
69091900,2021,320380.37
69091900,2022,412908.71
69099000,2008,8185.23
69099000,2009,14305.63
69099000,2010,26431.42
69099000,2011,29862.05
69099000,2012,26028.92
69099000,2013,17747.4
69099000,2014,20568.34
69099000,2015,12924.39
69099000,2016,14886.4
69099000,2017,20564.2
69099000,2018,18743.28
69099000,2019,23367.06
69099000,2020,12733.63
69099000,2021,11586.87
69099000,2022,19084.23
69111000,2008,3552142.41
69111000,2009,2834269.04
69111000,2010,3177473.64
69111000,2011,3090934.61
69111000,2012,2696907.97
69111000,2013,1711848.85
69111000,2014,2235041.02
69111000,2015,2150719.24
69111000,2016,2211523.31
69111000,2017,2272820.31
69111000,2018,2206479.54
69111000,2019,2170193.94
69111000,2020,1721601.13
69111000,2021,1922101.61
69111000,2022,2242872.63
69119000,2008,78327.89
69119000,2009,60099.8
69119000,2010,57242.03
69119000,2011,55838.62
69119000,2012,53984.51
69119000,2013,27676.14
69119000,2014,28371.23
69119000,2015,31354.11
69119000,2016,29936.96
69119000,2017,33319.62
69119000,2018,24695.05
69119000,2019,22559.84
69119000,2020,22329.2
69119000,2021,26529.86
69119000,2022,27503.22
69120021,2008,
69120021,2009,
69120021,2010,
69120021,2011,
69120021,2012,
69120021,2013,
69120021,2014,
69120021,2015,
69120021,2016,109290.86
69120021,2017,104183.44
69120021,2018,100287.06
69120021,2019,107343.83
69120021,2020,102243.95
69120021,2021,126445.61
69120021,2022,114583.54
69120023,2008,
69120023,2009,
69120023,2010,
69120023,2011,
69120023,2012,
69120023,2013,
69120023,2014,
69120023,2015,
69120023,2016,717901.76
69120023,2017,709247.03
69120023,2018,795579.24
69120023,2019,739420.64
69120023,2020,641982.87
69120023,2021,902955.39
69120023,2022,1118824.09
69120025,2008,
69120025,2009,
69120025,2010,
69120025,2011,
69120025,2012,
69120025,2013,
69120025,2014,
69120025,2015,
69120025,2016,440928.81
69120025,2017,550032.13
69120025,2018,650481.96
69120025,2019,636022.13
69120025,2020,582349.01
69120025,2021,691558.94
69120025,2022,756749.5
69120029,2008,
69120029,2009,
69120029,2010,
69120029,2011,
69120029,2012,
69120029,2013,
69120029,2014,
69120029,2015,
69120029,2016,279491.21
69120029,2017,282552.87
69120029,2018,293288.89
69120029,2019,294865.13
69120029,2020,252159.3
69120029,2021,323189.63
69120029,2022,367771.22
69120081,2008,
69120081,2009,
69120081,2010,
69120081,2011,
69120081,2012,
69120081,2013,
69120081,2014,
69120081,2015,
69120081,2016,11184.3
69120081,2017,11700.24
69120081,2018,10060.55
69120081,2019,13091.09
69120081,2020,14336.45
69120081,2021,9945.52
69120081,2022,9959.69
69120083,2008,
69120083,2009,
69120083,2010,
69120083,2011,
69120083,2012,
69120083,2013,
69120083,2014,
69120083,2015,
69120083,2016,38138.06
69120083,2017,44497.06
69120083,2018,44018.71
69120083,2019,43185.81
69120083,2020,40490.79
69120083,2021,43031.68
69120083,2022,44005.82
69120085,2008,
69120085,2009,
69120085,2010,
69120085,2011,
69120085,2012,
69120085,2013,
69120085,2014,
69120085,2015,
69120085,2016,26584.13
69120085,2017,32886.5
69120085,2018,39667.02
69120085,2019,40047.1
69120085,2020,42029.8
69120085,2021,53027.6
69120085,2022,64410.71
69120089,2008,
69120089,2009,
69120089,2010,
69120089,2011,
69120089,2012,
69120089,2013,
69120089,2014,
69120089,2015,
69120089,2016,55155.02
69120089,2017,40547.66
69120089,2018,40185.33
69120089,2019,38036.21
69120089,2020,39461.71
69120089,2021,49638.94
69120089,2022,49661.69
69141000,2008,62146.92
69141000,2009,60359.15
69141000,2010,36475.67
69141000,2011,43837.53
69141000,2012,23379.03
69141000,2013,27921.7
69141000,2014,28957.02
69141000,2015,11646.64
69141000,2016,11413.63
69141000,2017,12246.02
69141000,2018,13755.3
69141000,2019,13030.69
69141000,2020,6826.13
69141000,2021,13456.54
69141000,2022,16754.47
70010091,2008,685.76
70010091,2009,1253.78
70010091,2010,963.83
70010091,2011,992.37
70010091,2012,752.52
70010091,2013,570.8
70010091,2014,813.47
70010091,2015,1405.51
70010091,2016,1533.35
70010091,2017,1840.69
70010091,2018,1315.22
70010091,2019,944.38
70010091,2020,542.27
70010091,2021,624.51
70010091,2022,911.16
70010099,2008,48889.89
70010099,2009,36946.33
70010099,2010,80123.34
70010099,2011,42305.06
70010099,2012,19510.98
70010099,2013,34871.5
70010099,2014,38684.35
70010099,2015,124169.93
70010099,2016,214732.57
70010099,2017,183348.06
70010099,2018,110893.92
70010099,2019,99541.68
70010099,2020,55902.2
70010099,2021,606595.16
70010099,2022,430380.11
70021000,2008,40865.0
70021000,2009,39739.5
70021000,2010,60160.73
70021000,2011,40691.05
70021000,2012,53622.68
70021000,2013,33999.16
70021000,2014,43378.32
70021000,2015,50494.92
70021000,2016,34650.71
70021000,2017,34352.47
70021000,2018,21129.32
70021000,2019,35604.57
70021000,2020,33026.06
70021000,2021,24930.02
70021000,2022,41159.72
70022010,2008,268.0
70022010,2009,961.0
70022010,2010,2722.6
70022010,2011,3844.94
70022010,2012,3699.56
70022010,2013,474.83
70022010,2014,2312.85
70022010,2015,444.33
70022010,2016,459.29
70022010,2017,505.69
70022010,2018,931.67
70022010,2019,1019.87
70022010,2020,914.78
70022010,2021,833.26
70022010,2022,1081.86
70022090,2008,2175.0
70022090,2009,1485.15
70022090,2010,2304.06
70022090,2011,2005.26
70022090,2012,3153.87
70022090,2013,7730.22
70022090,2014,4835.62
70022090,2015,3094.99
70022090,2016,2764.51
70022090,2017,2195.79
70022090,2018,2602.32
70022090,2019,2509.89
70022090,2020,1802.45
70022090,2021,1934.12
70022090,2022,2865.28
70023100,2008,20663.33
70023100,2009,15599.5
70023100,2010,26080.1
70023100,2011,24386.66
70023100,2012,30747.17
70023100,2013,33282.82
70023100,2014,33491.94
70023100,2015,25930.68
70023100,2016,26654.75
70023100,2017,25090.16
70023100,2018,26299.31
70023100,2019,19054.46
70023100,2020,17887.31
70023100,2021,21755.99
70023100,2022,15040.4
70023200,2008,27850.61
70023200,2009,5525.0
70023200,2010,9206.15
70023200,2011,31972.76
70023200,2012,25034.45
70023200,2013,12934.01
70023200,2014,22504.13
70023200,2015,32960.08
70023200,2016,29089.69
70023200,2017,21702.24
70023200,2018,29718.97
70023200,2019,32214.56
70023200,2020,15626.84
70023200,2021,29033.26
70023200,2022,14108.49
70023900,2008,125012.46
70023900,2009,127478.1
70023900,2010,168137.54
70023900,2011,145762.14
70023900,2012,131172.76
70023900,2013,200550.72
70023900,2014,204409.64
70023900,2015,192775.22
70023900,2016,178610.09
70023900,2017,182486.92
70023900,2018,179303.77
70023900,2019,204048.06
70023900,2020,154288.79
70023900,2021,172356.58
70023900,2022,139334.96
70032000,2008,16291.5
70032000,2009,10008.0
70032000,2010,12192.86
70032000,2011,10937.55
70032000,2012,11453.41
70032000,2013,13259.07
70032000,2014,20118.99
70032000,2015,13784.57
70032000,2016,18954.93
70032000,2017,8124.78
70032000,2018,11689.0
70032000,2019,7203.12
70032000,2020,3584.91
70032000,2021,4157.39
70032000,2022,1137.65
70033000,2008,12385.0
70033000,2009,6348.0
70033000,2010,3660.33
70033000,2011,2682.96
70033000,2012,3619.31
70033000,2013,3358.1
70033000,2014,3396.65
70033000,2015,4693.5
70033000,2016,9659.86
70033000,2017,6658.1
70033000,2018,17897.21
70033000,2019,25921.46
70033000,2020,31229.05
70033000,2021,21277.4
70033000,2022,28255.27
70060090,2008,751741.4
70060090,2009,573153.76
70060090,2010,581416.72
70060090,2011,724850.47
70060090,2012,546266.52
70060090,2013,463934.32
70060090,2014,470478.63
70060090,2015,527706.21
70060090,2016,503126.55
70060090,2017,485063.93
70060090,2018,504859.16
70060090,2019,520481.9
70060090,2020,419897.3
70060090,2021,454271.84
70060090,2022,473887.28
70072120,2008,555874.64
70072120,2009,498427.11
70072120,2010,565341.02
70072120,2011,575520.17
70072120,2012,566506.5
70072120,2013,688502.25
70072120,2014,651399.17
70072120,2015,707770.35
70072120,2016,741057.18
70072120,2017,762105.2
70072120,2018,900292.8
70072120,2019,999873.83
70072120,2020,867237.39
70072120,2021,982214.67
70072120,2022,822777.74
70072180,2008,149265.5
70072180,2009,93851.88
70072180,2010,74221.73
70072180,2011,47093.3
70072180,2012,50892.59
70072180,2013,54464.28
70072180,2014,58928.21
70072180,2015,73568.61
70072180,2016,76821.85
70072180,2017,60931.87
70072180,2018,69067.69
70072180,2019,67187.34
70072180,2020,80715.05
70072180,2021,82699.88
70072180,2022,81274.3
70099100,2008,758167.52
70099100,2009,605437.91
70099100,2010,688963.7
70099100,2011,739958.23
70099100,2012,651488.0
70099100,2013,642867.28
70099100,2014,753039.77
70099100,2015,736849.35
70099100,2016,783317.7
70099100,2017,894719.39
70099100,2018,1068439.68
70099100,2019,1078065.31
70099100,2020,933548.33
70099100,2021,972451.53
70099100,2022,864598.02
70099200,2008,670443.4
70099200,2009,524892.71
70099200,2010,666057.46
70099200,2011,670161.74
70099200,2012,551075.36
70099200,2013,547593.96
70099200,2014,633644.15
70099200,2015,587141.72
70099200,2016,613112.68
70099200,2017,647101.22
70099200,2018,707626.16
70099200,2019,755690.27
70099200,2020,775652.8
70099200,2021,1024321.05
70099200,2022,985877.07
70102000,2008,73521.46
70102000,2009,66278.35
70102000,2010,72155.83
70102000,2011,72517.76
70102000,2012,81575.05
70102000,2013,88073.11
70102000,2014,82847.42
70102000,2015,81639.09
70102000,2016,87389.1
70102000,2017,107744.48
70102000,2018,116452.82
70102000,2019,138680.2
70102000,2020,131361.99
70102000,2021,190890.55
70102000,2022,157682.04
70109010,2008,531667.5
70109010,2009,339641.87
70109010,2010,342241.17
70109010,2011,510254.67
70109010,2012,452918.41
70109010,2013,582477.84
70109010,2014,607958.57
70109010,2015,823764.74
70109010,2016,926831.21
70109010,2017,719157.12
70109010,2018,1119043.94
70109010,2019,1575503.06
70109010,2020,1893574.59
70109010,2021,2269844.63
70109010,2022,1372366.5
70111000,2008,62046.35
70111000,2009,46793.05
70111000,2010,69038.18
70111000,2011,52017.38
70111000,2012,59211.65
70111000,2013,69494.66
70111000,2014,75025.54
70111000,2015,54793.11
70111000,2016,56308.44
70111000,2017,50789.13
70111000,2018,48199.62
70111000,2019,34015.43
70111000,2020,29603.51
70111000,2021,38624.53
70111000,2022,24025.99
70112000,2008,126523.0
70112000,2009,2877.0
70112000,2010,623.21
70112000,2011,339.22
70112000,2012,79.62
70112000,2013,185.62
70112000,2014,63.86
70112000,2015,146.89
70112000,2016,65.65
70112000,2017,26.79
70112000,2018,29.68
70112000,2019,26.64
70112000,2020,131.63
70112000,2021,9.79
70112000,2022,17.74
70119000,2008,13189.63
70119000,2009,11420.55
70119000,2010,14416.16
70119000,2011,11734.02
70119000,2012,7161.0
70119000,2013,4431.22
70119000,2014,5551.79
70119000,2015,4764.29
70119000,2016,2327.2
70119000,2017,2003.81
70119000,2018,1418.82
70119000,2019,1817.53
70119000,2020,1974.85
70119000,2021,2857.71
70119000,2022,2510.36
70140000,2008,18858.41
70140000,2009,17240.06
70140000,2010,22207.16
70140000,2011,17985.33
70140000,2012,12776.12
70140000,2013,11010.59
70140000,2014,11176.32
70140000,2015,9254.4
70140000,2016,8392.42
70140000,2017,8149.61
70140000,2018,7991.78
70140000,2019,7290.64
70140000,2020,5054.4
70140000,2021,7964.77
70140000,2022,7512.66
70151000,2008,447.82
70151000,2009,552.66
70151000,2010,448.38
70151000,2011,841.91
70151000,2012,689.14
70151000,2013,141.94
70151000,2014,391.85
70151000,2015,385.15
70151000,2016,595.9
70151000,2017,824.49
70151000,2018,503.52
70151000,2019,542.72
70151000,2020,431.63
70151000,2021,380.48
70151000,2022,323.13
70159000,2008,5674.73
70159000,2009,9554.74
70159000,2010,1761.93
70159000,2011,2303.68
70159000,2012,1707.52
70159000,2013,1335.62
70159000,2014,1852.36
70159000,2015,2735.66
70159000,2016,8395.71
70159000,2017,2514.97
70159000,2018,1675.04
70159000,2019,1725.87
70159000,2020,1304.64
70159000,2021,1336.4
70159000,2022,877.05
70161000,2008,465857.85
70161000,2009,331031.31
70161000,2010,385503.72
70161000,2011,408890.32
70161000,2012,332974.27
70161000,2013,342721.62
70161000,2014,346386.55
70161000,2015,307785.63
70161000,2016,283279.8
70161000,2017,243411.91
70161000,2018,230275.0
70161000,2019,172692.67
70161000,2020,152065.51
70161000,2021,176134.84
70161000,2022,114671.16
70169010,2008,5093.4
70169010,2009,2295.21
70169010,2010,2870.5
70169010,2011,4350.07
70169010,2012,2629.66
70169010,2013,1598.72
70169010,2014,2336.57
70169010,2015,2126.55
70169010,2016,1379.55
70169010,2017,2062.32
70169010,2018,2773.87
70169010,2019,847.63
70169010,2020,2491.0
70169010,2021,1004.38
70169010,2022,924.19
70169040,2008,
70169040,2009,80836.56
70169040,2010,68165.03
70169040,2011,42075.62
70169040,2012,32514.68
70169040,2013,32396.44
70169040,2014,44836.69
70169040,2015,33502.96
70169040,2016,27644.24
70169040,2017,26825.06
70169040,2018,28227.99
70169040,2019,34880.71
70169040,2020,43736.45
70169040,2021,27422.72
70169040,2022,10795.81
70169070,2008,
70169070,2009,316196.71
70169070,2010,352490.51
70169070,2011,298975.28
70169070,2012,170575.76
70169070,2013,183573.31
70169070,2014,130150.79
70169070,2015,128312.92
70169070,2016,167476.83
70169070,2017,174187.27
70169070,2018,184799.56
70169070,2019,198575.27
70169070,2020,423920.54
70169070,2021,260939.57
70169070,2022,248228.63
70171000,2008,3790.31
70171000,2009,3012.1
70171000,2010,3391.09
70171000,2011,2817.73
70171000,2012,2371.86
70171000,2013,2858.94
70171000,2014,3287.74
70171000,2015,3056.64
70171000,2016,3241.18
70171000,2017,2720.16
70171000,2018,3519.52
70171000,2019,3744.16
70171000,2020,2536.76
70171000,2021,3634.52
70171000,2022,2769.91
70172000,2008,6081.96
70172000,2009,6417.21
70172000,2010,6986.49
70172000,2011,7258.56
70172000,2012,8412.82
70172000,2013,8521.53
70172000,2014,9536.83
70172000,2015,10575.33
70172000,2016,10909.64
70172000,2017,11338.03
70172000,2018,12227.13
70172000,2019,13386.53
70172000,2020,11558.75
70172000,2021,11564.33
70172000,2022,13086.18
70179000,2008,90955.73
70179000,2009,78925.83
70179000,2010,92679.54
70179000,2011,61267.61
70179000,2012,54793.06
70179000,2013,61296.65
70179000,2014,39825.53
70179000,2015,34933.05
70179000,2016,42546.63
70179000,2017,43718.25
70179000,2018,47906.9
70179000,2019,60790.16
70179000,2020,54426.02
70179000,2021,64391.7
70179000,2022,66169.32
70181011,2008,5080.64
70181011,2009,5792.6
70181011,2010,5971.15
70181011,2011,6287.68
70181011,2012,4858.49
70181011,2013,3321.71
70181011,2014,3695.25
70181011,2015,4062.09
70181011,2016,3911.45
70181011,2017,3858.06
70181011,2018,4305.09
70181011,2019,6125.83
70181011,2020,5404.92
70181011,2021,4780.37
70181011,2022,10283.72
70181019,2008,8742.0
70181019,2009,7342.35
70181019,2010,6482.29
70181019,2011,5682.21
70181019,2012,4538.39
70181019,2013,4479.91
70181019,2014,4770.73
70181019,2015,6728.27
70181019,2016,7323.15
70181019,2017,6834.01
70181019,2018,8928.31
70181019,2019,6910.03
70181019,2020,6968.59
70181019,2021,6735.49
70181019,2022,7605.88
70181030,2008,1889.3
70181030,2009,1315.17
70181030,2010,2739.42
70181030,2011,2060.03
70181030,2012,1459.36
70181030,2013,1304.3
70181030,2014,1369.36
70181030,2015,1206.13
70181030,2016,1454.44
70181030,2017,1563.41
70181030,2018,1554.09
70181030,2019,1310.22
70181030,2020,945.78
70181030,2021,1306.28
70181030,2022,884.64
70181051,2008,1351.71
70181051,2009,2134.61
70181051,2010,1445.32
70181051,2011,1453.68
70181051,2012,1150.46
70181051,2013,1650.25
70181051,2014,3071.7
70181051,2015,2400.87
70181051,2016,1858.42
70181051,2017,1792.25
70181051,2018,1926.27
70181051,2019,1569.37
70181051,2020,1086.09
70181051,2021,1305.61
70181051,2022,1509.88
70181059,2008,1347.81
70181059,2009,800.33
70181059,2010,739.86
70181059,2011,438.34
70181059,2012,334.11
70181059,2013,313.79
70181059,2014,489.77
70181059,2015,461.31
70181059,2016,347.45
70181059,2017,892.16
70181059,2018,703.46
70181059,2019,390.68
70181059,2020,743.33
70181059,2021,1335.02
70181059,2022,750.1
70181090,2008,8120.69
70181090,2009,5578.94
70181090,2010,7712.6
70181090,2011,7431.46
70181090,2012,6048.34
70181090,2013,4528.15
70181090,2014,5485.38
70181090,2015,4038.11
70181090,2016,4576.56
70181090,2017,4574.1
70181090,2018,10120.16
70181090,2019,3364.69
70181090,2020,11609.92
70181090,2021,12573.5
70181090,2022,5451.7
70182000,2008,306113.42
70182000,2009,270523.35
70182000,2010,319035.35
70182000,2011,292530.59
70182000,2012,287009.71
70182000,2013,390697.93
70182000,2014,377668.27
70182000,2015,360341.21
70182000,2016,424075.14
70182000,2017,402921.97
70182000,2018,473686.94
70182000,2019,520483.12
70182000,2020,525185.06
70182000,2021,542666.05
70182000,2022,511358.45
70189010,2008,2809.4
70189010,2009,1533.39
70189010,2010,1251.58
70189010,2011,2493.58
70189010,2012,1081.93
70189010,2013,1308.7
70189010,2014,1247.46
70189010,2015,1405.98
70189010,2016,1761.2
70189010,2017,2129.09
70189010,2018,1618.52
70189010,2019,1735.17
70189010,2020,951.48
70189010,2021,1468.15
70189010,2022,1741.53
70189090,2008,29198.81
70189090,2009,19107.98
70189090,2010,18280.25
70189090,2011,21510.46
70189090,2012,18866.17
70189090,2013,15717.99
70189090,2014,15841.51
70189090,2015,13452.94
70189090,2016,13004.54
70189090,2017,12858.53
70189090,2018,16682.98
70189090,2019,16424.2
70189090,2020,11281.45
70189090,2021,16186.15
70189090,2022,15516.57
70191100,2008,884887.73
70191100,2009,565144.94
70191100,2010,1047129.71
70191100,2011,1141998.37
70191100,2012,1155911.95
70191100,2013,1161704.46
70191100,2014,1143384.9
70191100,2015,1280502.87
70191100,2016,1482507.53
70191100,2017,1841014.48
70191100,2018,2224873.22
70191100,2019,1704865.49
70191100,2020,1682126.1
70191100,2021,2685813.71
70191100,2022,2646610.08
70191200,2008,1860982.17
70191200,2009,1292769.83
70191200,2010,1597586.02
70191200,2011,1830980.09
70191200,2012,2022299.15
70191200,2013,2098016.72
70191200,2014,2226885.11
70191200,2015,1994799.41
70191200,2016,2116926.9
70191200,2017,2274690.61
70191200,2018,2462717.21
70191200,2019,2359725.43
70191200,2020,2023255.28
70191200,2021,2303885.1
70191200,2022,2452272.79
71061000,2008,2497.0
71061000,2009,1974.0
71061000,2010,4173.93
71061000,2011,4748.25
71061000,2012,4522.15
71061000,2013,4505.1
71061000,2014,4393.73
71061000,2015,3783.69
71061000,2016,3188.81
71061000,2017,3401.17
71061000,2018,4545.21
71061000,2019,5706.29
71061000,2020,6733.38
71061000,2021,7632.49
71061000,2022,7885.43
71069100,2008,
71069100,2009,
71069100,2010,
71069100,2011,10532.9
71069100,2012,6326.11
71069100,2013,6847.66
71069100,2014,8837.32
71069100,2015,9381.9
71069100,2016,7798.89
71069100,2017,9765.59
71069100,2018,10525.7
71069100,2019,11214.54
71069100,2020,11990.47
71069100,2021,18050.48
71069100,2022,25453.51
71069200,2008,
71069200,2009,
71069200,2010,
71069200,2011,4738.4
71069200,2012,4357.37
71069200,2013,4236.03
71069200,2014,4870.22
71069200,2015,5077.68
71069200,2016,5783.91
71069200,2017,5575.93
71069200,2018,6704.34
71069200,2019,6569.47
71069200,2020,5714.41
71069200,2021,7598.31
71069200,2022,8340.03
71070000,2008,777.0
71070000,2009,523.0
71070000,2010,944.73
71070000,2011,1752.71
71070000,2012,1950.91
71070000,2013,1738.28
71070000,2014,1660.73
71070000,2015,1618.71
71070000,2016,1064.77
71070000,2017,716.19
71070000,2018,878.13
71070000,2019,671.17
71070000,2020,574.38
71070000,2021,487.14
71070000,2022,568.5
71081310,2008,665.0
71081310,2009,377.0
71081310,2010,498.23
71081310,2011,600.6
71081310,2012,622.32
71081310,2013,736.54
71081310,2014,485.13
71081310,2015,719.87
71081310,2016,491.6
71081310,2017,634.61
71081310,2018,832.58
71081310,2019,847.28
71081310,2020,815.08
71081310,2021,748.07
71081310,2022,948.92
71081380,2008,90.0
71081380,2009,89.0
71081380,2010,183.31
71081380,2011,324.95
71081380,2012,285.79
71081380,2013,285.47
71081380,2014,500.52
71081380,2015,777.85
71081380,2016,493.19
71081380,2017,522.18
71081380,2018,494.12
71081380,2019,254.26
71081380,2020,295.27
71081380,2021,356.82
71081380,2022,413.33
71090000,2008,197.0
71090000,2009,107.0
71090000,2010,276.07
71090000,2011,1417.62
71090000,2012,173.13
71090000,2013,218.34
71090000,2014,178.67
71090000,2015,16004.41
71090000,2016,7641.39
71090000,2017,151.34
71090000,2018,170.29
71090000,2019,281.3
71090000,2020,562.37
71090000,2021,1612.9
71090000,2022,419.39
71110000,2008,159.0
71110000,2009,334.0
71110000,2010,162.09
71110000,2011,113.69
71110000,2012,93.37
71110000,2013,60.53
71110000,2014,47.98
71110000,2015,161.3
71110000,2016,49.73
71110000,2017,27.77
71110000,2018,28.14
71110000,2019,35.8
71110000,2020,16.13
71110000,2021,100.19
71110000,2022,39.3
71151000,2008,223.46
71151000,2009,967.0
71151000,2010,4547.03
71151000,2011,5652.41
71151000,2012,378.63
71151000,2013,2127.2
71151000,2014,379.26
71151000,2015,72.96
71151000,2016,385.69
71151000,2017,3324.32
71151000,2018,104.6
71151000,2019,218.41
71151000,2020,73.09
71151000,2021,114.35
71151000,2022,50.43
72011011,2008,4098160.6
72011011,2009,934771.0
72011011,2010,1551731.6
72011011,2011,3594684.19
72011011,2012,3563162.67
72011011,2013,4419661.9
72011011,2014,4510380.3
72011011,2015,7814485.11
72011011,2016,3700575.82
72011011,2017,4080689.28
72011011,2018,1301715.14
72011011,2019,408015.86
72011011,2020,144845.19
72011011,2021,3816768.87
72011011,2022,3271175.32
72011019,2008,8737207.4
72011019,2009,4682245.3
72011019,2010,5131815.94
72011019,2011,5288892.79
72011019,2012,2436753.21
72011019,2013,2566553.51
72011019,2014,2836391.34
72011019,2015,1793848.02
72011019,2016,1362088.22
72011019,2017,1567095.61
72011019,2018,1366270.48
72011019,2019,1950472.19
72011019,2020,798469.96
72011019,2021,1831875.68
72011019,2022,1696859.78
72011030,2008,4880603.0
72011030,2009,2145995.0
72011030,2010,2473953.2
72011030,2011,2557955.0
72011030,2012,1076478.71
72011030,2013,1382637.58
72011030,2014,3373204.73
72011030,2015,5445877.92
72011030,2016,4732256.04
72011030,2017,6583581.02
72011030,2018,4857101.43
72011030,2019,2871285.87
72011030,2020,1855726.13
72011030,2021,5692869.45
72011030,2022,2629127.4
72011090,2008,29075177.1
72011090,2009,13769890.4
72011090,2010,14305425.98
72011090,2011,16608807.9
72011090,2012,16875469.39
72011090,2013,17917741.34
72011090,2014,18555282.37
72011090,2015,15297303.69
72011090,2016,17374215.55
72011090,2017,14540210.33
72011090,2018,21523109.3
72011090,2019,20554473.31
72011090,2020,16157412.73
72011090,2021,12222225.74
72011090,2022,16796534.67
72012000,2008,541.15
72012000,2009,241.0
72012000,2010,560.17
72012000,2011,460.35
72012000,2012,725.98
72012000,2013,718.24
72012000,2014,442.85
72012000,2015,34.55
72012000,2016,124.16
72012000,2017,213.16
72012000,2018,183.06
72012000,2019,2042.58
72012000,2020,144.53
72012000,2021,196.95
72012000,2022,160.72
72015010,2008,749.0
72015010,2009,780.0
72015010,2010,703.72
72015010,2011,479.86
72015010,2012,183.22
72015010,2013,81.05
72015010,2014,149.44
72015010,2015,47.39
72015010,2016,102.71
72015010,2017,38.41
72015010,2018,37.86
72015010,2019,76.98
72015010,2020,361.81
72015010,2021,409.4
72015010,2022,204.39
72015090,2008,64871.43
72015090,2009,26842.04
72015090,2010,53730.83
72015090,2011,37685.12
72015090,2012,13017.74
72015090,2013,19787.01
72015090,2014,10472.7
72015090,2015,8651.06
72015090,2016,164.51
72015090,2017,5647.4
72015090,2018,899.04
72015090,2019,1307.4
72015090,2020,21874.39
72015090,2021,3329.37
72015090,2022,36425.3
72023000,2008,7358363.1
72023000,2009,4927463.88
72023000,2010,6589622.46
72023000,2011,7247816.29
72023000,2012,6520250.36
72023000,2013,6442676.09
72023000,2014,6410451.04
72023000,2015,5893481.18
72023000,2016,5675908.94
72023000,2017,6963931.81
72023000,2018,6940042.27
72023000,2019,5834562.2
72023000,2020,5344207.27
72023000,2021,7183703.49
72023000,2022,7094652.5
72024110,2008,335165.03
72024110,2009,228679.0
72024110,2010,295989.51
72024110,2011,448589.75
72024110,2012,291546.42
72024110,2013,350150.74
72024110,2014,517950.98
72024110,2015,145632.82
72024110,2016,338823.37
72024110,2017,171699.35
72024110,2018,248700.47
72024110,2019,90344.44
72024110,2020,115466.65
72024110,2021,137008.24
72024110,2022,27543.13
72024190,2008,15688938.0
72024190,2009,9229712.0
72024190,2010,12116332.05
72024190,2011,12219450.19
72024190,2012,12335634.51
72024190,2013,11080731.83
72024190,2014,10099617.28
72024190,2015,9067661.64
72024190,2016,8325150.17
72024190,2017,6187995.89
72024190,2018,6415021.88
72024190,2019,4974331.85
72024190,2020,3561552.72
72024190,2021,4749277.66
72024190,2022,4882160.47
72024910,2008,139760.0
72024910,2009,149698.0
72024910,2010,70222.95
72024910,2011,36322.7
72024910,2012,88321.81
72024910,2013,86321.1
72024910,2014,81376.67
72024910,2015,92245.31
72024910,2016,62588.8
72024910,2017,95553.91
72024910,2018,28887.89
72024910,2019,56207.67
72024910,2020,53278.69
72024910,2021,50053.9
72024910,2022,60721.82
72024950,2008,1107847.04
72024950,2009,596748.0
72024950,2010,793272.59
72024950,2011,953563.03
72024950,2012,755567.91
72024950,2013,446563.4
72024950,2014,596582.44
72024950,2015,590181.67
72024950,2016,708935.48
72024950,2017,618045.19
72024950,2018,241278.62
72024950,2019,303115.38
72024950,2020,337392.59
72024950,2021,333976.23
72024950,2022,475658.14
72024990,2008,543120.8
72024990,2009,226443.0
72024990,2010,165718.44
72024990,2011,57459.84
72024990,2012,37586.58
72024990,2013,41631.92
72024990,2014,50331.93
72024990,2015,30096.52
72024990,2016,190307.22
72024990,2017,169747.85
72024990,2018,216455.49
72024990,2019,177059.32
72024990,2020,132445.38
72024990,2021,116476.36
72024990,2022,254095.8
72027000,2008,347545.5
72027000,2009,225413.0
72027000,2010,284436.62
72027000,2011,847207.52
72027000,2012,327406.08
72027000,2013,304202.16
72027000,2014,283219.45
72027000,2015,280123.6
72027000,2016,284996.64
72027000,2017,324647.24
72027000,2018,241874.9
72027000,2019,308220.6
72027000,2020,203409.72
72027000,2021,279593.01
72027000,2022,293031.93
72031000,2008,14867967.0
72031000,2009,9531134.0
72031000,2010,14721609.13
72031000,2011,17978174.5
72031000,2012,16289607.22
72031000,2013,20996038.35
72031000,2014,20050141.27
72031000,2015,28362232.81
72031000,2016,22815971.06
72031000,2017,32729652.71
72031000,2018,32007838.49
72031000,2019,31049969.86
72031000,2020,26249216.31
72031000,2021,28281807.04
72031000,2022,29271910.14
72039000,2008,93800.0
72039000,2009,102285.08
72039000,2010,338.58
72039000,2011,116408.36
72039000,2012,1445.72
72039000,2013,91387.35
72039000,2014,1698.23
72039000,2015,168342.34
72039000,2016,63003.88
72039000,2017,965120.37
72039000,2018,33790.78
72039000,2019,60765.93
72039000,2020,2321.78
72039000,2021,28427.32
72039000,2022,110356.76
72045000,2008,85329.0
72045000,2009,89812.0
72045000,2010,141733.62
72045000,2011,246448.98
72045000,2012,309826.79
72045000,2013,187782.69
72045000,2014,198926.37
72045000,2015,91594.88
72045000,2016,74723.18
72045000,2017,78909.23
72045000,2018,31903.59
72045000,2019,54512.26
72045000,2020,19900.65
72045000,2021,16121.49
72045000,2022,25177.08
72051000,2008,1223072.0
72051000,2009,660542.77
72051000,2010,748077.33
72051000,2011,739205.27
72051000,2012,780598.63
72051000,2013,977227.31
72051000,2014,863030.49
72051000,2015,737356.39
72051000,2016,597773.79
72051000,2017,573501.96
72051000,2018,782314.84
72051000,2019,1120987.8
72051000,2020,551117.92
72051000,2021,598278.88
72051000,2022,437002.81
72052100,2008,237086.0
72052100,2009,132344.0
72052100,2010,130522.04
72052100,2011,130914.86
72052100,2012,153856.87
72052100,2013,207066.78
72052100,2014,296725.84
72052100,2015,341278.06
72052100,2016,327116.74
72052100,2017,353152.39
72052100,2018,355192.23
72052100,2019,324120.82
72052100,2020,254513.58
72052100,2021,237978.02
72052100,2022,233879.85
72052900,2008,818700.33
72052900,2009,614255.28
72052900,2010,842696.31
72052900,2011,868264.55
72052900,2012,735369.52
72052900,2013,790108.52
72052900,2014,787345.49
72052900,2015,754846.31
72052900,2016,756321.37
72052900,2017,758894.14
72052900,2018,742112.44
72052900,2019,607353.99
72052900,2020,492594.3
72052900,2021,542431.85
72052900,2022,411487.59
72071210,2008,64712015.0
72071210,2009,39086356.0
72071210,2010,57447749.66
72071210,2011,64808067.77
72071210,2012,59153619.92
72071210,2013,62308872.59
72071210,2014,58937513.54
72071210,2015,60240230.83
72071210,2016,68222107.14
72071210,2017,69289664.09
72071210,2018,75950048.74
72071210,2019,71329700.91
72071210,2020,55058707.03
72071210,2021,63051621.1
72071210,2022,52981363.52
72071290,2008,3197.0
72071290,2009,84797.0
72071290,2010,57002.51
72071290,2011,3567.97
72071290,2012,6851.56
72071290,2013,1271.94
72071290,2014,9372.61
72071290,2015,8543.81
72071290,2016,1113.18
72071290,2017,539.36
72071290,2018,644.12
72071290,2019,490.38
72071290,2020,42.5
72071290,2021,651.77
72071290,2022,3691.33
72072032,2008,944842.0
72072032,2009,137298.0
72072032,2010,480470.89
72072032,2011,1427706.3
72072032,2012,2045891.73
72072032,2013,2085493.2
72072032,2014,2639139.66
72072032,2015,2389193.18
72072032,2016,2733871.54
72072032,2017,506308.57
72072032,2018,164297.25
72072032,2019,90543.42
72072032,2020,61575.0
72072032,2021,584574.65
72072032,2022,358085.15
72072039,2008,1476.0
72072039,2009,4354.0
72072039,2010,1828.03
72072039,2011,1955.01
72072039,2012,1667.51
72072039,2013,5541.33
72072039,2014,732.54
72072039,2015,1581.48
72072039,2016,1186.5
72072039,2017,5563.23
72072039,2018,58.14
72072039,2019,1015.65
72072039,2020,7667.8
72072039,2021,237.91
72072039,2022,94.56
72081000,2008,511420.68
72081000,2009,429335.0
72081000,2010,688943.5
72081000,2011,1314311.66
72081000,2012,598059.05
72081000,2013,317550.86
72081000,2014,154122.67
72081000,2015,285372.65
72081000,2016,253570.76
72081000,2017,229769.7
72081000,2018,332652.17
72081000,2019,262982.86
72081000,2020,283318.36
72081000,2021,207173.96
72081000,2022,130989.67
72082500,2008,1095380.32
72082500,2009,397202.3
72082500,2010,579252.22
72082500,2011,676424.91
72082500,2012,235900.88
72082500,2013,368001.29
72082500,2014,541165.67
72082500,2015,1146750.88
72082500,2016,1545424.63
72082500,2017,1308204.56
72082500,2018,1371357.55
72082500,2019,1292519.87
72082500,2020,974171.48
72082500,2021,1404323.29
72082500,2022,1614822.54
72082600,2008,2268078.97
72082600,2009,1091209.03
72082600,2010,1316411.52
72082600,2011,1613948.18
72082600,2012,614099.33
72082600,2013,910588.27
72082600,2014,1281055.76
72082600,2015,1795227.8
72082600,2016,2042655.49
72082600,2017,2249246.07
72082600,2018,2233100.9
72082600,2019,2106844.69
72082600,2020,1893691.51
72082600,2021,3112234.38
72082600,2022,2876610.31
72082700,2008,3473268.7
72082700,2009,2237100.31
72082700,2010,2932224.03
72082700,2011,3252851.56
72082700,2012,1748476.58
72082700,2013,2022479.12
72082700,2014,2100909.7
72082700,2015,2780810.39
72082700,2016,3534103.34
72082700,2017,3625754.96
72082700,2018,3735591.78
72082700,2019,3318206.04
72082700,2020,3286928.41
72082700,2021,5718807.82
72082700,2022,4956951.85
72083600,2008,3991973.95
72083600,2009,2047778.0
72083600,2010,2168344.18
72083600,2011,3022926.17
72083600,2012,1834327.69
72083600,2013,1566505.12
72083600,2014,2169286.75
72083600,2015,2406551.41
72083600,2016,3644815.3
72083600,2017,3445988.28
72083600,2018,3739972.52
72083600,2019,3449022.81
72083600,2020,2516435.33
72083600,2021,3141489.85
72083600,2022,2883702.86
72083700,2008,15027783.2
72083700,2009,7302529.26
72083700,2010,11080506.51
72083700,2011,12386995.83
72083700,2012,7209206.48
72083700,2013,7187223.91
72083700,2014,6587339.9
72083700,2015,10309191.8
72083700,2016,11407990.48
72083700,2017,13045691.35
72083700,2018,16382621.06
72083700,2019,14814043.57
72083700,2020,10999135.17
72083700,2021,17702570.67
72083700,2022,13989301.21
72083800,2008,18293169.13
72083800,2009,8368507.6
72083800,2010,14794492.9
72083800,2011,14420015.04
72083800,2012,7674595.05
72083800,2013,9719351.32
72083800,2014,11395517.02
72083800,2015,20478981.51
72083800,2016,20815383.01
72083800,2017,15571008.37
72083800,2018,19315948.93
72083800,2019,18369418.52
72083800,2020,16046846.63
72083800,2021,24450741.2
72083800,2022,20177569.62
72083900,2008,26008248.62
72083900,2009,13533628.42
72083900,2010,21362669.48
72083900,2011,26562446.19
72083900,2012,16028452.86
72083900,2013,22926103.81
72083900,2014,23252516.25
72083900,2015,29355406.53
72083900,2016,34751972.97
72083900,2017,27555953.31
72083900,2018,32039888.11
72083900,2019,28946173.69
72083900,2020,23898110.83
72083900,2021,36277959.28
72083900,2022,28669818.31
72111400,2008,432515.38
72111400,2009,167591.11
72111400,2010,179713.4
72111400,2011,247341.66
72111400,2012,211901.74
72111400,2013,170341.01
72111400,2014,221125.93
72111400,2015,157680.59
72111400,2016,157985.76
72111400,2017,47341.02
72111400,2018,111168.71
72111400,2019,94047.49
72111400,2020,110248.43
72111400,2021,114456.91
72111400,2022,56967.02
72111900,2008,573144.16
72111900,2009,447878.57
72111900,2010,525338.97
72111900,2011,732109.45
72111900,2012,639331.56
72111900,2013,449519.26
72111900,2014,705608.36
72111900,2015,521987.09
72111900,2016,579083.48
72111900,2017,307503.39
72111900,2018,382861.17
72111900,2019,395364.47
72111900,2020,235300.04
72111900,2021,360241.82
72111900,2022,269785.08
72112320,2008,416191.0
72112320,2009,246655.0
72112320,2010,352991.75
72112320,2011,410189.07
72112320,2012,250962.87
72112320,2013,10518.41
72112320,2014,15004.36
72112320,2015,13576.97
72112320,2016,62820.47
72112320,2017,21413.23
72112320,2018,16796.19
72112320,2019,13284.85
72112320,2020,7683.55
72112320,2021,31114.08
72112320,2022,7370.52
72126000,2008,62453.03
72126000,2009,23085.35
72126000,2010,47427.11
72126000,2011,49783.03
72126000,2012,37995.31
72126000,2013,55908.41
72126000,2014,48534.27
72126000,2015,63428.32
72126000,2016,62168.88
72126000,2017,106370.22
72126000,2018,53652.85
72126000,2019,56533.76
72126000,2020,38698.36
72126000,2021,81284.18
72126000,2022,77863.08
72151000,2008,1166181.0
72151000,2009,495761.84
72151000,2010,863625.1
72151000,2011,1019907.36
72151000,2012,870992.85
72151000,2013,899752.37
72151000,2014,964572.25
72151000,2015,870293.5
72151000,2016,714510.86
72151000,2017,771283.11
72151000,2018,1027567.61
72151000,2019,797979.86
72151000,2020,622890.18
72151000,2021,530369.14
72151000,2022,458642.65
72155011,2008,29421.91
72155011,2009,32121.0
72155011,2010,35669.67
72155011,2011,47996.15
72155011,2012,24807.73
72155011,2013,22185.0
72155011,2014,27617.0
72155011,2015,13301.52
72155011,2016,7919.57
72155011,2017,5931.02
72155011,2018,9229.39
72155011,2019,8974.42
72155011,2020,14526.46
72155011,2021,19645.89
72155011,2022,15093.55
72155019,2008,3358637.74
72155019,2009,765776.11
72155019,2010,1113240.6
72155019,2011,1254134.01
72155019,2012,692118.01
72155019,2013,644773.42
72155019,2014,727139.15
72155019,2015,554872.98
72155019,2016,651446.26
72155019,2017,616396.08
72155019,2018,816754.18
72155019,2019,577665.57
72155019,2020,468886.81
72155019,2021,809417.48
72155019,2022,530463.49
72155080,2008,1318994.24
72155080,2009,657407.97
72155080,2010,1094753.44
72155080,2011,1984949.18
72155080,2012,1159545.91
72155080,2013,1102553.77
72155080,2014,1263816.68
72155080,2015,1207032.49
72155080,2016,990594.73
72155080,2017,891553.58
72155080,2018,935583.46
72155080,2019,630297.88
72155080,2020,563175.21
72155080,2021,1150872.4
72155080,2022,557026.45
72159000,2008,368811.25
72159000,2009,141270.65
72159000,2010,168723.63
72159000,2011,198369.67
72159000,2012,155537.62
72159000,2013,103050.39
72159000,2014,126810.49
72159000,2015,138967.91
72159000,2016,140154.35
72159000,2017,152993.6
72159000,2018,110445.45
72159000,2019,102836.59
72159000,2020,61222.02
72159000,2021,77274.27
72159000,2022,76568.86
72166110,2008,75043.55
72166110,2009,39831.19
72166110,2010,42451.51
72166110,2011,47467.02
72166110,2012,55228.79
72166110,2013,52171.43
72166110,2014,63848.29
72166110,2015,65608.1
72166110,2016,101573.19
72166110,2017,179312.3
72166110,2018,157726.15
72166110,2019,222899.49
72166110,2020,169451.46
72166110,2021,233621.32
72166110,2022,320735.32
72166190,2008,121244.88
72166190,2009,68605.73
72166190,2010,95841.38
72166190,2011,127085.33
72166190,2012,146156.58
72166190,2013,156323.41
72166190,2014,215439.07
72166190,2015,210970.29
72166190,2016,252922.43
72166190,2017,304351.61
72166190,2018,257660.6
72166190,2019,305254.8
72166190,2020,234008.9
72166190,2021,257976.1
72166190,2022,277248.82
72166900,2008,67434.28
72166900,2009,21702.05
72166900,2010,26622.46
72166900,2011,49565.92
72166900,2012,73442.96
72166900,2013,108669.75
72166900,2014,92073.73
72166900,2015,56871.84
72166900,2016,40267.36
72166900,2017,32844.08
72166900,2018,35712.37
72166900,2019,35491.1
72166900,2020,38857.93
72166900,2021,76113.22
72166900,2022,173518.2
72169110,2008,48503.13
72169110,2009,31589.62
72169110,2010,47046.96
72169110,2011,44468.51
72169110,2012,50899.45
72169110,2013,323320.11
72169110,2014,27123.49
72169110,2015,51591.33
72169110,2016,126263.45
72169110,2017,155183.53
72169110,2018,207999.84
72169110,2019,212021.89
72169110,2020,267783.7
72169110,2021,185528.1
72169110,2022,324754.4
72169180,2008,129569.93
72169180,2009,113737.69
72169180,2010,103907.27
72169180,2011,122389.26
72169180,2012,124911.47
72169180,2013,111067.2
72169180,2014,108151.37
72169180,2015,121993.6
72169180,2016,112192.74
72169180,2017,119961.36
72169180,2018,105381.78
72169180,2019,101543.15
72169180,2020,89717.0
72169180,2021,148396.13
72169180,2022,196167.95
72171010,2008,50614.3
72171010,2009,27791.57
72171010,2010,28438.9
72171010,2011,22298.7
72171010,2012,20604.23
72171010,2013,18854.3
72171010,2014,29164.81
72171010,2015,21590.42
72171010,2016,25332.42
72171010,2017,17629.64
72171010,2018,44295.72
72171010,2019,43004.15
72171010,2020,43911.56
72171010,2021,50158.54
72171010,2022,60885.4
72171031,2008,445522.58
72171031,2009,261984.6
72171031,2010,490054.26
72171031,2011,710971.01
72171031,2012,745309.06
72171031,2013,1134035.78
72171031,2014,1402444.3
72171031,2015,1206901.1
72171031,2016,1369756.63
72171031,2017,1753713.7
72171031,2018,1923486.8
72171031,2019,1644786.32
72171031,2020,1590584.64
72171031,2021,1892375.35
72171031,2022,836477.49
72171039,2008,2479910.02
72171039,2009,1626548.23
72171039,2010,1512388.07
72171039,2011,1232633.55
72171039,2012,1094752.56
72171039,2013,1314447.99
72171039,2014,1596365.36
72171039,2015,1573339.7
72171039,2016,1890904.74
72171039,2017,1814694.15
72171039,2018,2099062.7
72171039,2019,2019240.2
72171039,2020,1526754.54
72171039,2021,1429920.66
72171039,2022,1106541.99
72171050,2008,264122.32
72171050,2009,195104.05
72171050,2010,183217.65
72171050,2011,194728.09
72171050,2012,173826.12
72171050,2013,174200.65
72171050,2014,179168.3
72171050,2015,156172.59
72171050,2016,179864.03
72171050,2017,158389.95
72171050,2018,143983.34
72171050,2019,152396.77
72171050,2020,109094.48
72171050,2021,95771.1
72171050,2022,99923.0
72171090,2008,624644.43
72171090,2009,514339.58
72171090,2010,545406.21
72171090,2011,745067.78
72171090,2012,626218.78
72171090,2013,497830.29
72171090,2014,685709.83
72171090,2015,652271.44
72171090,2016,590513.93
72171090,2017,556838.66
72171090,2018,670263.43
72171090,2019,552575.21
72171090,2020,385565.57
72171090,2021,458272.15
72171090,2022,487375.02
72172010,2008,113079.26
72172010,2009,69836.89
72172010,2010,85907.83
72172010,2011,101858.68
72172010,2012,83461.44
72172010,2013,71714.96
72172010,2014,84351.73
72172010,2015,77188.91
72172010,2016,80302.68
72172010,2017,74181.18
72172010,2018,80278.49
72172010,2019,68527.13
72172010,2020,87458.77
72172010,2021,85203.14
72172010,2022,107066.29
72172030,2008,2012715.72
72172030,2009,1299551.73
72172030,2010,1139199.76
72172030,2011,1093547.5
72172030,2012,862027.73
72172030,2013,957941.28
72172030,2014,1578172.21
72172030,2015,1641092.91
72172030,2016,1719898.76
72172030,2017,1313550.66
72172030,2018,1906940.75
72172030,2019,1897198.31
72172030,2020,1298710.23
72172030,2021,1547671.46
72172030,2022,1395465.7
72172050,2008,56178.99
72172050,2009,30557.11
72172050,2010,37849.52
72172050,2011,35829.01
72172050,2012,44678.23
72172050,2013,40754.14
72172050,2014,32349.67
72172050,2015,40022.84
72172050,2016,34676.0
72172050,2017,27624.14
72172050,2018,38054.1
72172050,2019,23358.45
72172050,2020,16580.17
72172050,2021,22432.62
72172050,2022,44297.14
72172090,2008,401377.75
72172090,2009,298506.05
72172090,2010,324650.57
72172090,2011,351580.01
72172090,2012,356149.8
72172090,2013,371054.52
72172090,2014,351174.9
72172090,2015,279382.48
72172090,2016,238796.83
72172090,2017,243136.48
72172090,2018,276526.55
72172090,2019,280785.07
72172090,2020,226179.48
72172090,2021,306910.34
72172090,2022,270844.37
72173041,2008,468629.62
72173041,2009,297547.68
72173041,2010,347794.98
72173041,2011,384601.78
72173041,2012,342521.16
72173041,2013,294293.39
72173041,2014,200241.56
72173041,2015,133329.34
72173041,2016,112316.31
72173041,2017,80411.99
72173041,2018,89643.29
72173041,2019,116835.27
72173041,2020,101975.1
72173041,2021,117038.77
72173041,2022,112038.63
72173049,2008,82407.23
72173049,2009,70807.82
72173049,2010,82584.89
72173049,2011,56182.86
72173049,2012,50726.34
72173049,2013,52543.96
72173049,2014,38641.84
72173049,2015,35883.94
72173049,2016,51220.85
72173049,2017,41075.07
72173049,2018,21146.97
72173049,2019,17755.68
72173049,2020,24815.28
72173049,2021,26495.07
72173049,2022,49900.98
72173050,2008,4115.0
72173050,2009,2586.0
72173050,2010,4044.44
72173050,2011,3013.4
72173050,2012,661.94
72173050,2013,2975.17
72173050,2014,3730.65
72173050,2015,10860.98
72173050,2016,9284.98
72173050,2017,1759.71
72173050,2018,4431.35
72173050,2019,2135.79
72173050,2020,1344.32
72173050,2021,4157.04
72173050,2022,2201.55
72173090,2008,695980.39
72173090,2009,364609.0
72173090,2010,574633.97
72173090,2011,677671.37
72173090,2012,553966.2
72173090,2013,658804.61
72173090,2014,718655.89
72173090,2015,637352.02
72173090,2016,710812.17
72173090,2017,718587.66
72173090,2018,800153.52
72173090,2019,709632.55
72173090,2020,692417.62
72173090,2021,830464.54
72173090,2022,808623.23
72179020,2008,151495.91
72179020,2009,59296.68
72179020,2010,73314.26
72179020,2011,69907.61
72179020,2012,63853.03
72179020,2013,95371.1
72179020,2014,92546.33
72179020,2015,133717.18
72179020,2016,70808.12
72179020,2017,71368.16
72179020,2018,70340.53
72179020,2019,81811.72
72179020,2020,76590.76
72179020,2021,78826.52
72179020,2022,94595.28
72179050,2008,15023.74
72179050,2009,8998.92
72179050,2010,11484.79
72179050,2011,9657.5
72179050,2012,7892.7
72179050,2013,9779.82
72179050,2014,16784.0
72179050,2015,33960.04
72179050,2016,20065.64
72179050,2017,20299.21
72179050,2018,15371.83
72179050,2019,11268.49
72179050,2020,8317.13
72179050,2021,8113.64
72179050,2022,8428.66
72179090,2008,142409.81
72179090,2009,63452.68
72179090,2010,79044.38
72179090,2011,99008.53
72179090,2012,69232.25
72179090,2013,84413.3
72179090,2014,118311.64
72179090,2015,163760.22
72179090,2016,93806.0
72179090,2017,91422.1
72179090,2018,68645.57
72179090,2019,67033.74
72179090,2020,48990.49
72179090,2021,86249.51
72179090,2022,65693.43
72189110,2008,342834.0
72189110,2009,363750.0
72189110,2010,698270.99
72189110,2011,1336182.12
72189110,2012,977711.37
72189110,2013,734390.73
72189110,2014,1125937.4
72189110,2015,1038719.98
72189110,2016,1128558.68
72189110,2017,1400583.05
72189110,2018,1805670.65
72189110,2019,1608648.36
72189110,2020,1153668.34
72189110,2021,2105627.23
72189110,2022,1626402.36
72189180,2008,2667.0
72189180,2009,1613.0
72189180,2010,2099.86
72189180,2011,6655.5
72189180,2012,2008.7
72189180,2013,2664.01
72189180,2014,11604.41
72189180,2015,22232.05
72189180,2016,12061.35
72189180,2017,18440.0
72189180,2018,11790.44
72189180,2019,4324.45
72189180,2020,7467.14
72189180,2021,42221.31
72189180,2022,120076.74
72192210,2008,138035.8
72192210,2009,78787.76
72192210,2010,112312.95
72192210,2011,96359.69
72192210,2012,93309.64
72192210,2013,133646.22
72192210,2014,191892.23
72192210,2015,221305.76
72192210,2016,229875.68
72192210,2017,315041.12
72192210,2018,375636.92
72192210,2019,387891.69
72192210,2020,182670.88
72192210,2021,211620.44
72192210,2022,191439.14
72192290,2008,7641.36
72192290,2009,7659.0
72192290,2010,11282.28
72192290,2011,26605.63
72192290,2012,25111.91
72192290,2013,43833.01
72192290,2014,35803.96
72192290,2015,62657.39
72192290,2016,74607.59
72192290,2017,78632.21
72192290,2018,76797.29
72192290,2019,76523.77
72192290,2020,59039.16
72192290,2021,87674.92
72192290,2022,82855.47
72192300,2008,32546.96
72192300,2009,31717.78
72192300,2010,37317.67
72192300,2011,40661.05
72192300,2012,42048.94
72192300,2013,63001.65
72192300,2014,92522.16
72192300,2015,120598.59
72192300,2016,94707.71
72192300,2017,121858.39
72192300,2018,143453.4
72192300,2019,112375.51
72192300,2020,89571.51
72192300,2021,103416.72
72192300,2022,119315.31
72192400,2008,12814.55
72192400,2009,19202.68
72192400,2010,13130.74
72192400,2011,8417.17
72192400,2012,6426.43
72192400,2013,16667.02
72192400,2014,13690.14
72192400,2015,12325.89
72192400,2016,15037.69
72192400,2017,11377.01
72192400,2018,13611.42
72192400,2019,12196.41
72192400,2020,8732.7
72192400,2021,4443.06
72192400,2022,8680.25
72222011,2008,125286.82
72222011,2009,76918.69
72222011,2010,117391.07
72222011,2011,172211.37
72222011,2012,159353.47
72222011,2013,125461.29
72222011,2014,128715.79
72222011,2015,123637.04
72222011,2016,120654.66
72222011,2017,151179.38
72222011,2018,157027.7
72222011,2019,130619.34
72222011,2020,135903.81
72222011,2021,135979.24
72222011,2022,118739.98
72222019,2008,21839.0
72222019,2009,6708.48
72222019,2010,15298.58
72222019,2011,23883.83
72222019,2012,56485.64
72222019,2013,51968.21
72222019,2014,31078.53
72222019,2015,37827.78
72222019,2016,31781.54
72222019,2017,34571.27
72222019,2018,52986.68
72222019,2019,40235.8
72222019,2020,31490.38
72222019,2021,22397.12
72222019,2022,28228.0
72222021,2008,122137.67
72222021,2009,68095.76
72222021,2010,94841.97
72222021,2011,164348.07
72222021,2012,100878.1
72222021,2013,94589.43
72222021,2014,139465.56
72222021,2015,164813.85
72222021,2016,163663.49
72222021,2017,174423.73
72222021,2018,252223.54
72222021,2019,268889.03
72222021,2020,176498.27
72222021,2021,250992.04
72222021,2022,364387.11
72222029,2008,46804.61
72222029,2009,19501.07
72222029,2010,38314.57
72222029,2011,68714.22
72222029,2012,57867.05
72222029,2013,41024.71
72222029,2014,53156.17
72222029,2015,45655.7
72222029,2016,48867.35
72222029,2017,47623.17
72222029,2018,74534.97
72222029,2019,44735.92
72222029,2020,27560.92
72222029,2021,44135.36
72222029,2022,72083.57
72222031,2008,184966.42
72222031,2009,110438.21
72222031,2010,158510.23
72222031,2011,246346.85
72222031,2012,166556.47
72222031,2013,217160.92
72222031,2014,285996.44
72222031,2015,276695.85
72222031,2016,314274.05
72222031,2017,354677.64
72222031,2018,438071.43
72222031,2019,407842.24
72222031,2020,286029.03
72222031,2021,409434.55
72222031,2022,472573.61
72222039,2008,123002.87
72222039,2009,71761.05
72222039,2010,126254.66
72222039,2011,162664.4
72222039,2012,96417.87
72222039,2013,82595.32
72222039,2014,99788.9
72222039,2015,101025.27
72222039,2016,100705.42
72222039,2017,108673.72
72222039,2018,132712.51
72222039,2019,90348.2
72222039,2020,52916.32
72222039,2021,63293.92
72222039,2022,93160.16
72222081,2008,54377.09
72222081,2009,37449.67
72222081,2010,58802.31
72222081,2011,65753.09
72222081,2012,54675.36
72222081,2013,49683.86
72222081,2014,57532.17
72222081,2015,73509.43
72222081,2016,60356.81
72222081,2017,68888.78
72222081,2018,78792.51
72222081,2019,79192.53
72222081,2020,62804.49
72222081,2021,83710.84
72222081,2022,104637.59
72222089,2008,8509.19
72222089,2009,6728.0
72222089,2010,6844.72
72222089,2011,5316.47
72222089,2012,7608.46
72222089,2013,6699.11
72222089,2014,13021.69
72222089,2015,8823.75
72222089,2016,10752.92
72222089,2017,9946.35
72222089,2018,8485.72
72222089,2019,10287.46
72222089,2020,8714.26
72222089,2021,13027.25
72222089,2022,8598.38
72223051,2008,26729.12
72223051,2009,9559.15
72223051,2010,12475.31
72223051,2011,13205.05
72223051,2012,6114.71
72223051,2013,11341.41
72223051,2014,21753.18
72223051,2015,22575.39
72223051,2016,11317.0
72223051,2017,7452.75
72223051,2018,11576.35
72223051,2019,14604.07
72223051,2020,16351.62
72223051,2021,19076.1
72223051,2022,15132.37
72223091,2008,5150.32
72223091,2009,2323.35
72223091,2010,1268.91
72223091,2011,3156.71
72223091,2012,3791.68
72223091,2013,2675.65
72223091,2014,3111.3
72223091,2015,3327.77
72223091,2016,4985.02
72223091,2017,6612.87
72223091,2018,6072.2
72223091,2019,8459.65
72223091,2020,8286.21
72223091,2021,3962.27
72223091,2022,10245.19
72223097,2008,42483.09
72223097,2009,37144.36
72223097,2010,54487.27
72223097,2011,46723.69
72223097,2012,58534.34
72223097,2013,45551.19
72223097,2014,87757.91
72223097,2015,97493.74
72223097,2016,79304.01
72223097,2017,120584.32
72223097,2018,183314.73
72223097,2019,197875.14
72223097,2020,154170.17
72223097,2021,203710.2
72223097,2022,271087.09
72224050,2008,12273.64
72224050,2009,4968.67
72224050,2010,7697.74
72224050,2011,12196.59
72224050,2012,10613.42
72224050,2013,15877.87
72224050,2014,16956.61
72224050,2015,15463.44
72224050,2016,21279.59
72224050,2017,23995.77
72224050,2018,29049.71
72224050,2019,37138.25
72224050,2020,38387.58
72224050,2021,25999.81
72224050,2022,32383.55
72230011,2008,5569.57
72230011,2009,3557.1
72230011,2010,4613.41
72230011,2011,4321.46
72230011,2012,3566.86
72230011,2013,6846.75
72230011,2014,16639.66
72230011,2015,19737.48
72230011,2016,20543.91
72230011,2017,13635.15
72230011,2018,12734.07
72230011,2019,14368.63
72230011,2020,21472.31
72230011,2021,29489.19
72230011,2022,40861.71
72230019,2008,451012.85
72230019,2009,327953.9
72230019,2010,498403.78
72230019,2011,574034.93
72230019,2012,548324.59
72230019,2013,501894.56
72230019,2014,620475.39
72230019,2015,623075.49
72230019,2016,659098.92
72230019,2017,757492.75
72230019,2018,804110.17
72230019,2019,746980.94
72230019,2020,702361.25
72230019,2021,986816.17
72230019,2022,930528.36
72230091,2008,11373.69
72230091,2009,12084.14
72230091,2010,10426.11
72230091,2011,14343.65
72230091,2012,11440.29
72230091,2013,23272.51
72230091,2014,11724.52
72230091,2015,10294.73
72230091,2016,16018.64
72230091,2017,15899.77
72230091,2018,12859.32
72230091,2019,23819.47
72230091,2020,29172.9
72230091,2021,28823.48
72230091,2022,30002.43
72230099,2008,86914.06
72230099,2009,41590.79
72230099,2010,58416.99
72230099,2011,79439.51
72230099,2012,84897.83
72230099,2013,70278.91
72230099,2014,109741.45
72230099,2015,104777.76
72230099,2016,93704.6
72230099,2017,104038.8
72230099,2018,107478.72
72230099,2019,102779.9
72230099,2020,93781.15
72230099,2021,141263.65
72230099,2022,143675.38
72249014,2008,466924.0
72249014,2009,49429.13
72249014,2010,258018.02
72249014,2011,884843.53
72249014,2012,2270189.48
72249014,2013,2186121.14
72249014,2014,2967199.22
72249014,2015,3910609.46
72249014,2016,3400031.52
72249014,2017,3639523.49
72249014,2018,3383605.12
72249014,2019,694379.8
72249014,2020,285714.58
72249014,2021,1085775.79
72249014,2022,1078570.58
72253010,2008,30170.18
72253010,2009,
72253010,2010,6481.9
72253010,2011,4461.45
72253010,2012,190.55
72253010,2013,214.61
72253010,2014,68.05
72253010,2015,89.01
72253010,2016,138.86
72253010,2017,233.97
72253010,2018,3203.64
72253010,2019,1805.43
72253010,2020,0.5
72253010,2021,3857.33
72253010,2022,69.36
72253090,2008,793421.0
72253090,2009,127164.0
72253090,2010,126093.13
72253090,2011,475968.52
72253090,2012,181710.74
72253090,2013,413617.68
72253090,2014,826187.95
72253090,2015,4942535.61
72253090,2016,3065089.24
72253090,2017,310752.99
72253090,2018,305611.04
72253090,2019,195815.66
72253090,2020,332042.72
72253090,2021,669489.68
72253090,2022,1426916.15
72254090,2008,24179.45
72254090,2009,110773.3
72254090,2010,50660.05
72254090,2011,79593.24
72254090,2012,66816.04
72254090,2013,74983.3
72254090,2014,60666.35
72254090,2015,40828.03
72254090,2016,21668.85
72254090,2017,4304.77
72254090,2018,10358.07
72254090,2019,110677.47
72254090,2020,84540.01
72254090,2021,68213.8
72254090,2022,67410.7
72261910,2008,3249.0
72261910,2009,2498.0
72261910,2010,251.45
72261910,2011,2490.39
72261910,2012,1869.25
72261910,2013,2089.0
72261910,2014,1779.81
72261910,2015,36.91
72261910,2016,851.65
72261910,2017,442.81
72261910,2018,3179.51
72261910,2019,66.39
72261910,2020,2839.99
72261910,2021,2405.32
72261910,2022,10853.2
72261980,2008,471259.0
72261980,2009,128137.48
72261980,2010,254227.39
72261980,2011,288600.98
72261980,2012,275303.94
72261980,2013,531616.3
72261980,2014,578956.53
72261980,2015,572526.26
72261980,2016,691303.38
72261980,2017,752626.46
72261980,2018,837745.39
72261980,2019,552698.82
72261980,2020,506135.13
72261980,2021,424845.6
72261980,2022,289150.13
72262000,2008,5919.0
72262000,2009,6063.0
72262000,2010,8614.34
72262000,2011,8293.16
72262000,2012,7179.35
72262000,2013,7758.67
72262000,2014,7901.3
72262000,2015,10112.85
72262000,2016,9390.94
72262000,2017,13994.73
72262000,2018,12202.16
72262000,2019,10618.92
72262000,2020,5115.62
72262000,2021,5298.91
72262000,2022,10309.44
72269120,2008,5974.6
72269120,2009,3709.0
72269120,2010,13277.04
72269120,2011,19154.34
72269120,2012,25746.25
72269120,2013,16787.28
72269120,2014,18732.4
72269120,2015,19197.55
72269120,2016,19454.45
72269120,2017,22628.03
72269120,2018,28561.39
72269120,2019,30362.57
72269120,2020,31542.25
72269120,2021,37612.3
72269120,2022,57954.04
72269191,2008,81675.4
72269191,2009,91391.0
72269191,2010,46904.36
72269191,2011,62779.58
72269191,2012,34025.61
72269191,2013,22523.59
72269191,2014,15515.46
72269191,2015,19463.34
72269191,2016,19107.52
72269191,2017,14573.74
72269191,2018,24203.02
72269191,2019,31408.42
72269191,2020,28234.26
72269191,2021,40891.04
72269191,2022,52228.06
72269199,2008,645337.0
72269199,2009,527307.0
72269199,2010,447539.38
72269199,2011,441189.26
72269199,2012,251554.55
72269199,2013,79202.71
72269199,2014,45866.12
72269199,2015,102091.86
72269199,2016,28244.96
72269199,2017,38441.59
72269199,2018,44438.29
72269199,2019,36240.84
72269199,2020,28539.42
72269199,2021,54267.97
72269199,2022,47015.48
72269970,2008,21367.94
72269970,2009,22934.26
72269970,2010,31694.46
72269970,2011,45242.85
72269970,2012,41761.39
72269970,2013,24483.89
72269970,2014,8735.51
72269970,2015,21421.43
72269970,2016,15027.84
72269970,2017,12493.54
72269970,2018,17960.03
72269970,2019,16880.75
72269970,2020,16274.75
72269970,2021,26315.94
72269970,2022,24640.4
72271000,2008,434.0
72271000,2009,420.0
72271000,2010,1274.92
72271000,2011,2184.15
72271000,2012,3435.09
72271000,2013,1015.9
72271000,2014,343.13
72271000,2015,11720.53
72271000,2016,14399.55
72271000,2017,2229.34
72271000,2018,295.4
72271000,2019,139.39
72271000,2020,183.44
72271000,2021,79.36
72271000,2022,252.83
72279050,2008,853.0
72279050,2009,171.2
72279050,2010,3058.29
72279050,2011,2818.1
72279050,2012,30264.55
72279050,2013,56915.65
72279050,2014,60055.89
72279050,2015,37137.29
72279050,2016,26364.39
72279050,2017,64830.82
72279050,2018,84527.09
72279050,2019,45622.93
72279050,2020,48023.36
72279050,2021,49596.6
72279050,2022,22830.21
72281020,2008,41958.72
72281020,2009,10754.0
72281020,2010,14261.48
72281020,2011,7421.66
72281020,2012,7426.04
72281020,2013,9924.62
72281020,2014,27477.91
72281020,2015,53466.82
72281020,2016,61215.28
72281020,2017,44647.49
72281020,2018,32691.03
72281020,2019,61945.07
72281020,2020,8386.68
72281020,2021,4481.16
72281020,2022,8314.13
72281050,2008,6783.0
72281050,2009,1762.0
72281050,2010,1126.58
72281050,2011,7626.74
72281050,2012,945.86
72281050,2013,505.92
72281050,2014,608.07
72281050,2015,1200.21
72281050,2016,813.58
72281050,2017,2039.7
72281050,2018,543.53
72281050,2019,2170.63
72281050,2020,8323.46
72281050,2021,8868.08
72281050,2022,6140.62
72281090,2008,34664.52
72281090,2009,12694.29
72281090,2010,16557.46
72281090,2011,29023.64
72281090,2012,33003.57
72281090,2013,36062.12
72281090,2014,30654.02
72281090,2015,32229.53
72281090,2016,26295.31
72281090,2017,29871.46
72281090,2018,38708.79
72281090,2019,35535.06
72281090,2020,23151.39
72281090,2021,28094.78
72281090,2022,37512.99
72282099,2008,7910.0
72282099,2009,22204.0
72282099,2010,23686.81
72282099,2011,31982.25
72282099,2012,27776.87
72282099,2013,18866.9
72282099,2014,32725.2
72282099,2015,21308.88
72282099,2016,26438.16
72282099,2017,34182.36
72282099,2018,32599.61
72282099,2019,11807.46
72282099,2020,4128.64
72282099,2021,22357.04
72282099,2022,13199.64
72285020,2008,241050.0
72285020,2009,96993.42
72285020,2010,149296.17
72285020,2011,210074.07
72285020,2012,169536.58
72285020,2013,155556.17
72285020,2014,193104.95
72285020,2015,224216.49
72285020,2016,204941.32
72285020,2017,255264.7
72285020,2018,275291.37
72285020,2019,294518.15
72285020,2020,214869.26
72285020,2021,234463.47
72285020,2022,308150.89
72285040,2008,811145.0
72285040,2009,176618.0
72285040,2010,566177.02
72285040,2011,572710.29
72285040,2012,361513.57
72285040,2013,400522.11
72285040,2014,521183.54
72285040,2015,440022.12
72285040,2016,405681.22
72285040,2017,455833.3
72285040,2018,363744.25
72285040,2019,291931.82
72285040,2020,220199.17
72285040,2021,638582.79
72285040,2022,246983.66
72285061,2008,1519129.92
72285061,2009,454385.36
72285061,2010,1125201.5
72285061,2011,1693808.93
72285061,2012,984141.12
72285061,2013,908801.11
72285061,2014,1002095.23
72285061,2015,1020536.97
72285061,2016,1010906.96
72285061,2017,1026824.38
72285061,2018,1274204.5
72285061,2019,781794.87
72285061,2020,761951.23
72285061,2021,959487.9
72285061,2022,347973.83
72285069,2008,796079.2
72285069,2009,314121.13
72285069,2010,698893.36
72285069,2011,1038192.58
72285069,2012,861620.8
72285069,2013,823751.46
72285069,2014,985260.42
72285069,2015,875706.88
72285069,2016,742726.72
72285069,2017,718632.38
72285069,2018,792259.72
72285069,2019,693344.31
72285069,2020,591132.33
72285069,2021,839095.27
72285069,2022,398481.95
72285080,2008,206760.0
72285080,2009,80093.0
72285080,2010,89806.58
72285080,2011,97758.12
72285080,2012,93799.1
72285080,2013,49548.95
72285080,2014,79688.26
72285080,2015,85801.0
72285080,2016,71467.2
72285080,2017,20334.04
72285080,2018,17595.15
72285080,2019,21589.06
72285080,2020,19941.78
72285080,2021,34615.02
72285080,2022,74851.58
72286080,2008,387519.81
72286080,2009,141517.22
72286080,2010,146787.87
72286080,2011,84887.8
72286080,2012,77610.41
72286080,2013,123256.69
72286080,2014,203192.37
72286080,2015,91113.74
72286080,2016,74519.19
72286080,2017,75920.77
72286080,2018,83274.71
72286080,2019,78821.02
72286080,2020,74974.5
72286080,2021,72428.99
72286080,2022,74743.12
72287090,2008,34365.1
72287090,2009,22331.17
72287090,2010,34602.26
72287090,2011,28422.53
72287090,2012,29722.29
72287090,2013,26044.62
72287090,2014,58369.88
72287090,2015,35416.53
72287090,2016,56674.91
72287090,2017,63611.97
72287090,2018,38642.53
72287090,2019,41050.65
72287090,2020,37495.75
72287090,2021,23247.58
72287090,2022,30161.9
72292000,2008,339338.86
72292000,2009,198773.99
72292000,2010,201298.44
72292000,2011,303115.23
72292000,2012,328291.46
72292000,2013,382169.61
72292000,2014,607411.3
72292000,2015,658669.94
72292000,2016,778369.28
72292000,2017,788461.55
72292000,2018,875386.47
72292000,2019,925866.72
72292000,2020,800970.5
72292000,2021,1019286.4
72292000,2022,926108.5
72299020,2008,13127.0
72299020,2009,4579.0
72299020,2010,13032.82
72299020,2011,18507.93
72299020,2012,14655.92
72299020,2013,6508.14
72299020,2014,6815.85
72299020,2015,6201.67
72299020,2016,5870.81
72299020,2017,7902.62
72299020,2018,6577.04
72299020,2019,6584.06
72299020,2020,11512.44
72299020,2021,9682.74
72299020,2022,11986.71
72299050,2008,66688.0
72299050,2009,12079.0
72299050,2010,25649.84
72299050,2011,31428.54
72299050,2012,26415.54
72299050,2013,4105.9
72299050,2014,1339.38
72299050,2015,48009.91
72299050,2016,46062.75
72299050,2017,34444.46
72299050,2018,47682.14
72299050,2019,56435.65
72299050,2020,8768.95
72299050,2021,7770.08
72299050,2022,4764.8
72299090,2008,564515.26
72299090,2009,400738.73
72299090,2010,423182.91
72299090,2011,595442.01
72299090,2012,520268.23
72299090,2013,476249.25
72299090,2014,687335.77
72299090,2015,914853.47
72299090,2016,1158837.22
72299090,2017,1146756.3
72299090,2018,844762.07
72299090,2019,878413.42
72299090,2020,2549792.24
72299090,2021,3732417.03
72299090,2022,3258567.82
73030010,2008,748630.53
73030010,2009,695276.84
73030010,2010,393820.2
73030010,2011,555483.11
73030010,2012,441652.67
73030010,2013,531545.66
73030010,2014,710428.79
73030010,2015,861685.42
73030010,2016,606327.78
73030010,2017,442020.93
73030010,2018,460814.19
73030010,2019,644113.62
73030010,2020,484369.24
73030010,2021,624026.78
73030010,2022,736812.76
73030090,2008,1281479.51
73030090,2009,390110.01
73030090,2010,613370.8
73030090,2011,645175.48
73030090,2012,582361.36
73030090,2013,543300.36
73030090,2014,473433.64
73030090,2015,448816.79
73030090,2016,316624.52
73030090,2017,448356.74
73030090,2018,378400.88
73030090,2019,475334.44
73030090,2020,349836.05
73030090,2021,486613.22
73030090,2022,606094.31
73041100,2008,70685.07
73041100,2009,43984.57
73041100,2010,53241.9
73041100,2011,39901.12
73041100,2012,53918.11
73041100,2013,170892.36
73041100,2014,80160.52
73041100,2015,87013.78
73041100,2016,59507.15
73041100,2017,41791.78
73041100,2018,40801.55
73041100,2019,40203.09
73041100,2020,25953.83
73041100,2021,21262.8
73041100,2022,25628.66
73041910,2008,799679.34
73041910,2009,319842.65
73041910,2010,247112.78
73041910,2011,255016.51
73041910,2012,168748.22
73041910,2013,172756.21
73041910,2014,241460.69
73041910,2015,142943.94
73041910,2016,167966.7
73041910,2017,99620.25
73041910,2018,158116.93
73041910,2019,188447.96
73041910,2020,149951.71
73041910,2021,155401.4
73041910,2022,306407.0
73041930,2008,611773.93
73041930,2009,194092.83
73041930,2010,179683.64
73041930,2011,208426.85
73041930,2012,222242.74
73041930,2013,154233.77
73041930,2014,225462.43
73041930,2015,262767.59
73041930,2016,259181.75
73041930,2017,197241.23
73041930,2018,214022.41
73041930,2019,246894.56
73041930,2020,136998.69
73041930,2021,131402.38
73041930,2022,176996.82
73041990,2008,434695.0
73041990,2009,456538.93
73041990,2010,149325.17
73041990,2011,196495.2
73041990,2012,81161.17
73041990,2013,96467.41
73041990,2014,157719.14
73041990,2015,144897.84
73041990,2016,63880.11
73041990,2017,65731.42
73041990,2018,38875.7
73041990,2019,86387.76
73041990,2020,46424.48
73041990,2021,26464.37
73041990,2022,30378.75
73042200,2008,66164.8
73042200,2009,19012.0
73042200,2010,73957.56
73042200,2011,8695.46
73042200,2012,11528.38
73042200,2013,15948.23
73042200,2014,22905.2
73042200,2015,53111.63
73042200,2016,27516.47
73042200,2017,52797.87
73042200,2018,107090.47
73042200,2019,6199.13
73042200,2020,1110.13
73042200,2021,981.68
73042200,2022,3329.76
73042300,2008,143683.1
73042300,2009,91241.27
73042300,2010,143902.47
73042300,2011,169842.34
73042300,2012,128652.74
73042300,2013,122628.81
73042300,2014,109042.16
73042300,2015,89655.2
73042300,2016,166666.13
73042300,2017,278880.09
73042300,2018,364202.05
73042300,2019,433238.43
73042300,2020,139752.08
73042300,2021,180654.53
73042300,2022,194891.42
73042400,2008,4752.42
73042400,2009,5865.15
73042400,2010,3162.24
73042400,2011,3255.9
73042400,2012,13096.57
73042400,2013,9438.82
73042400,2014,61696.31
73042400,2015,30096.49
73042400,2016,22751.93
73042400,2017,17174.2
73042400,2018,11293.84
73042400,2019,27817.06
73042400,2020,25304.44
73042400,2021,25497.8
73042400,2022,14708.5
73042910,2008,268826.05
73042910,2009,175240.45
73042910,2010,110261.01
73042910,2011,172068.55
73042910,2012,198736.98
73042910,2013,235130.55
73042910,2014,260381.12
73042910,2015,229899.09
73042910,2016,188315.98
73042910,2017,138536.98
73042910,2018,60302.7
73042910,2019,106586.22
73042910,2020,188236.9
73042910,2021,123559.62
73042910,2022,151728.17
73042930,2008,752754.69
73042930,2009,159951.57
73042930,2010,152529.01
73042930,2011,385031.85
73042930,2012,537883.91
73042930,2013,580706.82
73042930,2014,795852.97
73042930,2015,472983.66
73042930,2016,385014.77
73042930,2017,272461.49
73042930,2018,400183.75
73042930,2019,320966.11
73042930,2020,208431.57
73042930,2021,214038.21
73042930,2022,382373.14
73042990,2008,79130.0
73042990,2009,18316.0
73042990,2010,39245.56
73042990,2011,61597.66
73042990,2012,76476.61
73042990,2013,94933.51
73042990,2014,63626.16
73042990,2015,49919.04
73042990,2016,41393.27
73042990,2017,30921.64
73042990,2018,40048.84
73042990,2019,26031.86
73042990,2020,14778.68
73042990,2021,15577.82
73042990,2022,17558.44
73043120,2008,418542.96
73043120,2009,278709.78
73043120,2010,70927.61
73043120,2011,231501.99
73043120,2012,156829.37
73043120,2013,138838.91
73043120,2014,140315.33
73043120,2015,119829.92
73043120,2016,144153.88
73043120,2017,174205.85
73043120,2018,189605.17
73043120,2019,143681.78
73043120,2020,113372.4
73043120,2021,133032.24
73043120,2022,164310.72
73043180,2008,324788.65
73043180,2009,146782.8
73043180,2010,101162.86
73043180,2011,101701.6
73043180,2012,98734.48
73043180,2013,151394.05
73043180,2014,185682.82
73043180,2015,197368.61
73043180,2016,166675.86
73043180,2017,180550.85
73043180,2018,159240.02
73043180,2019,171258.97
73043180,2020,88592.39
73043180,2021,74192.88
73043180,2022,122673.7
73043950,2008,
73043950,2009,
73043950,2010,
73043950,2011,
73043950,2012,
73043950,2013,
73043950,2014,
73043950,2015,
73043950,2016,
73043950,2017,
73043950,2018,
73043950,2019,
73043950,2020,
73043950,2021,
73043950,2022,24152.94
73043982,2008,
73043982,2009,
73043982,2010,
73043982,2011,
73043982,2012,
73043982,2013,
73043982,2014,
73043982,2015,
73043982,2016,
73043982,2017,
73043982,2018,
73043982,2019,
73043982,2020,
73043982,2021,
73043982,2022,1093781.95
73043983,2008,
73043983,2009,
73043983,2010,
73043983,2011,
73043983,2012,
73043983,2013,
73043983,2014,
73043983,2015,
73043983,2016,
73043983,2017,
73043983,2018,
73043983,2019,
73043983,2020,
73043983,2021,
73043983,2022,860563.21
73043988,2008,
73043988,2009,
73043988,2010,
73043988,2011,
73043988,2012,
73043988,2013,
73043988,2014,
73043988,2015,
73043988,2016,
73043988,2017,
73043988,2018,
73043988,2019,
73043988,2020,
73043988,2021,
73043988,2022,23292.66
73044100,2008,256022.36
73044100,2009,179567.74
73044100,2010,198215.75
73044100,2011,204658.73
73044100,2012,176077.79
73044100,2013,205543.33
73044100,2014,233564.95
73044100,2015,237522.16
73044100,2016,278568.63
73044100,2017,291411.77
73044100,2018,321903.03
73044100,2019,349545.03
73044100,2020,287420.91
73044100,2021,334219.27
73044100,2022,348560.03
73044983,2008,
73044983,2009,
73044983,2010,
73044983,2011,
73044983,2012,
73044983,2013,
73044983,2014,
73044983,2015,
73044983,2016,
73044983,2017,
73044983,2018,
73044983,2019,
73044983,2020,
73044983,2021,
73044983,2022,113845.94
73044985,2008,
73044985,2009,
73044985,2010,
73044985,2011,
73044985,2012,
73044985,2013,
73044985,2014,
73044985,2015,
73044985,2016,
73044985,2017,
73044985,2018,
73044985,2019,
73044985,2020,
73044985,2021,
73044985,2022,18104.77
73044989,2008,
73044989,2009,
73044989,2010,
73044989,2011,
73044989,2012,
73044989,2013,
73044989,2014,
73044989,2015,
73044989,2016,
73044989,2017,
73044989,2018,
73044989,2019,
73044989,2020,
73044989,2021,
73044989,2022,3483.06
73045110,2008,
73045110,2009,
73045110,2010,
73045110,2011,
73045110,2012,
73045110,2013,
73045110,2014,
73045110,2015,
73045110,2016,
73045110,2017,
73045110,2018,
73045110,2019,
73045110,2020,
73045110,2021,
73045110,2022,40080.95
73045181,2008,10491.45
73045181,2009,24932.66
73045181,2010,20747.34
73045181,2011,20665.17
73045181,2012,12034.48
73045181,2013,17849.53
73045181,2014,25177.62
73045181,2015,14027.39
73045181,2016,17069.88
73045181,2017,37182.94
73045181,2018,25458.8
73045181,2019,28339.13
73045181,2020,20463.78
73045181,2021,28644.62
73045181,2022,33611.67
73045189,2008,74506.54
73045189,2009,20792.52
73045189,2010,28621.5
73045189,2011,25638.23
73045189,2012,19281.02
73045189,2013,26100.87
73045189,2014,36787.51
73045189,2015,39086.27
73045189,2016,54904.41
73045189,2017,56532.05
73045189,2018,57506.41
73045189,2019,59099.48
73045189,2020,17582.4
73045189,2021,12536.53
73045189,2022,32015.08
73045930,2008,
73045930,2009,
73045930,2010,
73045930,2011,
73045930,2012,
73045930,2013,
73045930,2014,
73045930,2015,
73045930,2016,
73045930,2017,
73045930,2018,
73045930,2019,
73045930,2020,
73045930,2021,
73045930,2022,3971.2
73045982,2008,
73045982,2009,
73045982,2010,
73045982,2011,
73045982,2012,
73045982,2013,
73045982,2014,
73045982,2015,
73045982,2016,
73045982,2017,
73045982,2018,
73045982,2019,
73045982,2020,
73045982,2021,
73045982,2022,76568.64
73045983,2008,
73045983,2009,
73045983,2010,
73045983,2011,
73045983,2012,
73045983,2013,
73045983,2014,
73045983,2015,
73045983,2016,
73045983,2017,
73045983,2018,
73045983,2019,
73045983,2020,
73045983,2021,
73045983,2022,141451.58
73045989,2008,
73045989,2009,
73045989,2010,
73045989,2011,
73045989,2012,
73045989,2013,
73045989,2014,
73045989,2015,
73045989,2016,
73045989,2017,
73045989,2018,
73045989,2019,
73045989,2020,
73045989,2021,
73045989,2022,19650.94
73049000,2008,293518.85
73049000,2009,118594.74
73049000,2010,191944.77
73049000,2011,136936.85
73049000,2012,117898.63
73049000,2013,234121.7
73049000,2014,182930.57
73049000,2015,149950.67
73049000,2016,197043.91
73049000,2017,173129.7
73049000,2018,165982.46
73049000,2019,107511.62
73049000,2020,146031.14
73049000,2021,74238.87
73049000,2022,76005.49
73051100,2008,120871.0
73051100,2009,367056.61
73051100,2010,2692934.29
73051100,2011,2967388.82
73051100,2012,258109.97
73051100,2013,500531.16
73051100,2014,2747035.02
73051100,2015,562882.29
73051100,2016,1639835.68
73051100,2017,8914873.37
73051100,2018,3237790.6
73051100,2019,2652547.75
73051100,2020,1559245.37
73051100,2021,2131731.52
73051100,2022,296009.02
73051200,2008,158783.75
73051200,2009,69962.73
73051200,2010,126928.06
73051200,2011,91195.69
73051200,2012,92646.83
73051200,2013,101592.26
73051200,2014,145133.22
73051200,2015,95247.12
73051200,2016,87403.49
73051200,2017,112545.16
73051200,2018,106712.5
73051200,2019,144075.03
73051200,2020,99897.7
73051200,2021,86267.79
73051200,2022,38848.12
73051900,2008,378321.12
73051900,2009,545146.43
73051900,2010,654014.51
73051900,2011,283036.5
73051900,2012,836399.32
73051900,2013,662429.51
73051900,2014,70063.55
73051900,2015,102371.15
73051900,2016,254671.83
73051900,2017,101522.51
73051900,2018,263621.21
73051900,2019,869469.21
73051900,2020,339811.9
73051900,2021,198938.72
73051900,2022,120752.31
73052000,2008,165759.0
73052000,2009,56618.0
73052000,2010,84874.27
73052000,2011,112528.9
73052000,2012,115318.33
73052000,2013,152546.03
73052000,2014,76775.95
73052000,2015,129848.65
73052000,2016,33820.29
73052000,2017,9886.34
73052000,2018,9824.09
73052000,2019,18189.9
73052000,2020,24097.06
73052000,2021,5177.54
73052000,2022,6559.52
73053100,2008,475591.0
73053100,2009,604326.01
73053100,2010,665554.49
73053100,2011,824444.08
73053100,2012,708384.97
73053100,2013,587210.82
73053100,2014,673837.62
73053100,2015,532923.41
73053100,2016,374180.08
73053100,2017,648496.59
73053100,2018,639101.77
73053100,2019,565879.82
73053100,2020,559950.28
73053100,2021,380067.37
73053100,2022,288357.18
73053900,2008,1097871.71
73053900,2009,845901.0
73053900,2010,429581.7
73053900,2011,463425.68
73053900,2012,399901.03
73053900,2013,360007.1
73053900,2014,467460.61
73053900,2015,427980.47
73053900,2016,474185.18
73053900,2017,427304.87
73053900,2018,607884.73
73053900,2019,563226.88
73053900,2020,556175.56
73053900,2021,230094.42
73053900,2022,459670.02
73059000,2008,455376.11
73059000,2009,417570.98
73059000,2010,239431.19
73059000,2011,265651.89
73059000,2012,189122.43
73059000,2013,216614.76
73059000,2014,245447.99
73059000,2015,216761.81
73059000,2016,29285.47
73059000,2017,20312.77
73059000,2018,44947.31
73059000,2019,24307.4
73059000,2020,43352.33
73059000,2021,36606.65
73059000,2022,89762.91
73061100,2008,
73061100,2009,
73061100,2010,
73061100,2011,
73061100,2012,
73061100,2013,
73061100,2014,
73061100,2015,
73061100,2016,
73061100,2017,
73061100,2018,
73061100,2019,
73061100,2020,
73061100,2021,
73061100,2022,7763.33
73061900,2008,
73061900,2009,
73061900,2010,
73061900,2011,
73061900,2012,
73061900,2013,
73061900,2014,
73061900,2015,
73061900,2016,
73061900,2017,
73061900,2018,
73061900,2019,
73061900,2020,
73061900,2021,
73061900,2022,603790.33
73062100,2008,4984.52
73062100,2009,626.5
73062100,2010,941.85
73062100,2011,861.6
73062100,2012,383.85
73062100,2013,1268.51
73062100,2014,1220.03
73062100,2015,731.76
73062100,2016,917.13
73062100,2017,430.96
73062100,2018,501.62
73062100,2019,362.96
73062100,2020,73.22
73062100,2021,146.76
73062100,2022,115.95
73062900,2008,2258.12
73062900,2009,6348.0
73062900,2010,2035.43
73062900,2011,23368.18
73062900,2012,46430.56
73062900,2013,23625.01
73062900,2014,20471.39
73062900,2015,62467.91
73062900,2016,18213.04
73062900,2017,7815.42
73062900,2018,8409.15
73062900,2019,7066.64
73062900,2020,6573.97
73062900,2021,5661.34
73062900,2022,5050.81
73063012,2008,
73063012,2009,
73063012,2010,
73063012,2011,
73063012,2012,
73063012,2013,
73063012,2014,
73063012,2015,
73063012,2016,
73063012,2017,
73063012,2018,
73063012,2019,
73063012,2020,
73063012,2021,
73063012,2022,1002277.38
73063018,2008,
73063018,2009,
73063018,2010,
73063018,2011,
73063018,2012,
73063018,2013,
73063018,2014,
73063018,2015,
73063018,2016,
73063018,2017,
73063018,2018,
73063018,2019,
73063018,2020,
73063018,2021,
73063018,2022,1025857.38
73063041,2008,714557.17
73063041,2009,251504.6
73063041,2010,397037.92
73063041,2011,510092.67
73063041,2012,570802.35
73063041,2013,582926.44
73063041,2014,627373.18
73063041,2015,647204.17
73063041,2016,775321.43
73063041,2017,780421.27
73063041,2018,869937.23
73063041,2019,789013.82
73063041,2020,761105.26
73063041,2021,912502.22
73063041,2022,682688.03
73063049,2008,428618.17
73063049,2009,265751.28
73063049,2010,375672.31
73063049,2011,513930.66
73063049,2012,446757.37
73063049,2013,330169.27
73063049,2014,340490.16
73063049,2015,342918.16
73063049,2016,411061.62
73063049,2017,405017.11
73063049,2018,387290.0
73063049,2019,290990.2
73063049,2020,370056.0
73063049,2021,407430.61
73063049,2022,452539.98
73063072,2008,802293.42
73063072,2009,303020.73
73063072,2010,458707.74
73063072,2011,570634.29
73063072,2012,449162.85
73063072,2013,485410.73
73063072,2014,461837.32
73063072,2015,454512.66
73063072,2016,488907.34
73063072,2017,517227.31
73063072,2018,661479.97
73063072,2019,684835.07
73063072,2020,603154.16
73063072,2021,669205.97
73063072,2022,594216.77
73063077,2008,1844499.51
73063077,2009,929982.93
73063077,2010,970043.54
73063077,2011,1104204.32
73063077,2012,942397.41
73063077,2013,924610.55
73063077,2014,1125991.71
73063077,2015,1251249.78
73063077,2016,1326451.98
73063077,2017,1880786.34
73063077,2018,2426730.9
73063077,2019,1730170.02
73063077,2020,1527307.92
73063077,2021,2081192.84
73063077,2022,1912937.69
73063080,2008,847486.75
73063080,2009,510221.72
73063080,2010,517195.14
73063080,2011,643539.7
73063080,2012,460725.11
73063080,2013,417879.14
73063080,2014,429885.54
73063080,2015,464551.0
73063080,2016,395139.16
73063080,2017,522345.07
73063080,2018,688755.69
73063080,2019,708379.17
73063080,2020,688045.39
73063080,2021,745224.31
73063080,2022,562566.82
73064020,2008,57526.95
73064020,2009,31696.5
73064020,2010,55674.28
73064020,2011,71450.71
73064020,2012,97942.19
73064020,2013,112998.16
73064020,2014,154544.86
73064020,2015,150107.56
73064020,2016,208446.32
73064020,2017,220283.67
73064020,2018,215387.4
73064020,2019,229724.14
73064020,2020,249243.23
73064020,2021,190504.7
73064020,2022,164327.5
73064080,2008,231313.29
73064080,2009,123123.74
73064080,2010,142696.91
73064080,2011,202748.81
73064080,2012,183384.01
73064080,2013,238303.72
73064080,2014,334260.44
73064080,2015,322315.32
73064080,2016,373592.53
73064080,2017,373662.61
73064080,2018,357054.67
73064080,2019,362991.54
73064080,2020,399738.07
73064080,2021,406244.76
73064080,2022,359648.85
73065021,2008,
73065021,2009,
73065021,2010,
73065021,2011,
73065021,2012,
73065021,2013,
73065021,2014,
73065021,2015,
73065021,2016,
73065021,2017,
73065021,2018,
73065021,2019,
73065021,2020,
73065021,2021,
73065021,2022,266998.21
73065029,2008,
73065029,2009,
73065029,2010,
73065029,2011,
73065029,2012,
73065029,2013,
73065029,2014,
73065029,2015,
73065029,2016,
73065029,2017,
73065029,2018,
73065029,2019,
73065029,2020,
73065029,2021,
73065029,2022,11739.71
73065080,2008,172486.49
73065080,2009,84836.59
73065080,2010,133212.3
73065080,2011,96816.14
73065080,2012,89910.88
73065080,2013,69818.12
73065080,2014,85147.45
73065080,2015,96868.79
73065080,2016,120036.0
73065080,2017,84203.51
73065080,2018,76953.11
73065080,2019,81010.68
73065080,2020,95944.86
73065080,2021,85463.23
73065080,2022,81365.48
73066110,2008,171263.39
73066110,2009,95823.97
73066110,2010,92177.32
73066110,2011,112878.73
73066110,2012,117547.34
73066110,2013,104554.62
73066110,2014,146591.88
73066110,2015,209583.39
73066110,2016,169622.44
73066110,2017,186793.7
73066110,2018,262413.64
73066110,2019,184266.32
73066110,2020,164171.7
73066110,2021,168282.96
73066110,2022,179979.54
73066192,2008,2532922.47
73066192,2009,1450114.04
73066192,2010,1725460.28
73066192,2011,1860426.02
73066192,2012,1459004.72
73066192,2013,1361393.83
73066192,2014,1455635.36
73066192,2015,1550183.02
73066192,2016,1943307.72
73066192,2017,2383851.18
73066192,2018,2737314.83
73066192,2019,2217829.77
73066192,2020,2211889.82
73066192,2021,2982257.64
73066192,2022,2188354.83
73066199,2008,6819798.24
73066199,2009,2509872.3
73066199,2010,3362371.86
73066199,2011,4306723.46
73066199,2012,3686771.18
73066199,2013,3801698.53
73066199,2014,4216755.01
73066199,2015,4514277.58
73066199,2016,5641074.98
73066199,2017,6259580.46
73066199,2018,7516938.99
73066199,2019,6092970.74
73066199,2020,5236399.26
73066199,2021,7426609.34
73066199,2022,5729942.56
73066910,2008,18356.39
73066910,2009,9898.0
73066910,2010,12364.26
73066910,2011,14538.53
73066910,2012,7218.4
73066910,2013,39158.48
73066910,2014,57429.76
73066910,2015,71447.3
73066910,2016,54252.24
73066910,2017,11871.86
73066910,2018,15112.89
73066910,2019,18209.25
73066910,2020,19626.18
73066910,2021,15150.58
73066910,2022,13987.53
73066990,2008,288396.9
73066990,2009,239669.51
73066990,2010,235724.44
73066990,2011,270327.18
73066990,2012,263430.89
73066990,2013,234195.14
73066990,2014,262544.96
73066990,2015,210416.54
73066990,2016,206671.53
73066990,2017,223927.09
73066990,2018,246640.29
73066990,2019,299881.2
73066990,2020,277181.89
73066990,2021,374439.16
73066990,2022,236026.23
73069000,2008,351154.72
73069000,2009,156243.96
73069000,2010,263395.7
73069000,2011,179652.2
73069000,2012,149959.55
73069000,2013,159860.29
73069000,2014,200015.77
73069000,2015,171457.47
73069000,2016,167245.14
73069000,2017,185331.33
73069000,2018,195355.09
73069000,2019,161444.55
73069000,2020,189028.48
73069000,2021,150914.66
73069000,2022,153568.79
73071110,2008,251085.5
73071110,2009,184452.72
73071110,2010,226735.87
73071110,2011,193428.2
73071110,2012,132570.47
73071110,2013,119601.7
73071110,2014,150176.26
73071110,2015,145642.98
73071110,2016,102014.06
73071110,2017,120266.74
73071110,2018,136186.47
73071110,2019,137151.3
73071110,2020,1554362.87
73071110,2021,81228.33
73071110,2022,94763.46
73071190,2008,241358.15
73071190,2009,173551.65
73071190,2010,185873.37
73071190,2011,193571.07
73071190,2012,182278.45
73071190,2013,184066.57
73071190,2014,186998.2
73071190,2015,156385.37
73071190,2016,160457.28
73071190,2017,150622.3
73071190,2018,162979.14
73071190,2019,160151.51
73071190,2020,142425.63
73071190,2021,149132.9
73071190,2022,177503.42
73072100,2008,344358.91
73072100,2009,260580.9
73072100,2010,295579.78
73072100,2011,384986.15
73072100,2012,339505.71
73072100,2013,320175.7
73072100,2014,361706.7
73072100,2015,373602.28
73072100,2016,373196.86
73072100,2017,355836.47
73072100,2018,441934.7
73072100,2019,407678.78
73072100,2020,364437.45
73072100,2021,427926.98
73072100,2022,465619.25
73072210,2008,22807.28
73072210,2009,14054.5
73072210,2010,14350.46
73072210,2011,21697.47
73072210,2012,26077.34
73072210,2013,20881.68
73072210,2014,21481.92
73072210,2015,21487.76
73072210,2016,18313.98
73072210,2017,23390.69
73072210,2018,29658.64
73072210,2019,29804.35
73072210,2020,22583.42
73072210,2021,21446.09
73072210,2022,25020.43
73072290,2008,55839.64
73072290,2009,35277.58
73072290,2010,38993.31
73072290,2011,35913.94
73072290,2012,30781.24
73072290,2013,28436.28
73072290,2014,29944.94
73072290,2015,23923.88
73072290,2016,26312.69
73072290,2017,22314.06
73072290,2018,32019.51
73072290,2019,29169.01
73072290,2020,24828.57
73072290,2021,26291.97
73072290,2022,31177.46
73072310,2008,53471.84
73072310,2009,33819.17
73072310,2010,32634.76
73072310,2011,39164.7
73072310,2012,44333.32
73072310,2013,54926.42
73072310,2014,63170.85
73072310,2015,66031.25
73072310,2016,50150.74
73072310,2017,47790.01
73072310,2018,50384.17
73072310,2019,58932.8
73072310,2020,50755.66
73072310,2021,48120.47
73072310,2022,56178.37
73072390,2008,31105.47
73072390,2009,28351.27
73072390,2010,41181.53
73072390,2011,42126.73
73072390,2012,37624.53
73072390,2013,39007.81
73072390,2014,38446.05
73072390,2015,31567.14
73072390,2016,31206.9
73072390,2017,30819.09
73072390,2018,29202.19
73072390,2019,29589.23
73072390,2020,26403.69
73072390,2021,29720.6
73072390,2022,37869.02
73072910,2008,42679.59
73072910,2009,33285.73
73072910,2010,40429.5
73072910,2011,51101.19
73072910,2012,51016.42
73072910,2013,55674.98
73072910,2014,57778.08
73072910,2015,57568.4
73072910,2016,58329.34
73072910,2017,57853.4
73072910,2018,80815.15
73072910,2019,76509.74
73072910,2020,62401.94
73072910,2021,68505.1
73072910,2022,81827.52
73072980,2008,
73072980,2009,
73072980,2010,
73072980,2011,
73072980,2012,60124.51
73072980,2013,57530.0
73072980,2014,65545.05
73072980,2015,67626.85
73072980,2016,75793.97
73072980,2017,71653.21
73072980,2018,82240.06
73072980,2019,91180.31
73072980,2020,79782.64
73072980,2021,104358.82
73072980,2022,118823.43
73079100,2008,1105946.74
73079100,2009,654813.67
73079100,2010,679808.79
73079100,2011,852974.15
73079100,2012,826749.67
73079100,2013,852651.47
73079100,2014,923582.7
73079100,2015,888385.21
73079100,2016,932471.49
73079100,2017,848296.13
73079100,2018,1025698.69
73079100,2019,962626.44
73079100,2020,886506.92
73079100,2021,871397.61
73079100,2022,1046313.32
73079210,2008,32695.0
73079210,2009,25256.71
73079210,2010,28767.76
73079210,2011,30157.7
73079210,2012,44331.24
73079210,2013,28290.03
73079210,2014,43451.21
73079210,2015,42019.11
73079210,2016,37006.8
73079210,2017,39857.12
73079210,2018,49174.84
73079210,2019,46787.42
73079210,2020,38249.87
73079210,2021,42305.17
73079210,2022,48349.23
73079290,2008,49625.69
73079290,2009,25323.1
73079290,2010,29264.54
73079290,2011,29437.48
73079290,2012,31406.43
73079290,2013,30393.91
73079290,2014,41013.14
73079290,2015,33012.6
73079290,2016,38429.21
73079290,2017,40794.61
73079290,2018,55140.73
73079290,2019,58502.25
73079290,2020,42126.56
73079290,2021,52571.05
73079290,2022,62344.5
73079311,2008,210790.14
73079311,2009,124256.67
73079311,2010,120088.36
73079311,2011,115078.99
73079311,2012,122346.28
73079311,2013,116019.12
73079311,2014,163998.05
73079311,2015,125644.98
73079311,2016,166179.17
73079311,2017,151750.21
73079311,2018,155634.85
73079311,2019,145593.6
73079311,2020,153678.89
73079311,2021,143646.26
73079311,2022,195813.07
73079319,2008,81427.37
73079319,2009,61241.91
73079319,2010,34217.38
73079319,2011,43413.92
73079319,2012,48345.42
73079319,2013,50617.91
73079319,2014,49174.95
73079319,2015,43176.72
73079319,2016,50900.19
73079319,2017,47999.34
73079319,2018,50802.75
73079319,2019,55080.48
73079319,2020,45092.03
73079319,2021,42800.62
73079319,2022,47647.74
73079391,2008,21827.13
73079391,2009,17851.0
73079391,2010,30648.11
73079391,2011,32627.36
73079391,2012,36267.99
73079391,2013,33805.02
73079391,2014,34574.06
73079391,2015,28270.96
73079391,2016,32857.7
73079391,2017,37291.67
73079391,2018,36748.55
73079391,2019,53085.99
73079391,2020,29426.06
73079391,2021,18887.33
73079391,2022,18923.72
73079399,2008,17631.41
73079399,2009,12747.33
73079399,2010,6407.34
73079399,2011,17930.71
73079399,2012,14832.59
73079399,2013,18033.3
73079399,2014,12138.46
73079399,2015,11099.73
73079399,2016,10076.38
73079399,2017,11349.66
73079399,2018,13763.68
73079399,2019,10232.67
73079399,2020,13210.01
73079399,2021,11274.92
73079399,2022,12045.48
73079910,2008,178436.04
73079910,2009,87552.07
73079910,2010,117202.34
73079910,2011,151308.26
73079910,2012,153057.6
73079910,2013,119692.55
73079910,2014,142540.01
73079910,2015,129313.64
73079910,2016,128668.99
73079910,2017,119901.85
73079910,2018,139712.23
73079910,2019,151356.42
73079910,2020,131443.87
73079910,2021,164870.88
73079910,2022,215139.79
73079980,2008,
73079980,2009,
73079980,2010,
73079980,2011,
73079980,2012,76280.75
73079980,2013,85188.98
73079980,2014,91731.71
73079980,2015,93464.01
73079980,2016,114902.35
73079980,2017,85155.95
73079980,2018,86793.83
73079980,2019,99761.67
73079980,2020,99496.06
73079980,2021,108740.05
73079980,2022,134023.93
73089051,2008,490140.85
73089051,2009,334316.58
73089051,2010,336439.4
73089051,2011,440360.47
73089051,2012,456690.5
73089051,2013,471767.4
73089051,2014,422122.7
73089051,2015,423582.02
73089051,2016,465731.97
73089051,2017,512301.71
73089051,2018,627036.43
73089051,2019,625465.67
73089051,2020,647188.36
73089051,2021,881465.36
73089051,2022,925409.81
74010000,2008,393247.0
74010000,2009,312714.0
74010000,2010,460364.27
74010000,2011,389062.3
74010000,2012,248982.71
74010000,2013,7082.0
74010000,2014,10987.1
74010000,2015,15972.32
74010000,2016,66982.39
74010000,2017,113663.73
74010000,2018,303868.37
74010000,2019,316197.64
74010000,2020,372271.32
74010000,2021,171760.65
74010000,2022,176183.29
74020000,2008,1172537.56
74020000,2009,1721358.93
74020000,2010,1735123.81
74020000,2011,1765654.29
74020000,2012,1151750.28
74020000,2013,892688.12
74020000,2014,876171.89
74020000,2015,1253964.4
74020000,2016,1236966.76
74020000,2017,1192837.39
74020000,2018,1301159.08
74020000,2019,958478.87
74020000,2020,746215.72
74020000,2021,522650.12
74020000,2022,928867.06
74031100,2008,15372365.0
74031100,2009,11556870.0
74031100,2010,11244637.0
74031100,2011,10929715.45
74031100,2012,9876186.29
74031100,2013,9729842.49
74031100,2014,9369676.04
74031100,2015,10092366.67
74031100,2016,11117071.99
74031100,2017,10252397.3
74031100,2018,10224293.6
74031100,2019,8627856.02
74031100,2020,6965639.13
74031100,2021,8032518.87
74031100,2022,8346918.24
74031200,2008,3807.0
74031200,2009,18945.0
74031200,2010,20252.02
74031200,2011,11331.08
74031200,2012,6916.39
74031200,2013,7074.38
74031200,2014,8560.67
74031200,2015,10323.27
74031200,2016,5533.47
74031200,2017,11988.75
74031200,2018,10146.92
74031200,2019,953.03
74031200,2020,408.81
74031200,2021,55.31
74031200,2022,91.48
74031300,2008,20922.0
74031300,2009,8842.0
74031300,2010,2159.52
74031300,2011,5017.84
74031300,2012,2928.04
74031300,2013,1723.68
74031300,2014,10523.83
74031300,2015,1635.54
74031300,2016,3529.34
74031300,2017,5853.16
74031300,2018,3646.36
74031300,2019,11610.96
74031300,2020,12380.73
74031300,2021,6542.7
74031300,2022,4416.52
74031900,2008,566486.0
74031900,2009,613668.01
74031900,2010,533754.41
74031900,2011,450201.21
74031900,2012,170319.47
74031900,2013,151252.15
74031900,2014,143501.45
74031900,2015,185656.03
74031900,2016,148577.63
74031900,2017,112352.13
74031900,2018,75176.32
74031900,2019,71168.99
74031900,2020,59704.69
74031900,2021,42771.9
74031900,2022,66338.21
74032100,2008,121196.11
74032100,2009,80910.62
74032100,2010,117065.12
74032100,2011,125966.52
74032100,2012,99801.67
74032100,2013,134926.24
74032100,2014,130502.91
74032100,2015,123053.02
74032100,2016,157475.67
74032100,2017,141913.27
74032100,2018,152137.91
74032100,2019,58869.4
74032100,2020,91410.06
74032100,2021,176197.31
74032100,2022,169534.38
74032200,2008,119412.3
74032200,2009,97467.04
74032200,2010,97021.97
74032200,2011,64934.36
74032200,2012,79252.62
74032200,2013,109922.87
74032200,2014,70437.11
74032200,2015,62744.11
74032200,2016,71386.78
74032200,2017,89725.05
74032200,2018,95806.35
74032200,2019,80167.68
74032200,2020,72906.65
74032200,2021,26552.33
74032200,2022,26572.39
74032900,2008,154883.31
74032900,2009,158668.98
74032900,2010,133952.15
74032900,2011,165860.08
74032900,2012,130141.24
74032900,2013,124302.22
74032900,2014,117657.52
74032900,2015,102417.99
74032900,2016,107130.7
74032900,2017,76226.11
74032900,2018,84895.67
74032900,2019,53982.94
74032900,2020,43013.0
74032900,2021,52152.5
74032900,2022,57549.86
74050000,2008,26702.0
74050000,2009,26072.0
74050000,2010,31067.33
74050000,2011,27597.54
74050000,2012,26142.85
74050000,2013,31753.75
74050000,2014,28068.48
74050000,2015,23736.2
74050000,2016,19597.56
74050000,2017,19288.25
74050000,2018,22822.21
74050000,2019,23602.73
74050000,2020,12553.99
74050000,2021,8557.8
74050000,2022,11416.48
74061000,2008,126824.02
74061000,2009,73927.0
74061000,2010,108346.16
74061000,2011,128915.66
74061000,2012,121716.53
74061000,2013,98143.6
74061000,2014,107950.56
74061000,2015,102911.13
74061000,2016,106987.87
74061000,2017,104207.93
74061000,2018,109350.38
74061000,2019,92107.64
74061000,2020,77150.89
74061000,2021,81338.37
74061000,2022,86581.7
74062000,2008,5062.0
74062000,2009,1707.0
74062000,2010,4174.08
74062000,2011,8234.36
74062000,2012,7839.48
74062000,2013,14090.4
74062000,2014,14990.89
74062000,2015,11020.02
74062000,2016,9887.2
74062000,2017,14995.55
74062000,2018,14410.51
74062000,2019,14906.26
74062000,2020,10046.58
74062000,2021,17825.67
74062000,2022,26660.02
74071000,2008,93243.06
74071000,2009,97961.09
74071000,2010,105266.94
74071000,2011,117233.07
74071000,2012,74494.0
74071000,2013,83304.04
74071000,2014,63751.83
74071000,2015,57169.93
74071000,2016,47406.84
74071000,2017,45157.13
74071000,2018,51026.13
74071000,2019,40141.92
74071000,2020,34237.43
74071000,2021,39716.34
74071000,2022,51638.82
74072110,2008,145832.61
74072110,2009,108295.41
74072110,2010,99978.46
74072110,2011,116222.25
74072110,2012,132733.08
74072110,2013,153262.7
74072110,2014,153874.41
74072110,2015,128361.52
74072110,2016,145812.41
74072110,2017,164992.28
74072110,2018,217252.96
74072110,2019,125499.18
74072110,2020,118826.92
74072110,2021,142645.46
74072110,2022,181020.69
74072190,2008,24432.54
74072190,2009,24301.26
74072190,2010,52284.48
74072190,2011,30620.99
74072190,2012,17941.16
74072190,2013,17496.86
74072190,2014,17909.5
74072190,2015,12611.66
74072190,2016,14812.35
74072190,2017,17718.33
74072190,2018,23854.52
74072190,2019,19129.19
74072190,2020,17333.88
74072190,2021,34080.73
74072190,2022,35936.23
74072900,2008,
74072900,2009,
74072900,2010,
74072900,2011,53163.28
74072900,2012,41075.63
74072900,2013,42689.14
74072900,2014,46360.69
74072900,2015,43063.98
74072900,2016,45023.62
74072900,2017,55900.22
74072900,2018,57037.16
74072900,2019,60046.36
74072900,2020,48549.66
74072900,2021,57702.71
74072900,2022,65497.47
74081100,2008,1171891.84
74081100,2009,719777.72
74081100,2010,728896.18
74081100,2011,1113897.52
74081100,2012,1155224.15
74081100,2013,910428.95
74081100,2014,206265.33
74081100,2015,128009.58
74081100,2016,219372.41
74081100,2017,198330.38
74081100,2018,315844.29
74081100,2019,216077.64
74081100,2020,267662.51
74081100,2021,280831.78
74081100,2022,297212.51
74081910,2008,122236.68
74081910,2009,68886.49
74081910,2010,87640.14
74081910,2011,115593.74
74081910,2012,183229.75
74081910,2013,149076.34
74081910,2014,105453.89
74081910,2015,116416.52
74081910,2016,123759.21
74081910,2017,138581.86
74081910,2018,146167.49
74081910,2019,138234.32
74081910,2020,135568.47
74081910,2021,206308.91
74081910,2022,215030.3
74081990,2008,91678.53
74081990,2009,70464.43
74081990,2010,134360.32
74081990,2011,176004.85
74081990,2012,132288.02
74081990,2013,119484.15
74081990,2014,142100.2
74081990,2015,129398.3
74081990,2016,174340.14
74081990,2017,165904.2
74081990,2018,197830.08
74081990,2019,164677.64
74081990,2020,141581.86
74081990,2021,188725.23
74081990,2022,194091.35
74082100,2008,86796.12
74082100,2009,64366.02
74082100,2010,89676.53
74082100,2011,89474.19
74082100,2012,85483.47
74082100,2013,83617.65
74082100,2014,86148.49
74082100,2015,82390.38
74082100,2016,99195.18
74082100,2017,123843.74
74082100,2018,121463.55
74082100,2019,100200.9
74082100,2020,78521.88
74082100,2021,115905.98
74082100,2022,140814.77
74082200,2008,5888.0
74082200,2009,3518.17
74082200,2010,5776.29
74082200,2011,5044.22
74082200,2012,4172.62
74082200,2013,4471.18
74082200,2014,5398.23
74082200,2015,5769.04
74082200,2016,5489.46
74082200,2017,4554.16
74082200,2018,3612.19
74082200,2019,3150.26
74082200,2020,2640.05
74082200,2021,3292.51
74082200,2022,5043.28
74082900,2008,61028.58
74082900,2009,44489.81
74082900,2010,69185.16
74082900,2011,69338.65
74082900,2012,43046.36
74082900,2013,41296.41
74082900,2014,38830.27
74082900,2015,35738.87
74082900,2016,42888.42
74082900,2017,39866.09
74082900,2018,43595.84
74082900,2019,44999.12
74082900,2020,43594.42
74082900,2021,34717.89
74082900,2022,36492.51
74091100,2008,158014.49
74091100,2009,165639.36
74091100,2010,173518.09
74091100,2011,146406.61
74091100,2012,87324.28
74091100,2013,62730.17
74091100,2014,56361.28
74091100,2015,40740.34
74091100,2016,41723.11
74091100,2017,47178.29
74091100,2018,42606.32
74091100,2019,43022.91
74091100,2020,55661.02
74091100,2021,98279.8
74091100,2022,173042.83
74091900,2008,55435.35
74091900,2009,40951.41
74091900,2010,47931.82
74091900,2011,45282.27
74091900,2012,30005.4
74091900,2013,25548.67
74091900,2014,30072.03
74091900,2015,25977.05
74091900,2016,23733.68
74091900,2017,24639.77
74091900,2018,24020.21
74091900,2019,17911.77
74091900,2020,16404.53
74091900,2021,15610.59
74091900,2022,33003.99
74092100,2008,59322.8
74092100,2009,44132.23
74092100,2010,71422.3
74092100,2011,69282.77
74092100,2012,60963.94
74092100,2013,66467.54
74092100,2014,67808.61
74092100,2015,58898.77
74092100,2016,75517.0
74092100,2017,95048.98
74092100,2018,110459.89
74092100,2019,91238.25
74092100,2020,97172.29
74092100,2021,143651.32
74092100,2022,173231.25
74092900,2008,26829.75
74092900,2009,11690.88
74092900,2010,21351.32
74092900,2011,22674.8
74092900,2012,15701.56
74092900,2013,23343.69
74092900,2014,15125.28
74092900,2015,15739.7
74092900,2016,18750.35
74092900,2017,19288.5
74092900,2018,26216.71
74092900,2019,19525.98
74092900,2020,20129.67
74092900,2021,9592.6
74092900,2022,18233.73
74093100,2008,35426.0
74093100,2009,17656.44
74093100,2010,36202.45
74093100,2011,30104.21
74093100,2012,27938.5
74093100,2013,33993.65
74093100,2014,33053.01
74093100,2015,31156.05
74093100,2016,22744.73
74093100,2017,39342.78
74093100,2018,41856.35
74093100,2019,43102.1
74093100,2020,26617.52
74093100,2021,42158.38
74093100,2022,49365.88
74093900,2008,17482.0
74093900,2009,11507.5
74093900,2010,11542.72
74093900,2011,16748.98
74093900,2012,13550.69
74093900,2013,18436.6
74093900,2014,14729.94
74093900,2015,8481.4
74093900,2016,8326.74
74093900,2017,9524.95
74093900,2018,13560.11
74093900,2019,21962.71
74093900,2020,17585.61
74093900,2021,3453.82
74093900,2022,41669.48
74094000,2008,
74094000,2009,
74094000,2010,
74094000,2011,39158.24
74094000,2012,28494.76
74094000,2013,40441.44
74094000,2014,42038.04
74094000,2015,57035.33
74094000,2016,61513.08
74094000,2017,49119.14
74094000,2018,54696.45
74094000,2019,53592.91
74094000,2020,40686.83
74094000,2021,59189.66
74094000,2022,58294.77
74099000,2008,24074.56
74099000,2009,13274.74
74099000,2010,28291.66
74099000,2011,25216.23
74099000,2012,19402.77
74099000,2013,27071.32
74099000,2014,24445.33
74099000,2015,19189.98
74099000,2016,16756.86
74099000,2017,21570.87
74099000,2018,16272.35
74099000,2019,19914.1
74099000,2020,20453.51
74099000,2021,34254.89
74099000,2022,42308.63
74101100,2008,20901.14
74101100,2009,20160.54
74101100,2010,14336.18
74101100,2011,8561.52
74101100,2012,7496.24
74101100,2013,9411.61
74101100,2014,9672.08
74101100,2015,10482.66
74101100,2016,14171.2
74101100,2017,20669.29
74101100,2018,23110.88
74101100,2019,69420.61
74101100,2020,149283.12
74101100,2021,229034.7
74101100,2022,224906.95
74101200,2008,6069.2
74101200,2009,20923.0
74101200,2010,12777.23
74101200,2011,6090.41
74101200,2012,3997.05
74101200,2013,3213.71
74101200,2014,2873.55
74101200,2015,3267.78
74101200,2016,3762.31
74101200,2017,3550.52
74101200,2018,3637.72
74101200,2019,3925.51
74101200,2020,3348.63
74101200,2021,4191.1
74101200,2022,4332.6
74102100,2008,116723.98
74102100,2009,80129.0
74102100,2010,125802.06
74102100,2011,113466.28
74102100,2012,88681.54
74102100,2013,90206.24
74102100,2014,92650.9
74102100,2015,88083.97
74102100,2016,86154.81
74102100,2017,82720.04
74102100,2018,73871.39
74102100,2019,71912.9
74102100,2020,61344.2
74102100,2021,76615.97
74102100,2022,55632.12
74102200,2008,5283.63
74102200,2009,2473.91
74102200,2010,5052.7
74102200,2011,4818.15
74102200,2012,4072.13
74102200,2013,5105.33
74102200,2014,5435.93
74102200,2015,5652.54
74102200,2016,5040.07
74102200,2017,5618.63
74102200,2018,5813.61
74102200,2019,4271.25
74102200,2020,3630.04
74102200,2021,4801.39
74102200,2022,6094.44
74111010,2008,
74111010,2009,
74111010,2010,
74111010,2011,139507.11
74111010,2012,138091.22
74111010,2013,122419.86
74111010,2014,118599.21
74111010,2015,104546.84
74111010,2016,104040.96
74111010,2017,115284.67
74111010,2018,124170.4
74111010,2019,135039.59
74111010,2020,105609.87
74111010,2021,96833.56
74111010,2022,114732.32
74111090,2008,137738.53
74111090,2009,96589.41
74111090,2010,124564.7
74111090,2011,171960.6
74111090,2012,160723.62
74111090,2013,140604.05
74111090,2014,126666.31
74111090,2015,116779.59
74111090,2016,136420.9
74111090,2017,164444.42
74111090,2018,249835.86
74111090,2019,253302.91
74111090,2020,243298.56
74111090,2021,370891.33
74111090,2022,364173.51
74112110,2008,68504.41
74112110,2009,31807.93
74112110,2010,29088.75
74112110,2011,28838.76
74112110,2012,25542.03
74112110,2013,22645.21
74112110,2014,21162.7
74112110,2015,19824.31
74112110,2016,26479.9
74112110,2017,40545.13
74112110,2018,38912.01
74112110,2019,35552.3
74112110,2020,35924.52
74112110,2021,34920.58
74112110,2022,29694.99
74112190,2008,28880.44
74112190,2009,20382.51
74112190,2010,21169.51
74112190,2011,20939.29
74112190,2012,15885.4
74112190,2013,16014.1
74112190,2014,16101.84
74112190,2015,13797.09
74112190,2016,19096.25
74112190,2017,16583.41
74112190,2018,17380.86
74112190,2019,16148.73
74112190,2020,16434.09
74112190,2021,17427.94
74112190,2022,13110.97
74112200,2008,32112.23
74112200,2009,21202.65
74112200,2010,27138.5
74112200,2011,30497.03
74112200,2012,27885.25
74112200,2013,26325.88
74112200,2014,22794.76
74112200,2015,19229.02
74112200,2016,20068.67
74112200,2017,21757.1
74112200,2018,25496.04
74112200,2019,31627.99
74112200,2020,20301.65
74112200,2021,20072.38
74112200,2022,25517.51
74112900,2008,58103.02
74112900,2009,42958.03
74112900,2010,55664.9
74112900,2011,59068.4
74112900,2012,39586.84
74112900,2013,41773.83
74112900,2014,43735.32
74112900,2015,36773.62
74112900,2016,36140.89
74112900,2017,31749.58
74112900,2018,36471.78
74112900,2019,44295.38
74112900,2020,36521.13
74112900,2021,40897.49
74112900,2022,35293.72
74121000,2008,45599.24
74121000,2009,37169.92
74121000,2010,39000.63
74121000,2011,40439.12
74121000,2012,34478.68
74121000,2013,35478.09
74121000,2014,39212.25
74121000,2015,39783.59
74121000,2016,41311.2
74121000,2017,45908.03
74121000,2018,47360.21
74121000,2019,51548.72
74121000,2020,51131.86
74121000,2021,59471.32
74121000,2022,62341.89
74122000,2008,429695.82
74122000,2009,378032.64
74122000,2010,468292.54
74122000,2011,430620.7
74122000,2012,326074.13
74122000,2013,291322.47
74122000,2014,335201.56
74122000,2015,372679.81
74122000,2016,385714.42
74122000,2017,449472.52
74122000,2018,441465.67
74122000,2019,466548.12
74122000,2020,459285.99
74122000,2021,562831.28
74122000,2022,631397.82
75040000,2008,71668.86
75040000,2009,50315.19
75040000,2010,64808.6
75040000,2011,54008.21
75040000,2012,52236.41
75040000,2013,62996.17
75040000,2014,73832.6
75040000,2015,64508.16
75040000,2016,66765.43
75040000,2017,75931.79
75040000,2018,77959.6
75040000,2019,68963.33
75040000,2020,56229.38
75040000,2021,64011.95
75040000,2022,63092.47
75051100,2008,276.0
75051100,2009,298.0
75051100,2010,710.92
75051100,2011,738.03
75051100,2012,876.12
75051100,2013,784.92
75051100,2014,917.02
75051100,2015,771.4
75051100,2016,889.13
75051100,2017,276.91
75051100,2018,598.99
75051100,2019,1224.34
75051100,2020,1690.37
75051100,2021,2121.44
75051100,2022,1747.84
75051200,2008,89916.09
75051200,2009,56484.11
75051200,2010,74519.67
75051200,2011,91485.12
75051200,2012,108717.34
75051200,2013,96113.82
75051200,2014,108799.8
75051200,2015,103647.57
75051200,2016,352798.62
75051200,2017,154984.26
75051200,2018,157599.52
75051200,2019,168619.67
75051200,2020,105953.1
75051200,2021,58369.37
75051200,2022,92425.45
75052100,2008,4028.54
75052100,2009,3420.22
75052100,2010,5407.3
75052100,2011,5429.84
75052100,2012,1244.25
75052100,2013,1318.91
75052100,2014,2164.84
75052100,2015,357.37
75052100,2016,561.87
75052100,2017,516.82
75052100,2018,1171.67
75052100,2019,327.11
75052100,2020,228.72
75052100,2021,611.1
75052100,2022,692.12
75052200,2008,11394.88
75052200,2009,12716.25
75052200,2010,12229.19
75052200,2011,15683.36
75052200,2012,12825.34
75052200,2013,10700.71
75052200,2014,14367.11
75052200,2015,20275.86
75052200,2016,24618.15
75052200,2017,26480.24
75052200,2018,20518.26
75052200,2019,15700.22
75052200,2020,15895.8
75052200,2021,15450.31
75052200,2022,17720.2
75061000,2008,9064.0
75061000,2009,5649.15
75061000,2010,3933.53
75061000,2011,8351.34
75061000,2012,11141.09
75061000,2013,3544.75
75061000,2014,4489.54
75061000,2015,3989.49
75061000,2016,4547.94
75061000,2017,4831.65
75061000,2018,6654.47
75061000,2019,9027.63
75061000,2020,8238.78
75061000,2021,2683.16
75061000,2022,8687.75
75062000,2008,49727.55
75062000,2009,28037.48
75062000,2010,33293.41
75062000,2011,43763.75
75062000,2012,46246.31
75062000,2013,51858.56
75062000,2014,90581.22
75062000,2015,79713.11
75062000,2016,74569.62
75062000,2017,83550.84
75062000,2018,89869.8
75062000,2019,72157.22
75062000,2020,50692.18
75062000,2021,40209.53
75062000,2022,68028.66
75071100,2008,1643.0
75071100,2009,1089.0
75071100,2010,1064.33
75071100,2011,535.66
75071100,2012,1577.56
75071100,2013,2513.24
75071100,2014,2005.77
75071100,2015,1551.4
75071100,2016,1054.6
75071100,2017,2280.78
75071100,2018,2567.06
75071100,2019,927.76
75071100,2020,2776.54
75071100,2021,3568.16
75071100,2022,2000.65
75071200,2008,13065.75
75071200,2009,9671.32
75071200,2010,10594.39
75071200,2011,17918.88
75071200,2012,9923.85
75071200,2013,11720.67
75071200,2014,11729.18
75071200,2015,20210.52
75071200,2016,13084.7
75071200,2017,14261.02
75071200,2018,16696.28
75071200,2019,12767.18
75071200,2020,10837.21
75071200,2021,11099.74
75071200,2022,12736.74
75072000,2008,1465.14
75072000,2009,1189.18
75072000,2010,1426.13
75072000,2011,1550.81
75072000,2012,2243.85
75072000,2013,4233.64
75072000,2014,5194.04
75072000,2015,2774.96
75072000,2016,2540.15
75072000,2017,4063.12
75072000,2018,3417.16
75072000,2019,2812.6
75072000,2020,3259.07
75072000,2021,2224.55
75072000,2022,2246.85
76011000,2008,24980939.65
76011000,2009,18608785.21
76011000,2010,26402578.99
76011000,2011,25213096.78
76011000,2012,22499160.96
76011000,2013,23999492.8
76011000,2014,28714682.77
76011000,2015,26591054.67
76011000,2016,29957842.52
76011000,2017,29399542.54
76011000,2018,31617201.87
76011000,2019,27896581.7
76011000,2020,25983737.66
76011000,2021,24219023.56
76011000,2022,30320453.37
76031000,2008,246187.28
76031000,2009,151829.0
76031000,2010,240300.66
76031000,2011,289348.99
76031000,2012,221589.45
76031000,2013,265515.06
76031000,2014,286277.43
76031000,2015,211638.87
76031000,2016,229559.54
76031000,2017,220747.53
76031000,2018,210221.32
76031000,2019,176255.29
76031000,2020,150994.55
76031000,2021,242935.26
76031000,2022,233017.81
76032000,2008,35728.02
76032000,2009,26775.25
76032000,2010,26201.07
76032000,2011,29025.67
76032000,2012,25744.89
76032000,2013,31615.16
76032000,2014,22604.03
76032000,2015,24279.06
76032000,2016,23800.43
76032000,2017,30746.95
76032000,2018,28837.6
76032000,2019,23397.54
76032000,2020,17085.93
76032000,2021,17694.09
76032000,2022,13345.34
76041010,2008,33977.02
76041010,2009,27044.88
76041010,2010,36419.3
76041010,2011,47531.76
76041010,2012,68568.64
76041010,2013,23235.07
76041010,2014,49277.48
76041010,2015,39124.72
76041010,2016,44159.69
76041010,2017,34394.39
76041010,2018,47384.25
76041010,2019,39217.62
76041010,2020,47422.07
76041010,2021,37941.06
76041010,2022,25512.96
76041090,2008,403117.56
76041090,2009,295026.8
76041090,2010,310931.47
76041090,2011,288014.45
76041090,2012,281972.24
76041090,2013,243073.25
76041090,2014,232733.87
76041090,2015,207331.7
76041090,2016,218501.96
76041090,2017,162989.71
76041090,2018,163856.73
76041090,2019,130453.79
76041090,2020,175583.96
76041090,2021,171743.77
76041090,2022,168342.36
76042100,2008,536842.25
76042100,2009,428149.89
76042100,2010,492803.82
76042100,2011,496056.86
76042100,2012,484413.95
76042100,2013,482560.24
76042100,2014,581499.47
76042100,2015,607495.63
76042100,2016,671051.18
76042100,2017,814443.33
76042100,2018,1018918.2
76042100,2019,1143675.22
76042100,2020,1190126.55
76042100,2021,1542605.96
76042100,2022,1674353.53
76042910,2008,687676.61
76042910,2009,382402.8
76042910,2010,439016.38
76042910,2011,527460.94
76042910,2012,457881.56
76042910,2013,497852.9
76042910,2014,900001.39
76042910,2015,1359266.45
76042910,2016,598957.02
76042910,2017,957483.48
76042910,2018,780403.56
76042910,2019,716414.83
76042910,2020,550562.04
76042910,2021,621039.94
76042910,2022,744632.67
76042990,2008,1639553.41
76042990,2009,1322744.61
76042990,2010,1689621.34
76042990,2011,1863191.03
76042990,2012,1838960.54
76042990,2013,1633178.55
76042990,2014,1724133.81
76042990,2015,1779971.88
76042990,2016,1769726.2
76042990,2017,2007725.92
76042990,2018,2065502.31
76042990,2019,2057081.49
76042990,2020,2004087.29
76042990,2021,2507343.03
76042990,2022,2920242.89
76051100,2008,2779943.97
76051100,2009,2257048.98
76051100,2010,2743267.0
76051100,2011,3031339.53
76051100,2012,2783810.89
76051100,2013,2560424.33
76051100,2014,2230589.46
76051100,2015,2508272.89
76051100,2016,2591175.8
76051100,2017,2339560.12
76051100,2018,2459649.0
76051100,2019,1881806.76
76051100,2020,2571328.15
76051100,2021,2558556.72
76051100,2022,3288335.86
76051900,2008,29188.51
76051900,2009,84367.5
76051900,2010,50032.05
76051900,2011,37001.48
76051900,2012,36801.0
76051900,2013,30670.81
76051900,2014,26672.03
76051900,2015,35455.19
76051900,2016,40602.78
76051900,2017,43596.63
76051900,2018,40672.32
76051900,2019,63044.12
76051900,2020,53140.47
76051900,2021,25654.19
76051900,2022,24466.53
76052100,2008,205579.92
76052100,2009,118983.0
76052100,2010,109473.49
76052100,2011,127645.72
76052100,2012,105152.4
76052100,2013,245909.43
76052100,2014,169691.67
76052100,2015,172958.38
76052100,2016,133191.57
76052100,2017,166453.67
76052100,2018,154963.11
76052100,2019,143916.95
76052100,2020,112551.04
76052100,2021,144003.35
76052100,2022,133977.78
76052900,2008,55457.38
76052900,2009,34471.94
76052900,2010,43541.71
76052900,2011,45115.93
76052900,2012,47607.59
76052900,2013,40305.08
76052900,2014,44298.72
76052900,2015,48227.56
76052900,2016,46429.58
76052900,2017,46022.73
76052900,2018,46617.36
76052900,2019,48175.19
76052900,2020,41403.42
76052900,2021,50172.2
76052900,2022,47482.85
76061130,2008,
76061130,2009,
76061130,2010,
76061130,2011,
76061130,2012,
76061130,2013,
76061130,2014,
76061130,2015,
76061130,2016,
76061130,2017,
76061130,2018,
76061130,2019,
76061130,2020,
76061130,2021,
76061130,2022,67369.54
76061150,2008,
76061150,2009,
76061150,2010,
76061150,2011,
76061150,2012,
76061150,2013,
76061150,2014,
76061150,2015,
76061150,2016,
76061150,2017,
76061150,2018,
76061150,2019,
76061150,2020,
76061150,2021,
76061150,2022,108425.26
76061191,2008,1595668.03
76061191,2009,1228115.82
76061191,2010,1339597.96
76061191,2011,1624679.99
76061191,2012,1338287.51
76061191,2013,1434297.86
76061191,2014,1562447.41
76061191,2015,1446265.48
76061191,2016,1466004.93
76061191,2017,1280232.48
76061191,2018,1585305.15
76061191,2019,1569935.45
76061191,2020,1301138.24
76061191,2021,1556327.2
76061191,2022,1876346.51
76061193,2008,129114.9
76061193,2009,151030.76
76061193,2010,136492.85
76061193,2011,148122.25
76061193,2012,106440.88
76061193,2013,117808.49
76061193,2014,138196.36
76061193,2015,169494.09
76061193,2016,170183.36
76061193,2017,169383.39
76061193,2018,190934.7
76061193,2019,246690.11
76061193,2020,261779.08
76061193,2021,214485.25
76061193,2022,230538.27
76061199,2008,408666.31
76061199,2009,333925.58
76061199,2010,429265.4
76061199,2011,935757.48
76061199,2012,945964.03
76061199,2013,972703.4
76061199,2014,1149264.05
76061199,2015,1354023.24
76061199,2016,986784.24
76061199,2017,554031.42
76061199,2018,1287506.06
76061199,2019,1245576.36
76061199,2020,544163.13
76061199,2021,334822.59
76061199,2022,274942.58
76061211,2008,
76061211,2009,
76061211,2010,
76061211,2011,
76061211,2012,
76061211,2013,
76061211,2014,
76061211,2015,
76061211,2016,
76061211,2017,
76061211,2018,
76061211,2019,617689.44
76061211,2020,867512.25
76061211,2021,767113.02
76061211,2022,1154471.26
76061219,2008,
76061219,2009,
76061219,2010,
76061219,2011,
76061219,2012,
76061219,2013,
76061219,2014,
76061219,2015,
76061219,2016,
76061219,2017,
76061219,2018,
76061219,2019,222525.93
76061219,2020,352649.35
76061219,2021,340907.18
76061219,2022,570203.66
76061230,2008,
76061230,2009,
76061230,2010,
76061230,2011,
76061230,2012,
76061230,2013,
76061230,2014,
76061230,2015,
76061230,2016,
76061230,2017,
76061230,2018,
76061230,2019,
76061230,2020,
76061230,2021,
76061230,2022,175357.48
76061250,2008,394500.64
76061250,2009,311482.81
76061250,2010,266670.2
76061250,2011,
76061250,2012,
76061250,2013,
76061250,2014,
76061250,2015,
76061250,2016,
76061250,2017,
76061250,2018,
76061250,2019,
76061250,2020,
76061250,2021,
76061250,2022,582128.61
76061292,2008,
76061292,2009,
76061292,2010,
76061292,2011,2617399.62
76061292,2012,2400823.87
76061292,2013,2501370.56
76061292,2014,2700833.97
76061292,2015,3102682.27
76061292,2016,3332753.53
76061292,2017,3499171.67
76061292,2018,3887188.12
76061292,2019,3402211.8
76061292,2020,2945541.91
76061292,2021,3456925.13
76061292,2022,4118997.37
76061293,2008,755177.06
76061293,2009,329163.84
76061293,2010,353939.19
76061293,2011,417403.8
76061293,2012,304638.22
76061293,2013,367089.47
76061293,2014,492591.24
76061293,2015,749677.26
76061293,2016,1157395.15
76061293,2017,1203217.34
76061293,2018,1114946.96
76061293,2019,1126214.51
76061293,2020,714686.24
76061293,2021,774679.95
76061293,2022,970275.02
76061299,2008,1134960.13
76061299,2009,693990.86
76061299,2010,1070068.22
76061299,2011,1476316.78
76061299,2012,1464007.82
76061299,2013,1453738.32
76061299,2014,1476734.02
76061299,2015,1738301.28
76061299,2016,1655704.88
76061299,2017,1748154.7
76061299,2018,1781145.45
76061299,2019,1918513.76
76061299,2020,1682712.55
76061299,2021,1782822.57
76061299,2022,2025408.7
76069100,2008,135879.53
76069100,2009,87766.01
76069100,2010,111383.45
76069100,2011,234821.3
76069100,2012,249713.75
76069100,2013,318958.89
76069100,2014,268364.44
76069100,2015,344544.61
76069100,2016,225891.46
76069100,2017,236638.18
76069100,2018,189192.54
76069100,2019,154078.8
76069100,2020,166233.31
76069100,2021,164588.57
76069100,2022,222053.39
76069200,2008,265543.5
76069200,2009,221761.6
76069200,2010,291112.35
76069200,2011,408880.63
76069200,2012,272417.1
76069200,2013,287327.45
76069200,2014,220205.78
76069200,2015,306313.69
76069200,2016,211840.48
76069200,2017,254990.3
76069200,2018,274205.34
76069200,2019,329258.71
76069200,2020,324814.16
76069200,2021,445026.1
76069200,2022,522512.67
76071111,2008,
76071111,2009,115592.81
76071111,2010,110584.95
76071111,2011,131290.86
76071111,2012,58272.41
76071111,2013,40194.37
76071111,2014,50583.17
76071111,2015,55503.09
76071111,2016,68507.04
76071111,2017,86734.98
76071111,2018,88981.49
76071111,2019,109515.99
76071111,2020,101240.97
76071111,2021,82650.94
76071111,2022,72272.18
76071119,2008,
76071119,2009,372359.95
76071119,2010,522553.92
76071119,2011,680567.9
76071119,2012,674889.78
76071119,2013,867379.25
76071119,2014,966466.87
76071119,2015,1106014.27
76071119,2016,1122886.4
76071119,2017,1072378.67
76071119,2018,1295919.58
76071119,2019,1573150.67
76071119,2020,1566255.63
76071119,2021,1279489.24
76071119,2022,1474333.21
76071190,2008,350627.7
76071190,2009,258140.32
76071190,2010,350630.86
76071190,2011,397213.6
76071190,2012,339351.46
76071190,2013,336454.32
76071190,2014,353491.44
76071190,2015,404978.86
76071190,2016,488861.77
76071190,2017,533077.24
76071190,2018,723727.92
76071190,2019,731473.57
76071190,2020,656557.86
76071190,2021,759891.11
76071190,2022,864909.43
76071910,2008,139576.16
76071910,2009,112355.06
76071910,2010,56476.31
76071910,2011,88978.84
76071910,2012,152732.12
76071910,2013,117259.97
76071910,2014,118657.12
76071910,2015,94253.32
76071910,2016,61502.14
76071910,2017,84925.4
76071910,2018,138938.73
76071910,2019,114816.43
76071910,2020,98219.07
76071910,2021,54282.13
76071910,2022,105280.85
76071990,2008,
76071990,2009,
76071990,2010,
76071990,2011,232077.63
76071990,2012,290044.96
76071990,2013,298395.87
76071990,2014,352534.95
76071990,2015,401071.25
76071990,2016,360258.84
76071990,2017,346813.61
76071990,2018,316844.84
76071990,2019,267794.31
76071990,2020,227260.51
76071990,2021,239347.43
76071990,2022,297428.24
76072010,2008,122405.26
76072010,2009,84982.84
76072010,2010,91736.53
76072010,2011,99057.71
76072010,2012,89882.23
76072010,2013,123293.07
76072010,2014,119910.37
76072010,2015,82174.08
76072010,2016,75402.47
76072010,2017,96239.51
76072010,2018,85862.92
76072010,2019,81616.96
76072010,2020,75928.52
76072010,2021,80747.71
76072010,2022,92226.96
76072091,2008,47521.03
76072091,2009,59435.26
76072091,2010,74478.68
76072091,2011,
76072091,2012,
76072091,2013,
76072091,2014,
76072091,2015,
76072091,2016,
76072091,2017,
76072091,2018,
76072091,2019,
76072091,2020,
76072091,2021,
76072091,2022,150821.45
76072099,2008,142749.43
76072099,2009,93084.85
76072099,2010,92254.13
76072099,2011,
76072099,2012,
76072099,2013,
76072099,2014,
76072099,2015,
76072099,2016,
76072099,2017,
76072099,2018,
76072099,2019,
76072099,2020,
76072099,2021,
76072099,2022,354829.9
76081000,2008,39005.34
76081000,2009,30797.49
76081000,2010,51686.5
76081000,2011,49548.9
76081000,2012,43756.81
76081000,2013,46540.99
76081000,2014,63492.92
76081000,2015,96944.25
76081000,2016,96026.37
76081000,2017,66663.1
76081000,2018,48181.16
76081000,2019,50207.88
76081000,2020,42450.97
76081000,2021,28293.28
76081000,2022,38584.39
76082020,2008,110251.83
76082020,2009,88095.56
76082020,2010,124426.79
76082020,2011,148331.24
76082020,2012,140977.07
76082020,2013,149716.25
76082020,2014,140760.36
76082020,2015,97805.3
76082020,2016,100423.63
76082020,2017,114675.21
76082020,2018,103314.45
76082020,2019,60627.87
76082020,2020,46763.33
76082020,2021,51331.25
76082020,2022,40166.72
76082081,2008,77964.88
76082081,2009,40061.32
76082081,2010,56516.87
76082081,2011,47213.74
76082081,2012,45725.17
76082081,2013,36704.56
76082081,2014,41639.87
76082081,2015,40566.12
76082081,2016,59878.31
76082081,2017,75485.53
76082081,2018,166880.76
76082081,2019,219000.15
76082081,2020,159297.36
76082081,2021,225518.84
76082081,2022,191411.54
76082089,2008,169586.65
76082089,2009,122423.78
76082089,2010,159921.71
76082089,2011,180116.91
76082089,2012,156533.92
76082089,2013,143000.08
76082089,2014,140048.56
76082089,2015,172019.24
76082089,2016,158097.51
76082089,2017,167906.76
76082089,2018,156223.66
76082089,2019,146385.89
76082089,2020,115443.28
76082089,2021,109563.6
76082089,2022,115198.34
76090000,2008,58132.48
76090000,2009,39099.17
76090000,2010,38532.54
76090000,2011,52269.46
76090000,2012,44117.92
76090000,2013,46906.06
76090000,2014,55847.23
76090000,2015,56419.22
76090000,2016,65471.33
76090000,2017,75065.38
76090000,2018,78476.31
76090000,2019,80485.75
76090000,2020,71383.49
76090000,2021,86918.53
76090000,2022,100781.15
78011000,2008,1672362.63
78011000,2009,1225219.8
78011000,2010,1376927.4
78011000,2011,1409904.71
78011000,2012,1057376.06
78011000,2013,890790.84
78011000,2014,941648.4
78011000,2015,920139.35
78011000,2016,1607203.28
78011000,2017,1580658.89
78011000,2018,1610709.21
78011000,2019,1546096.66
78011000,2020,1851650.24
78011000,2021,1544450.0
78011000,2022,1886179.78
78019100,2008,338100.0
78019100,2009,328082.0
78019100,2010,369710.01
78019100,2011,406935.36
78019100,2012,401317.77
78019100,2013,350171.94
78019100,2014,412839.22
78019100,2015,523297.68
78019100,2016,675699.15
78019100,2017,725187.61
78019100,2018,792939.87
78019100,2019,614061.31
78019100,2020,407187.24
78019100,2021,390198.92
78019100,2022,260871.56
78019910,2008,51354.78
78019910,2009,48816.4
78019910,2010,163092.62
78019910,2011,77497.3
78019910,2012,3711.26
78019910,2013,23475.93
78019910,2014,18526.93
78019910,2015,33719.61
78019910,2016,13551.62
78019910,2017,7163.86
78019910,2018,5661.2
78019910,2019,678.25
78019910,2020,16186.56
78019910,2021,12439.49
78019910,2022,5922.47
78019990,2008,
78019990,2009,
78019990,2010,
78019990,2011,511071.89
78019990,2012,422812.95
78019990,2013,398999.3
78019990,2014,410605.56
78019990,2015,349424.06
78019990,2016,546314.37
78019990,2017,482550.71
78019990,2018,631545.17
78019990,2019,608278.07
78019990,2020,484789.38
78019990,2021,749769.26
78019990,2022,726033.46
78041100,2008,17886.11
78041100,2009,17046.46
78041100,2010,67507.07
78041100,2011,32969.54
78041100,2012,33427.02
78041100,2013,6969.34
78041100,2014,13019.84
78041100,2015,20763.93
78041100,2016,14137.77
78041100,2017,1179.02
78041100,2018,821.22
78041100,2019,431.74
78041100,2020,265.17
78041100,2021,337.07
78041100,2022,316.85
78041900,2008,90249.78
78041900,2009,68590.17
78041900,2010,65440.23
78041900,2011,89722.13
78041900,2012,130274.27
78041900,2013,149670.2
78041900,2014,128900.81
78041900,2015,106703.68
78041900,2016,80018.1
78041900,2017,85183.69
78041900,2018,94704.48
78041900,2019,67253.59
78041900,2020,69643.27
78041900,2021,100329.52
78041900,2022,110634.63
78042000,2008,6259.0
78042000,2009,3783.0
78042000,2010,5459.08
78042000,2011,4846.73
78042000,2012,4118.68
78042000,2013,127484.25
78042000,2014,8068.19
78042000,2015,8186.39
78042000,2016,4435.06
78042000,2017,5431.24
78042000,2018,3176.9
78042000,2019,4004.39
78042000,2020,4314.46
78042000,2021,3824.17
78042000,2022,2806.63
79011100,2008,2511937.36
79011100,2009,1949786.98
79011100,2010,3220575.69
79011100,2011,2471530.04
79011100,2012,1565933.43
79011100,2013,1232111.26
79011100,2014,1906966.01
79011100,2015,1251286.96
79011100,2016,2077834.47
79011100,2017,1286157.01
79011100,2018,1427254.89
79011100,2019,973181.9
79011100,2020,887377.52
79011100,2021,806851.61
79011100,2022,2757038.34
79011210,2008,479138.0
79011210,2009,178791.0
79011210,2010,389454.81
79011210,2011,282263.07
79011210,2012,274132.31
79011210,2013,206810.27
79011210,2014,134359.27
79011210,2015,99141.74
79011210,2016,22556.91
79011210,2017,55283.14
79011210,2018,95088.51
79011210,2019,214038.81
79011210,2020,267900.79
79011210,2021,196008.61
79011210,2022,258953.07
79011230,2008,941150.0
79011230,2009,857936.0
79011230,2010,1020367.95
79011230,2011,1038134.95
79011230,2012,825474.51
79011230,2013,838740.0
79011230,2014,930389.15
79011230,2015,953377.24
79011230,2016,973956.48
79011230,2017,1012373.07
79011230,2018,1021687.08
79011230,2019,840884.21
79011230,2020,508507.75
79011230,2021,764743.99
79011230,2022,535766.62
79011290,2008,10562.0
79011290,2009,10979.0
79011290,2010,8501.23
79011290,2011,30872.21
79011290,2012,15566.51
79011290,2013,7347.87
79011290,2014,31275.62
79011290,2015,47652.59
79011290,2016,37928.15
79011290,2017,6165.75
79011290,2018,7131.93
79011290,2019,7062.58
79011290,2020,10364.59
79011290,2021,5505.42
79011290,2022,12971.55
79012000,2008,369974.18
79012000,2009,159642.63
79012000,2010,220826.83
79012000,2011,306489.53
79012000,2012,445664.86
79012000,2013,383653.2
79012000,2014,451961.8
79012000,2015,472857.49
79012000,2016,501379.51
79012000,2017,618405.16
79012000,2018,560889.25
79012000,2019,565407.95
79012000,2020,411648.48
79012000,2021,300734.14
79012000,2022,399807.94
79031000,2008,101772.26
79031000,2009,84764.22
79031000,2010,91843.27
79031000,2011,83832.48
79031000,2012,89106.27
79031000,2013,96549.25
79031000,2014,82648.92
79031000,2015,81695.91
79031000,2016,85130.71
79031000,2017,78775.79
79031000,2018,84361.71
79031000,2019,85084.57
79031000,2020,96795.68
79031000,2021,94431.55
79031000,2022,123715.21
79039000,2008,12514.0
79039000,2009,10748.0
79039000,2010,11451.45
79039000,2011,13807.53
79039000,2012,11537.38
79039000,2013,9807.87
79039000,2014,8467.12
79039000,2015,9315.52
79039000,2016,13880.52
79039000,2017,12234.67
79039000,2018,10224.06
79039000,2019,11207.26
79039000,2020,4564.84
79039000,2021,10017.23
79039000,2022,8669.34
79040000,2008,15639.79
79040000,2009,17008.72
79040000,2010,14059.37
79040000,2011,19598.51
79040000,2012,87809.61
79040000,2013,113003.15
79040000,2014,51619.44
79040000,2015,12137.38
79040000,2016,21229.08
79040000,2017,18733.48
79040000,2018,16872.21
79040000,2019,14162.94
79040000,2020,15514.45
79040000,2021,10812.94
79040000,2022,12129.62
79050000,2008,162674.95
79050000,2009,150349.48
79050000,2010,123798.63
79050000,2011,147129.6
79050000,2012,131689.94
79050000,2013,126094.69
79050000,2014,83954.47
79050000,2015,122757.17
79050000,2016,112261.01
79050000,2017,127783.24
79050000,2018,124733.51
79050000,2019,100407.03
79050000,2020,89594.39
79050000,2021,87493.77
79050000,2022,118717.59
80011000,2008,567777.68
80011000,2009,384189.11
80011000,2010,493512.65
80011000,2011,476542.91
80011000,2012,414516.74
80011000,2013,418047.17
80011000,2014,433013.61
80011000,2015,547634.92
80011000,2016,391654.01
80011000,2017,400907.3
80011000,2018,414621.95
80011000,2019,394786.04
80011000,2020,346095.93
80011000,2021,359186.03
80011000,2022,343836.93
80012000,2008,45568.0
80012000,2009,28094.0
80012000,2010,30885.54
80012000,2011,27639.11
80012000,2012,27366.84
80012000,2013,23541.65
80012000,2014,29781.35
80012000,2015,21143.69
80012000,2016,25253.19
80012000,2017,33084.06
80012000,2018,35418.01
80012000,2019,41927.94
80012000,2020,50091.71
80012000,2021,51451.31
80012000,2022,29437.69
80030000,2008,19169.25
80030000,2009,14725.15
80030000,2010,21354.67
80030000,2011,12686.79
80030000,2012,8106.99
80030000,2013,16858.53
80030000,2014,13754.07
80030000,2015,7372.69
80030000,2016,6047.96
80030000,2017,7189.1
80030000,2018,7721.26
80030000,2019,5067.74
80030000,2020,3938.34
80030000,2021,2868.54
80030000,2022,4534.35
81021000,2008,1328.0
81021000,2009,804.0
81021000,2010,1763.66
81021000,2011,2423.47
81021000,2012,1783.06
81021000,2013,1900.24
81021000,2014,4912.19
81021000,2015,1812.88
81021000,2016,1478.6
81021000,2017,1705.2
81021000,2018,2129.29
81021000,2019,2461.51
81021000,2020,1513.47
81021000,2021,1011.69
81021000,2022,1153.1
81029400,2008,6985.96
81029400,2009,1109.0
81029400,2010,2588.19
81029400,2011,6186.7
81029400,2012,2098.3
81029400,2013,868.02
81029400,2014,13367.08
81029400,2015,17763.39
81029400,2016,18478.56
81029400,2017,26146.11
81029400,2018,22961.97
81029400,2019,18274.62
81029400,2020,18824.24
81029400,2021,13611.55
81029400,2022,9313.86
81029500,2008,11523.0
81029500,2009,2498.0
81029500,2010,6858.3
81029500,2011,6848.72
81029500,2012,9581.41
81029500,2013,7434.95
81029500,2014,8149.57
81029500,2015,7831.97
81029500,2016,2306.67
81029500,2017,2094.97
81029500,2018,2301.53
81029500,2019,2407.37
81029500,2020,2059.55
81029500,2021,2211.96
81029500,2022,2379.71
81029600,2008,2603.0
81029600,2009,1328.0
81029600,2010,1742.17
81029600,2011,2028.72
81029600,2012,1897.81
81029600,2013,1504.17
81029600,2014,1654.48
81029600,2015,1158.59
81029600,2016,779.73
81029600,2017,642.35
81029600,2018,514.62
81029600,2019,460.43
81029600,2020,448.36
81029600,2021,538.72
81029600,2022,424.16
81029900,2008,658.03
81029900,2009,2087.0
81029900,2010,2191.98
81029900,2011,841.62
81029900,2012,970.58
81029900,2013,715.26
81029900,2014,1154.14
81029900,2015,1415.67
81029900,2016,1743.1
81029900,2017,1066.09
81029900,2018,3046.15
81029900,2019,531.61
81029900,2020,382.39
81029900,2021,498.48
81029900,2022,1532.41
85051910,2008,189151.59
85051910,2009,134701.1
85051910,2010,214223.92
85051910,2011,255060.25
85051910,2012,255216.42
85051910,2013,308872.56
85051910,2014,358160.4
85051910,2015,379672.99
85051910,2016,403121.24
85051910,2017,434154.33
85051910,2018,447397.82
85051910,2019,408083.46
85051910,2020,299083.45
85051910,2021,358228.1
85051910,2022,326359.11
85051990,2008,191275.27
85051990,2009,125052.18
85051990,2010,159049.71
85051990,2011,178902.78
85051990,2012,162789.96
85051990,2013,146993.24
85051990,2014,150438.47
85051990,2015,171377.71
85051990,2016,161648.75
85051990,2017,192450.55
85051990,2018,236478.6
85051990,2019,237623.22
85051990,2020,215144.77
85051990,2021,280416.76
85051990,2022,290361.15
85461000,2008,35743.61
85461000,2009,26740.18
85461000,2010,34210.08
85461000,2011,37119.59
85461000,2012,47628.35
85461000,2013,45904.41
85461000,2014,45855.3
85461000,2015,48970.9
85461000,2016,53084.82
85461000,2017,30129.05
85461000,2018,52038.36
85461000,2019,48786.56
85461000,2020,46652.29
85461000,2021,41453.03
85461000,2022,50614.3
96190030,2008,
96190030,2009,
96190030,2010,
96190030,2011,
96190030,2012,
96190030,2013,
96190030,2014,29749.83
96190030,2015,20079.11
96190030,2016,56662.31
96190030,2017,45559.71
96190030,2018,49017.44
96190030,2019,28625.9
96190030,2020,28645.53
96190030,2021,14077.44
96190030,2022,14622.4
96190071,2008,
96190071,2009,
96190071,2010,
96190071,2011,
96190071,2012,
96190071,2013,
96190071,2014,154678.18
96190071,2015,192742.39
96190071,2016,215493.16
96190071,2017,151455.48
96190071,2018,152450.45
96190071,2019,168160.31
96190071,2020,156221.52
96190071,2021,164336.7
96190071,2022,141148.21
96190075,2008,
96190075,2009,
96190075,2010,
96190075,2011,
96190075,2012,
96190075,2013,
96190075,2014,16275.42
96190075,2015,13981.16
96190075,2016,6887.88
96190075,2017,14612.61
96190075,2018,11141.86
96190075,2019,11430.67
96190075,2020,11338.2
96190075,2021,13753.05
96190075,2022,4855.77
96190079,2008,
96190079,2009,
96190079,2010,
96190079,2011,
96190079,2012,
96190079,2013,
96190079,2014,25732.72
96190079,2015,34702.4
96190079,2016,50256.95
96190079,2017,81894.91
96190079,2018,83243.2
96190079,2019,77007.55
96190079,2020,82996.46
96190079,2021,77432.54
96190079,2022,54318.17
96190081,2008,
96190081,2009,
96190081,2010,
96190081,2011,
96190081,2012,
96190081,2013,
96190081,2014,504846.79
96190081,2015,521240.07
96190081,2016,1090013.48
96190081,2017,528323.88
96190081,2018,638886.41
96190081,2019,494911.24
96190081,2020,407922.63
96190081,2021,324810.48
96190081,2022,236158.69
96190089,2008,
96190089,2009,
96190089,2010,
96190089,2011,
96190089,2012,
96190089,2013,
96190089,2014,146113.54
96190089,2015,120652.06
96190089,2016,134209.83
96190089,2017,190818.53
96190089,2018,225885.05
96190089,2019,256226.5
96190089,2020,228747.7
96190089,2021,251728.05
96190089,2022,296431.15
