prodcom_code,sector,product_label,cn8_codes,official_units,n_cn8_codes,all_cn8_unique_to_product,quantity_years,quantity_valid_years,quantity_units,confidential_flag_years,label_variants,one_cn_or_grouped_cn8,official_kg_unit,annual_kg_stable,complete_15y_quantity,no_confidential_quantity_flags,eligible_strict_match,cn8_codes_joined,official_units_joined
17111100,C17,"Chemical wood pulp, dissolving grades",['47020000'],['KG_90PCT_SDT'],1,True,15,15,['KG_90PCT_SDT'],0,1,True,False,False,True,True,False,47020000,KG_90PCT_SDT
17111200,C17,"Chemical wood pulp, soda or sulphate, other than dissolving grades","['47031100', '47031900', '47032100', '47032900']",['KG_90PCT_SDT'],4,True,15,15,['KG_90PCT_SDT'],0,1,True,False,False,True,True,False,47031100|47031900|47032100|47032900,KG_90PCT_SDT
17111300,C17,"Chemical wood pulp, sulphite, other than dissolving grades","['47041100', '47041900', '47042100', '47042900']",['KG_90PCT_SDT'],4,True,15,15,['KG_90PCT_SDT'],0,1,True,False,False,True,True,False,47041100|47041900|47042100|47042900,KG_90PCT_SDT
17111400,C17,Mechanical wood pulp; semi-chemical wood pulp; pulps of fibrous cellulosic material other than wood,"['47010010', '47010090', '47050000', '47061000', '47062000', '47063000', '47069100', '47069200', '47069300']",['KG_90PCT_SDT'],9,True,15,15,['KG_90PCT_SDT'],0,1,True,False,False,True,True,False,47010010|47010090|47050000|47061000|47062000|47063000|47069100|47069200|47069300,KG_90PCT_SDT
17121100,C17,Newsprint in rolls or sheets,['48010000'],['KG'],1,True,15,15,['KG'],0,1,True,True,True,True,True,True,48010000,KG
17121200,C17,Handmade paper and paperboard,['48021000'],['KG'],1,True,15,15,['KG'],0,1,True,True,True,True,True,True,48021000,KG
17121300,C17,"Paper and paperboard used as a base for photo-sensitive, heat-sensitive or electro-sensitive paper; carbonising base paper; wallpaper base","['48022000', '48024010', '48024090']",['KG'],3,True,15,15,['KG'],0,1,True,True,True,True,True,True,48022000|48024010|48024090,KG
17121410,C17,"Graphic paper, paperboard : mechanical fibres <= 10 %, weight < 40 g/m²",['48025400'],['KG'],1,True,15,15,['KG'],0,1,True,True,True,True,True,True,48025400,KG
17121435,C17,"Graphic paper, paperboard : mechanical fibres <= 10 %, weight >= 40 g/m² but <= 150 g/m², in rolls","['48025515', '48025525', '48025530', '48025590']",['KG'],4,True,15,15,['KG'],0,1,True,True,True,True,True,True,48025515|48025525|48025530|48025590,KG
17121439,C17,"Graphic paper, paperboard : mechanical fibres <= 10 %, weight >= 40 g/m² but <= 150 g/m², sheets","['48025620', '48025680', '48025700']",['KG'],3,True,15,15,['KG'],0,1,True,True,True,True,True,True,48025620|48025680|48025700,KG
17121450,C17,"Graphic paper, paperboard : mechanical fibres <= 10 %, weight > 150 g/m²","['48025810', '48025890']",['KG'],2,True,15,15,['KG'],0,1,True,True,True,True,True,True,48025810|48025890,KG
17121470,C17,"Graphic paper, paperboard : mechanical fibres > 10 %","['48026115', '48026180', '48026200', '48026900']",['KG'],4,True,15,15,['KG'],0,1,True,True,True,True,True,True,48026115|48026180|48026200|48026900,KG
17122030,C17,"Cellulose wadding for household or sanitary purposes, in rolls of a width > 36 cm or in rectangular (including square sheets) with at least one side > 36 cm in an unfolded state",['48030010'],['KG'],1,True,15,15,['KG'],0,1,True,True,True,True,True,True,48030010,KG
17122055,C17,"Creped paper and webs of cellulose fibres for household/ sanitary purposes, in rolls, width > 36 cm, rectangular sheets min. one side > 36 cm in unfolded state, weight <= 25 g/m²/ply",['48030031'],['KG'],1,True,15,15,['KG'],0,1,True,True,True,True,True,True,48030031,KG
17122057,C17,"Creped paper and webs of cellulose fibres for household/sanitary purposes, in rolls, width > 36 cm, rectangular sheets min. one side > 36 cm in unfolded state, weight > 25 g/m²/ply",['48030039'],['KG'],1,True,15,15,['KG'],0,1,True,True,True,True,True,True,48030039,KG
17122090,C17,Paper stock for household : others,['48030090'],['KG'],1,True,15,15,['KG'],0,1,True,True,True,True,True,True,48030090,KG
17123100,C17,"Uncoated, unbleached kraftliner in rolls or sheets (excluding for writing, printing or other graphic purposes, punch card stock and punch card tape paper)","['48041111', '48041115', '48041119', '48041190']",['KG'],4,True,15,15,['KG'],0,1,True,True,True,True,True,True,48041111|48041115|48041119|48041190,KG
17123200,C17,"Uncoated kraftliner in rolls or sheets (excluding unbleached, for writing; printing or other graphic purposes, punch card stock and punch card tape paper","['48041912', '48041919', '48041930', '48041990']",['KG'],4,True,15,15,['KG'],0,1,True,True,True,True,True,True,48041912|48041919|48041930|48041990,KG
17123300,C17,Semi-chemical fluting,['48051100'],['KG'],1,True,15,15,['KG'],0,1,True,True,True,True,True,True,48051100,KG
17123400,C17,Recycled fluting and other fluting,"['48051200', '48051910', '48051990']",['KG'],3,True,15,15,['KG'],0,1,True,True,True,True,True,True,48051200|48051910|48051990,KG
17123520,C17,"Uncoated testliner (recycled liner board), weight <= 150 g/m², in rolls or sheets",['48052400'],['KG'],1,True,15,15,['KG'],0,1,True,True,True,True,True,True,48052400,KG
17123540,C17,"Uncoated testliner (recycled liner board), weight > 150 g/m², in rolls or sheets",['48052500'],['KG'],1,True,15,15,['KG'],0,1,True,True,True,True,True,True,48052500,KG
17124120,C17,"Uncoated, unbleached sack kraft paper (excluding for writing, printing or other graphic purposes, punch card stock and punch card tape paper)","['48042110', '48042190']",['KG'],2,True,15,15,['KG'],0,1,True,True,True,True,True,True,48042110|48042190,KG
17124140,C17,"Uncoated sack kraft paper (excluding unbleached, for writing, printing or other graphic purposes, punch card stock and punch card tape paper)","['48042910', '48042990']",['KG'],2,True,15,15,['KG'],0,1,True,True,True,True,True,True,48042910|48042990,KG
17124160,C17,"Uncoated kraft paper and paperboard weighing <= 150 g/m² (excluding kraftliner, sack kraft paper, for writing, printing and other graphic purposes, etc.)","['48043151', '48043158', '48043180', '48043951', '48043958', '48043980']",['KG'],6,True,15,15,['KG'],0,1,True,True,True,True,True,True,48043151|48043158|48043180|48043951|48043958|48043980,KG
17124180,C17,Creped or crinkled sack kraft paper; in rolls or sheets,['48084000'],['KG'],1,False,15,15,['KG'],0,1,False,True,True,True,True,False,48084000,KG
17124220,C17,Sulphite wrapping paper in rolls or sheets,['48053000'],['KG'],1,True,15,15,['KG'],0,1,True,True,True,True,True,True,48053000,KG
17124240,C17,"Other uncoated paper and paperboard, in rolls or sheets, weight <= 150 g/m² (excluding products of HS 4802, fluting paper, testliner, sulphite wrapping paper, filter or felt paper and paperboard)",['48059100'],['KG'],1,True,15,15,['KG'],0,1,True,True,True,True,True,True,48059100,KG
17124260,C17,"Other uncoated paper and paperboard, in rolls or sheets, weight > 150 g/m² and < 225 g/m² (excluding products of HS 4802, fluting paper, testliner, sulphite wrapping paper, filter or felt paper and paperboard)",['48059200'],['KG'],1,True,15,15,['KG'],0,1,True,True,True,True,True,True,48059200,KG
17124280,C17,"Other uncoated paper and paperboard, in rolls or sheets, weight >= 225 g/m² (excluding products of HS 4802, fluting paper, testliner, sulphite wrapping paper, filter or felt paper and paperboard)","['48059320', '48059380']",['KG'],2,True,15,15,['KG'],0,1,True,True,True,True,True,True,48059320|48059380,KG
17124330,C17,Uncoated filter paper and paperboard in rolls or sheets,['48054000'],['KG'],1,True,15,15,['KG'],0,1,True,True,True,True,True,True,48054000,KG
17124360,C17,Uncoated felt paper and paperboard in rolls or sheets,['48055000'],['KG'],1,True,15,15,['KG'],0,1,True,True,True,True,True,True,48055000,KG
17124400,C17,"Cigarette paper (excluding in the form of booklets or tubes), in rolls > 5 cm wide","['48139010', '48139090']",['KG'],2,True,15,15,['KG'],0,1,True,True,True,True,True,True,48139010|48139090,KG
17125100,C17,"Uncoated, inside grey paperboard",[],[],0,,2,2,['KG'],0,1,False,False,True,False,True,False,,
17125900,C17,Other uncoated paperboard,[],[],0,,2,2,['KG'],0,1,False,False,True,False,True,False,,
17126000,C17,"Vegetable parchment, greaseproof papers, tracing papers and glassine and other glazed transparent or translucent papers","['48061000', '48062000', '48063000', '48064010', '48064090']",['KG'],5,True,15,15,['KG'],0,1,True,True,True,True,True,True,48061000|48062000|48063000|48064010|48064090,KG
17127100,C17,Composite paper and paperboard in rolls or sheets (including strawpaper and paperboard) (excluding surface coated or impregnated),"['48070030', '48070080']",['KG'],2,True,15,15,['KG'],0,1,True,True,True,True,True,True,48070030|48070080,KG
17127200,C17,"Paper and paperboard, creped, crinkled, embossed or perforated","['48084000', '48089000']",['KG'],2,False,15,15,['KG'],0,1,False,True,True,True,True,False,48084000|48089000,KG
17127335,C17,"Coated base for paper..., for photo-, heat-, electro-sensitive paper, weight <= 150 g/m², m.f. <= 10%",[],[],0,,4,4,['KG'],0,1,False,False,True,False,True,False,,
17127337,C17,"Coated paper, for writing, printing, graphic purposes (excluding coated base, weight <= 150 g/m²)",[],[],0,,4,4,['KG'],0,1,False,False,True,False,True,False,,
17127360,C17,"Lightweight coated paper for writing, printing, graphic purposes, m.f. > 10 %",['48102200'],['KG'],1,True,15,15,['KG'],0,1,True,True,True,True,True,True,48102200,KG
17127375,C17,"Other coated mechanical graphic paper for writing, printing, graphic purposes, m.f. > 10 %, rolls",['48102930'],['KG'],1,True,15,15,['KG'],0,1,True,True,True,True,True,True,48102930,KG
17127379,C17,"Other coated mechanical graphic paper for writing, printing, graphic purposes, m.f. > 10 %, sheets",['48102980'],['KG'],1,True,15,15,['KG'],0,1,True,True,True,True,True,True,48102980,KG
17127400,C17,"Kraft paper (other than that of a kind used for writing, printing or other graphic purposes), coated with kaolin or with other inorganic substances",['48103100'],['KG'],1,True,15,15,['KG'],0,1,True,True,True,True,True,True,48103100,KG
17127500,C17,"Kraft paperboard (other than that of a kind used for writing, printing or other graphic purposes), coated with kaolin or with other inorganic substances","['48103210', '48103290']",['KG'],2,True,15,15,['KG'],0,1,True,True,True,True,True,True,48103210|48103290,KG
17127600,C17,"Carbon paper, self-copy paper and other copying or transfer paper, in rolls or sheets","['48092000', '48099000']",['KG'],2,True,15,15,['KG'],0,1,True,True,True,True,True,True,48092000|48099000,KG
17127710,C17,"Tarred, bituminised or asphalted paper and paperboard in rolls or sheets",['48111000'],['KG'],1,True,15,15,['KG'],0,1,True,True,True,True,True,True,48111000,KG
17127733,C17,Self-adhesive paper and paperboard in rolls or sheets,"['48114120', '48114190']",['KG'],2,True,15,15,['KG'],0,1,True,True,True,True,True,True,48114120|48114190,KG
17127735,C17,Gummed paper and paperboard in rolls or sheets (excluding self-adhesives),['48114900'],['KG'],1,True,15,15,['KG'],0,1,True,True,True,True,True,True,48114900,KG
17127755,C17,"Bleached paper and paperboard in rolls or sheets, coated, impregnated or covered with plastics weighing > 150 g/m² (excluding adhesives)",['48115100'],['KG'],1,True,15,15,['KG'],0,1,True,True,True,True,True,True,48115100,KG
17127759,C17,"Paper and paperboard in rolls or sheets, coated, impregnated or covered with plastics (excluding adhesives, bleached and weighing > 150 g/m²)",['48115900'],['KG'],1,True,15,15,['KG'],0,1,True,True,True,True,True,True,48115900,KG
17127770,C17,"Paper and paperboard in rolls or sheets, coated, impregnated or covered with wax, paraffin wax, stearin, oil or glycerol",['48116000'],['KG'],1,True,15,15,['KG'],0,1,True,True,True,True,True,True,48116000,KG
17127780,C17,"Other paper, paperboard, coated..., n.e.c.",['48119000'],['KG'],1,True,15,15,['KG'],0,1,True,True,True,True,True,True,48119000,KG
17127820,C17,"Kraft paper and paperboard, coated on one or both sides with kaolin or other inorganic substances, in rolls or in square or rectangular sheets, of any size (excluding that for writing, printing or other graphic purposes; paper and paperboard bleached uniformly in the mass and containing > 95 % chemically processed wood fibres by weight in relation to the total fibre content)",['48103900'],['KG'],1,True,15,15,['KG'],0,1,True,True,True,True,True,True,48103900,KG
17127850,C17,"Multi-ply paper and paperboard, coated, others",['48109290'],['KG'],1,True,15,15,['KG'],0,1,True,True,True,True,True,True,48109290,KG
17127953,C17,"Multi-ply paper and paperboard, coated, of which each layer in bleached",['48109210'],['KG'],1,True,15,15,['KG'],0,1,True,True,True,True,True,True,48109210,KG
17127955,C17,"Multi-ply paper and paperboard, coated, with one bleached outer layer",['48109230'],['KG'],1,True,15,15,['KG'],0,1,True,True,True,True,True,True,48109230,KG
17127970,C17,"Paper/paperboard in rolls or sheets, coated on one/both sides with kaolin or other inorganic substances excluding of a kind used for any graphic purposes, multi-ply paper/paperboard","['48109910', '48109980']",['KG'],2,True,15,15,['KG'],0,1,True,True,True,True,True,True,48109910|48109980,KG
17211100,C17,Corrugated paper and paperboard in rolls or sheets,['48081000'],['KG'],1,True,15,15,['KG'],0,1,True,True,True,True,True,True,48081000,KG
17211230,C17,"Sacks and bags, with a base width >= 40 cm, of paper, paperboard, cellulose wadding or webs of cellulose fibres",['48193000'],['KG'],1,True,15,15,['KG'],0,1,True,True,True,True,True,True,48193000,KG
17211250,C17,"Sacks and bags of paper, paperboard, cellulose wadding or webs of cellulose fibres (excluding those with a base width >= 40 cm)",['48194000'],['KG'],1,True,15,15,['KG'],0,1,True,True,True,True,True,True,48194000,KG
17211300,C17,"Cartons, boxes and cases, of corrugated paper or paperboard",['48191000'],['KG'],1,True,15,15,['KG'],0,1,True,True,True,True,True,True,48191000,KG
17211400,C17,"Folding cartons, boxes and cases of non-corrugated paper or paperboard",['48192000'],['KG'],1,True,15,15,['KG'],0,1,True,True,True,True,True,True,48192000,KG
17211530,C17,"Other packaging containers, including record sleeves, n.e.c.",['48195000'],['KG'],1,True,15,15,['KG'],0,1,True,True,True,True,True,True,48195000,KG
17211550,C17,"Box files, letter trays, storage boxes and similar articles of paper or paperboard of a kind used in offices, shops or the like",['48196000'],['KG'],1,True,15,15,['KG'],0,1,True,True,True,True,True,True,48196000,KG
17221120,C17,Toilet paper,"['48181010', '48181090']",['KG'],2,True,15,15,['KG'],0,1,True,True,True,True,True,True,48181010|48181090,KG
17221140,C17,"Handkerchiefs and cleansing or facial tissues of paper pulp, paper, cellulose wadding or webs of cellulose fibres",['48182010'],['KG'],1,True,15,15,['KG'],0,1,True,True,True,True,True,True,48182010,KG
17221160,C17,"Hand towels of paper pulp, paper, cellulose wadding or webs of cellulose fibres","['48182091', '48182099']",['KG'],2,True,15,15,['KG'],0,1,True,True,True,True,True,True,48182091|48182099,KG
17221180,C17,"Tablecloths and serviettes of paper pulp, paper, cellulose wadding or webs of cellulose fibres",['48183000'],['KG'],1,True,15,15,['KG'],0,1,True,True,True,True,True,True,48183000,KG
17221210,C17,"Sanitary towels and tampons, napkins and napkin liners for babies and similar sanitary articles, of wadding",['96190030'],['KG'],1,True,15,15,['KG'],0,1,True,True,True,True,True,True,96190030,KG
17221220,C17,"Sanitary towels, tampons and similar articles of paper pulp, paper, cellulose wadding or webs of cellulose fibres","['96190071', '96190075', '96190079']",['KG'],3,True,15,15,['KG'],0,1,True,True,True,True,True,True,96190071|96190075|96190079,KG
17221230,C17,"Napkins and napkin liners for babies and similar sanitary articles of paper pulp, paper, cellulose wadding or webs of cellulose fibers, (excluding toilet paper, sanitary towels, tampons and similar articles)","['96190081', '96190089']",['KG'],2,True,15,15,['KG'],0,1,True,True,True,True,True,True,96190081|96190089,KG
17221240,C17,Wadding; other articles of wadding,"['56012110', '56012190', '56012210', '56012290', '56012900']",['KG'],5,True,15,15,['KG'],0,1,True,True,True,True,True,True,56012110|56012190|56012210|56012290|56012900,KG
17221250,C17,"Articles of apparel and clothing accessories of paper pulp; paper; cellulose wadding or webs of cellulose fibres (excluding handkerchiefs, headgear)",['48185000'],['KG'],1,True,15,15,['KG'],0,1,True,True,True,True,True,True,48185000,KG
17221290,C17,"Household, sanitary or hospital articles of paper, etc., n.e.c.","['48189010', '48189090']",['KG'],2,True,15,15,['KG'],0,1,True,True,True,True,True,True,48189010|48189090,KG
17221300,C17,"Trays, dishes, plates, cups and the like of paper or paperboard","['48236100', '48236910', '48236990']",['KG'],3,True,15,15,['KG'],0,1,True,True,True,True,True,True,48236100|48236910|48236990,KG
17231100,C17,"Carbon paper, self-copy paper and other copying or transfer papers; duplicator stencil and offset plates of paper; gummed or adhesive paper","['48162000', '48169000']",['KG'],2,True,15,15,['KG'],0,1,True,True,True,True,True,True,48162000|48169000,KG
17231230,C17,Envelopes of paper or paperboard,['48171000'],['KG'],1,True,15,15,['KG'],0,1,True,True,True,True,True,True,48171000,KG
17231250,C17,"Letter cards, plain postcards and correspondence cards of paper or paperboard",['48172000'],['KG'],1,True,15,15,['KG'],0,1,True,True,True,True,True,True,48172000,KG
17231270,C17,"Boxes, pouches, wallets and writing compendiums of paper or paperboard, containing an assortment of paper stationery",['48173000'],['KG'],1,True,15,15,['KG'],0,1,True,True,True,True,True,True,48173000,KG
17231313,C17,"Registers, account books, order books and receipt books, of paper or paperboard",['48201010'],['KG'],1,True,15,15,['KG'],0,1,True,True,True,True,True,True,48201010,KG
17231315,C17,"Notebooks, letter pads, memorandum pads, of paper or paperboard",['48201030'],['KG'],1,True,15,15,['KG'],0,1,True,True,True,True,True,True,48201030,KG
17231317,C17,"Diaries, of paper or paperboard",['48201050'],['KG'],1,True,15,15,['KG'],0,1,True,True,True,True,True,True,48201050,KG
17231330,C17,"Exercise books, of paper or paperboard",['48202000'],['KG'],1,True,15,15,['KG'],0,1,True,True,True,True,True,True,48202000,KG
17231350,C17,"Binders, folders and file covers, of paper or paperboard (excluding book covers)",['48203000'],['KG'],1,True,15,15,['KG'],0,1,True,True,True,True,True,True,48203000,KG
17231375,C17,"Continuous multi-part business forms, including interleaved carbon sets, carbonless paper and books",[],[],0,,2,2,['KG'],0,1,False,False,True,False,True,False,,
17231379,C17,"Multi-part business forms, including single leaf forms, interleaved carbon sets, carbonless paper and books (excluding continuous forms)",[],[],0,,2,2,['KG'],0,1,False,False,True,False,True,False,,
17231380,C17,"Albums for samples, collections, stamps or photographs, of paper or paperboard",['48205000'],['KG'],1,True,15,15,['KG'],0,1,True,True,True,True,True,True,48205000,KG
17231400,C17,"Other paper and paperboard, of a kind used for writing or printing or other graphic purposes, printed, embossed or perforated",['48239040'],['KG'],1,True,15,15,['KG'],0,1,True,True,True,True,True,True,48239040,KG
17241100,C17,Wallpaper and similar wall coverings; window transparencies of paper,"['48142000', '48149010', '48149070']",['KG'],3,True,15,15,['KG'],0,1,True,True,True,True,True,True,48142000|48149010|48149070,KG
17241200,C17,Textile wall coverings,"['59050010', '59050030', '59050050', '59050070', '59050090']",['KG'],5,True,15,15,['KG'],0,1,True,True,True,True,True,True,59050010|59050030|59050050|59050070|59050090,KG
17291120,C17,Self-adhesive printed labels of paper or paperboard,['48211010'],['KG'],1,True,15,15,['KG'],0,1,True,True,True,True,True,True,48211010,KG
17291140,C17,Printed labels of paper or paperboard (excluding self-adhesive),['48211090'],['KG'],1,True,15,15,['KG'],0,1,True,True,True,True,True,True,48211090,KG
17291160,C17,Self-adhesive labels of paper or paperboard (excluding printed),['48219010'],['KG'],1,True,15,15,['KG'],0,1,True,True,True,True,True,True,48219010,KG
17291180,C17,"Labels of paper or paperboard (excluding printed, self-adhesive)",['48219090'],['KG'],1,True,15,15,['KG'],0,1,True,True,True,True,True,True,48219090,KG
17291200,C17,"Filter blocks, slabs and plates of paper pulp",['48120000'],['KG'],1,True,15,15,['KG'],0,1,True,True,True,True,True,True,48120000,KG
17291910,C17,Cigarette paper in rolls of a width <= 5 cm or in the form of booklets or tubes,"['48131000', '48132000']",['KG'],2,True,15,15,['KG'],0,1,True,True,True,True,True,True,48131000|48132000,KG
17291920,C17,"Bobbins, spools, cops and similar supports of paper pulp, paper or paperboard used for winding textile yarn",['48221000'],['KG'],1,True,15,15,['KG'],0,1,True,True,True,True,True,True,48221000,KG
17291930,C17,"Bobbins, spools, cops and similar supports of paper pulp, paper or paperboard (excluding of a kind used for winding textile yarn)",['48229000'],['KG'],1,True,15,15,['KG'],0,1,True,True,True,True,True,True,48229000,KG
17291951,C17,Filter paper and paperboard cut to shape,['48232000'],['KG'],1,True,15,15,['KG'],0,1,True,True,True,True,True,True,48232000,KG
17291955,C17,"Rolls, sheets and dials of paper or paperboard, printed for self-recording apparatus",['48234000'],['KG'],1,True,15,15,['KG'],0,1,True,True,True,True,True,True,48234000,KG
17291957,C17,Moulded or pressed articles of paper pulp,"['48237010', '48237090']",['KG'],2,True,15,15,['KG'],0,1,True,True,True,True,True,True,48237010|48237090,KG
17291985,C17,Other articles of paper and paperboard n.e.c.,['48239085'],['KG'],1,True,15,15,['KG'],0,1,True,True,True,True,True,True,48239085,KG
19103000,C19,"Pitch and pitch coke, obtained from coal tar or from other mineral tars","['27081000', '27082000']",['KG'],2,True,15,15,['KG'],0,1,True,True,True,True,True,True,27081000|27082000,KG
20111120,C20,Argon,['28042100'],['M3'],1,True,15,15,['M3'],0,1,True,False,False,True,True,False,28042100,M3
20111130,C20,Rare gases (excluding argon),[],[],0,,10,10,['M3'],0,1,False,False,False,False,True,False,,
20111150,C20,Hydrogen,['28041000'],['M3'],1,True,15,15,['M3'],0,1,True,False,False,True,True,False,28041000,M3
20111160,C20,Nitrogen,['28043000'],['M3'],1,True,15,15,['M3'],0,1,True,False,False,True,True,False,28043000,M3
20111170,C20,Oxygen,['28044000'],['M3'],1,True,15,15,['M3'],0,1,True,False,False,True,True,False,28044000,M3
20111230,C20,Carbon dioxide,['28112100'],['KG'],1,True,15,15,['KG'],0,1,True,True,True,True,True,True,28112100,KG
20111270,C20,Nitrogen oxides,['28112930'],['KG'],1,True,15,15,['KG'],0,1,True,True,True,True,True,True,28112930,KG
20111290,C20,"Inorganic oxygen compounds of non metals (excluding sulphur trioxide (sulphuric anhydride); diarsenic trioxide, nitrogen oxides, silicon dioxide, sulphur dioxide, carbon dioxide)",['28112990'],['KG'],1,True,15,15,['KG'],0,1,True,True,True,True,True,True,28112990,KG
20111300,C20,Liquid air; compressed air,['28539030'],['KG'],1,True,15,15,['KG'],0,1,True,True,True,True,True,True,28539030,KG
20121130,C20,Zinc oxide; zinc peroxide,['28170000'],['KG'],1,True,15,15,['KG'],0,1,True,True,True,True,True,True,28170000,KG
20121150,C20,Titanium oxides,['28230000'],['KG_TIO2'],1,True,15,15,['KG_TIO2'],0,1,True,False,False,True,True,False,28230000,KG_TIO2
20121200,C20,"Chromium, manganese, lead and copper oxides and hydroxides",[],[],0,,11,11,['KG'],0,1,False,False,True,False,True,False,,
20121910,C20,Iron oxides and hydroxides; earth colours containing 70 % or more by weight of combined iron evaluated as Fe2O3,"['28211000', '28212000']",['KG'],2,True,15,15,['KG'],0,1,True,True,True,True,True,True,28211000|28212000,KG
20121930,C20,Cobalt oxides and hydroxides; commercial cobalt oxides,['28220000'],['KG'],1,True,15,15,['KG'],0,1,True,True,True,True,True,True,28220000,KG
20121950,C20,Lithium oxide and hydroxide; vanadium oxides and hydroxides; nickel oxides and hydroxides; germanium oxides and zirconium dioxide,[],[],0,,11,11,['KG'],0,1,False,False,True,False,True,False,,
20121973,C20,Molybdenum oxides and hydroxides,['28257000'],['KG'],1,True,15,15,['KG'],0,1,True,True,True,True,True,True,28257000,KG
20121975,C20,Antimony oxides,['28258000'],['KG'],1,True,15,15,['KG'],0,1,True,True,True,True,True,True,28258000,KG
20121990,C20,"Other inorganic bases; other metal oxides, hydroxides and peroxides, n.e.c.",[],[],0,,11,11,['KG'],0,1,False,False,True,False,True,False,,
20122110,C20,Disperse dyes and preparations based thereon,['32041100'],['KG'],1,True,15,15,['KG'],0,1,True,True,True,True,True,True,32041100,KG
20122120,C20,Acid and mordant dyes and preparations based thereon,['32041200'],['KG'],1,True,15,15,['KG'],0,1,True,True,True,True,True,True,32041200,KG
20122130,C20,Basic dyes and preparations based thereon,['32041300'],['KG'],1,True,15,15,['KG'],0,1,True,True,True,True,True,True,32041300,KG
20122140,C20,Direct dyes and preparations based thereon,['32041400'],['KG'],1,True,15,15,['KG'],0,1,True,True,True,True,True,True,32041400,KG
20122150,C20,Other synthetic organic colouring matters,"['32041500', '32041600', '32041700', '32041800', '32041900', '32049000']",['KG'],6,True,15,15,['KG'],0,1,True,True,True,True,True,True,32041500|32041600|32041700|32041800|32041900|32049000,KG
20122160,C20,Synthetic organic products used as fluorescent brightening agents,['32042000'],['KG'],1,True,15,15,['KG'],0,1,True,True,True,True,True,True,32042000,KG
20122170,C20,Colour lakes; preparations based on colour lakes,['32050000'],['KG'],1,True,15,15,['KG'],0,1,True,True,True,True,True,True,32050000,KG
20122250,C20,"Tanning extracts of vegetable origin; tannins and their salts, ethers, esters and other derivatives","['32011000', '32012000', '32019020', '32019090']",['KG'],4,True,15,15,['KG'],0,1,True,True,True,True,True,True,32011000|32012000|32019020|32019090,KG
20122270,C20,Colouring matter of vegetable or animal origin and preparations based thereon (including dyeing extracts) (excluding animal black),"['32030010', '32030090']",['KG'],2,True,15,15,['KG'],0,1,True,True,True,True,True,True,32030010|32030090,KG
20122330,C20,Synthetic organic tanning substances,['32021000'],['KG'],1,True,15,15,['KG'],0,1,True,True,True,True,True,True,32021000,KG
20122350,C20,Inorganic tanning substances; tanning preparations; enzymatic preparations for pre-tanning,['32029000'],['KG'],1,True,15,15,['KG'],0,1,True,True,True,True,True,True,32029000,KG
20122415,C20,Pigments and preparations based on titanium dioxide containing >= 80 % by weight of titanium dioxide,['32061100'],['KG_TIO2'],1,True,15,15,['KG_TIO2'],0,1,True,False,False,True,True,False,32061100,KG_TIO2
20122419,C20,Pigments and preparations based on titanium dioxide (excluding those containing >= 80 % by weight of titanium dioxide),['32061900'],['KG_TIO2'],1,True,15,15,['KG_TIO2'],0,1,True,False,False,True,True,False,32061900,KG_TIO2
20122440,C20,Pigments and preparations based on chromium or cadmium compounds,[],[],0,,4,4,['KG'],0,1,False,False,True,False,True,False,,
20122470,C20,"Other colouring matter, preparations and luminophores",[],[],0,,4,4,['KG'],0,1,False,False,True,False,True,False,,
20132111,C20,Chlorine,['28011000'],['KG'],1,True,15,15,['KG'],0,1,True,True,True,True,True,True,28011000,KG
20132116,C20,Iodine; fluorine; bromine,"['28012000', '28013010', '28013090']",['KG'],3,True,15,15,['KG'],0,1,True,True,True,True,True,True,28012000|28013010|28013090,KG
20132120,C20,"Sulphur, sublimed or precipitated; colloidal sulphur",['28020000'],['KG'],1,True,15,15,['KG'],0,1,True,True,True,True,True,True,28020000,KG
20132130,C20,"Carbon (carbon blacks and other forms of carbon, n.e.c.)",['28030000'],['KG'],1,True,15,15,['KG'],0,1,True,True,True,True,True,True,28030000,KG
20132140,C20,Boron; tellurium,[],[],0,,11,11,['KG'],0,1,False,False,True,False,True,False,,
20132150,C20,Silicon,[],[],0,,11,11,['KG'],0,1,False,False,True,False,True,False,,
20132180,C20,Phosphorus; arsenic; selenium,[],[],0,,11,11,['KG'],0,1,False,False,True,False,True,False,,
20132235,C20,Chlorides and chloride oxides of phosphorus,[],[],0,,11,11,['KG'],0,1,False,False,True,False,True,False,,
20132237,C20,Halides and halide-oxides of non-metals (excluding chlorides and chloride oxides of phosphorus),"['28121100', '28121500', '28121600', '28121700', '28121990', '28129000']",['KG'],6,True,15,15,['KG'],0,1,True,True,True,True,True,True,28121100|28121500|28121600|28121700|28121990|28129000,KG
20132260,C20,Sulphides of non-metals; commercial phosphorus trisulphide,[],[],0,,11,11,['KG'],0,1,False,False,True,False,True,False,,
20132300,C20,"Alkali or alkaline-earth metals; rare-earth metals, scandium and yttrium; mercury",[],[],0,,14,14,['KG'],0,1,False,False,True,False,True,False,,
20132413,C20,Hydrogen chloride (hydrochloric acid),['28061000'],['KG_HCL'],1,True,15,15,['KG_HCL'],0,1,True,False,False,True,True,False,28061000,KG_HCL
20132415,C20,Chlorosulphuric acid,['28062000'],['KG'],1,True,15,15,['KG'],0,1,True,True,True,True,True,True,28062000,KG
20132433,C20,Sulphuric acid,[],[],0,,4,4,['KG_SO2'],0,1,False,False,False,False,True,False,,
20132435,C20,Oleum,[],[],0,,4,4,['KG_SO2'],0,1,False,False,False,False,True,False,,
20132453,C20,Diphosphorus pentaoxide,['28091000'],['KG_P2O5'],1,True,15,15,['KG_P2O5'],0,1,True,False,False,True,True,False,28091000,KG_P2O5
20132455,C20,Phosphoric acid and polyphosphoric acids,['28092000'],['KG_P2O5'],1,True,15,15,['KG_P2O5'],0,1,True,False,False,True,True,False,28092000,KG_P2O5
20132460,C20,Oxides of boron; boric acids; inorganic acids (excluding hydrogen fluoride),[],[],0,,11,11,['KG'],0,1,False,False,True,False,True,False,,
20132473,C20,Hydrogen fluoride (hydrofluoric acid),['28111100'],['KG_HF'],1,True,15,15,['KG_HF'],0,1,True,False,False,True,True,False,28111100,KG_HF
20132475,C20,Silicon dioxide,['28112200'],['KG_SIO2'],1,True,15,15,['KG_SIO2'],0,1,True,False,False,True,True,False,28112200,KG_SIO2
20132477,C20,Sulphur dioxide,['28112905'],['KG_SIO2'],1,True,15,15,['KG_SO2'],0,1,True,False,False,True,True,False,28112905,KG_SIO2
20132525,C20,"Sodium hydroxide (caustic soda), solid",['28151100'],['KG_NAOH'],1,True,15,15,['KG_NAOH'],0,1,True,False,False,True,True,False,28151100,KG_NAOH
20132527,C20,Sodium hydroxide in aqueous solution (soda lye or liquid soda),['28151200'],['KG_NAOH'],1,True,15,15,['KG_NAOH'],0,1,True,False,False,True,True,False,28151200,KG_NAOH
20132535,C20,"Potassium hydroxide (caustic potash), solid",[],[],0,,1,1,['KG_KOH'],0,1,False,False,False,False,True,False,,
20132537,C20,Potassium hydroxide in an aqueous solution (potassium lye or liquid potassium),[],[],0,,1,1,['KG_KOH'],0,1,False,False,False,False,True,False,,
20132550,C20,Peroxides of sodium or potassium,['28153000'],['KG'],1,True,15,15,['KG'],0,1,True,True,True,True,True,True,28153000,KG
20132560,C20,"Hydroxide and peroxide of magnesium; oxides, hydroxides and peroxides of strontium or barium",[],[],0,,11,11,['KG'],0,1,False,False,True,False,True,False,,
20132570,C20,Aluminium hydroxide,['28183000'],['KG_AL2O3'],1,True,15,15,['KG_AL2O3'],0,1,True,False,False,True,True,False,28183000,KG_AL2O3
20132580,C20,Hydrazine and hydroxylamine and their inorganic salts,['28251000'],['KG'],1,True,15,15,['KG'],0,1,True,True,True,True,True,True,28251000,KG
20133110,C20,Fluorides; fluorosilicates; fluoroaluminates and other complex fluorine salts,[],[],0,,11,11,['KG_F'],0,1,False,False,False,False,True,False,,
20133130,C20,Chlorides (excluding ammonium chloride),[],[],0,,11,11,['KG'],0,1,False,False,True,False,True,False,,
20133150,C20,Chloride oxides and chloride hydroxides of copper and other metals,"['28274100', '28274910', '28274990']",['KG'],3,True,15,15,['KG'],0,1,True,True,True,True,True,True,28274100|28274910|28274990,KG
20133170,C20,Bromides and bromide oxides; iodides and iodide oxides,[],[],0,,11,11,['KG'],0,1,False,False,True,False,True,False,,
20133230,C20,Hypochlorites; commercial calcium hypochlorite; chlorites; hypobromites,"['28281000', '28289000']",['KG'],2,True,15,15,"['KG', 'KG_CL']",0,1,True,True,False,True,True,False,28281000|28289000,KG
20133250,C20,Chlorates and perchlorates; bromates and perbromates; iodates and periodates,[],[],0,,14,14,['KG'],0,1,False,False,True,False,True,False,,
20134110,C20,"Sulphides; polysulphides, whether or not chemically defined; dithionites and sulphoxylates",[],[],0,,11,11,['KG'],0,1,False,False,True,False,True,False,,
20134133,C20,Sulphites,"['28321000', '28322000']",['KG'],2,True,15,15,"['KG', 'KG_NA2S2O5']",0,1,True,True,False,True,True,False,28321000|28322000,KG
20134135,C20,Thiosulphates,['28323000'],['KG'],1,True,15,15,['KG'],0,1,True,True,True,True,True,True,28323000,KG
20134151,C20,Sulphates of barium or aluminium,[],[],0,,11,11,['KG'],0,1,False,False,True,False,True,False,,
20134157,C20,Sulphates (excluding those of aluminium and barium),[],[],0,,11,11,['KG'],0,1,False,False,True,False,True,False,,
20134173,C20,Alums,['28333000'],['KG'],1,True,15,15,['KG'],0,1,True,True,True,True,True,True,28333000,KG
20134175,C20,Peroxosulphates (persulphates),['28334000'],['KG'],1,True,15,15,['KG'],0,1,True,True,True,True,True,True,28334000,KG
20134210,C20,Nitrates (excluding those of potassium),[],[],0,,11,11,['KG_N'],0,1,False,False,False,False,True,False,,
20134230,C20,Phosphates of mono- or di-sodium,['28352200'],['KG_P2O5'],1,True,15,15,['KG_P2O5'],0,1,True,False,False,True,True,False,28352200,KG_P2O5
20134240,C20,Calcium hydrogenorthophosphate (dicalcium phosphate),['28352500'],['KG_P2O5'],1,True,15,15,['KG_P2O5'],0,1,True,False,False,True,True,False,28352500,KG_P2O5
20134270,C20,Sodium triphosphate (sodium tripolyphosphate),['28353100'],['KG_P2O5'],1,True,15,15,['KG_P2O5'],0,1,True,False,False,True,True,False,28353100,KG_P2O5
20134280,C20,Phosphates (excluding calcium hydrogenorthophosphate and mono- or disodium phosphate); polyphosphates (excluding sodium triphosphate),[],[],0,,14,14,['KG'],0,1,False,False,True,False,True,False,,
20134310,C20,Disodium carbonate,['28362000'],['KG_NA2CO3'],1,True,15,15,['KG_NA2CO3'],0,1,True,False,False,True,True,False,28362000,KG_NA2CO3
20134320,C20,Sodium hydrogencarbonate (sodium bicarbonate),['28363000'],['KG'],1,True,15,15,['KG'],0,1,True,True,True,True,True,True,28363000,KG
20134340,C20,Calcium carbonate,['28365000'],['KG'],1,True,15,15,['KG'],0,1,True,True,True,True,True,True,28365000,KG
20134390,C20,Other carbonates,[],[],0,,11,11,['KG'],0,1,False,False,True,False,True,False,,
20135110,C20,"Manganites, manganates and permanganates; molybdates; tungstates (wolframates)",[],[],0,,11,11,['KG'],0,1,False,False,True,False,True,False,,
20135125,C20,Chromates and dichromates; peroxochromates,"['28413000', '28415000']",['KG'],2,True,15,15,['KG'],0,1,True,True,True,True,True,True,28413000|28415000,KG
20135175,C20,"Salts of oxometallic and peroxometallic acids (excluding chromates, dichromates, peroxochromates, manganites, manganates, permanganates, molybdates, tungstates)",[],[],0,,11,11,['KG'],0,1,False,False,True,False,True,False,,
20135183,C20,Silver nitrate,['28432100'],['KG'],1,True,15,15,['KG'],0,1,True,True,True,True,True,True,28432100,KG
20135185,C20,Colloidal precious metals; compounds and amalgams of precious metals (excluding silver nitrate),"['28431010', '28431090', '28432900', '28433000', '28439010', '28439090']",['KG'],6,True,15,15,['KG'],0,1,True,True,True,True,True,True,28431010|28431090|28432900|28433000|28439010|28439090,KG
20135250,C20,Distilled and conductivity water and water of similar purity,['28539010'],['KG'],1,True,15,15,['KG'],0,1,True,True,True,True,True,True,28539010,KG
20135270,C20,"Compounds, inorganic or organic, of mercury, chemically defined as mercury (excluding amalgams)",['28521000'],['KG'],1,True,15,15,['KG'],0,1,True,True,True,True,True,True,28521000,KG
20135290,C20,"Other inorganic compounds n.e.c.; amalgams (excluding distilled and conductivity water and water of similar purity, liquid air and compressed air, those of precious metals)","['28531000', '28539090']",['KG'],2,False,15,15,['KG'],0,1,False,True,True,True,True,False,28531000|28539090,KG
20136100,C20,Heavy water (deuterium oxide); isotopes and their compounds (excluding radioactive and the fissile or fertile chemical isotopes),"['28451000', '28452000', '28453000', '28454000', '28459010', '28459090']",['KG'],6,True,14,14,['KG'],0,1,True,True,True,False,True,False,28451000|28452000|28453000|28454000|28459010|28459090,KG
20136220,C20,Cyanides; cyanide oxides and complex cyanides,"['28371100', '28371900', '28372000']",['KG'],3,True,15,15,['KG'],0,1,True,True,True,True,True,True,28371100|28371900|28372000,KG
20136230,C20,Borates; peroxoborates (perborates),"['28401100', '28401910', '28401990', '28402010', '28402090', '28403000']",['KG_B2O3'],6,True,15,15,['KG_B2O3'],0,1,True,False,False,True,True,False,28401100|28401910|28401990|28402010|28402090|28403000,KG_B2O3
20136240,C20,Silicates; commercial alkali metal silicates,"['28391100', '28391900', '28399000']",['KG_SIO2'],3,True,15,15,['KG_SIO2'],0,1,True,False,False,True,True,False,28391100|28391900|28399000,KG_SIO2
20136270,C20,Double or complex silicates,['28421000'],['KG'],1,True,15,15,['KG'],0,1,True,True,True,True,True,True,28421000,KG
20136280,C20,Salts of inorganic acids or peroxoacids (excluding azides and double or complex silicates),"['28429010', '28429080']",['KG'],2,True,15,15,['KG'],0,1,True,True,True,True,True,True,28429010|28429080,KG
20136300,C20,Hydrogen peroxide,['28470000'],['KG_H2O2'],1,True,15,15,['KG_H2O2'],0,1,True,False,False,True,True,False,28470000,KG_H2O2
20136450,C20,Carbides whether or not chemically defined,[],[],0,,11,11,['KG'],0,1,False,False,True,False,True,False,,
20136480,C20,"Phosphides (excluding ferrophosphorus), whether or not chemically defined; hydrides, nitrides, azides, silicides and borides, whether or not chemically defined, other than compounds which are also carbides of heading 20.13.64.50","['28500020', '28500060', '28500090', '28539090']",['KG'],4,False,15,15,['KG'],0,1,False,True,True,True,True,False,28500020|28500060|28500090|28539090,KG
20136500,C20,"Compounds of rare-earth metals, of yttrium or of scandium or mixtures of these metals",[],[],0,,11,11,['KG'],0,1,False,False,True,False,True,False,,
20136600,C20,"Sulphur (excluding crude, sublimed, precipitated and colloidal)",['25030090'],['KG'],1,True,15,15,['KG'],0,1,True,True,True,True,True,True,25030090,KG
20136700,C20,Roasted iron pyrites,['26012000'],['KG'],1,True,15,15,['KG'],0,1,True,True,True,True,True,True,26012000,KG
20136800,C20,"Synthetic or reconstructed precious or semi-precious stones, unworked or simply sawn or roughly shaped","['71041000', '71042100', '71042900']",['G'],3,True,15,15,['G'],0,1,True,False,False,True,True,False,71041000|71042100|71042900,G
20141120,C20,Saturated acyclic hydrocarbons,['29011000'],['KG'],1,True,15,15,['KG'],0,1,True,True,True,True,True,True,29011000,KG
20141130,C20,Ethylene,['29012100'],['KG'],1,True,15,15,['KG'],0,1,True,True,True,True,True,True,29012100,KG
20141140,C20,Propene (propylene),['29012200'],['KG'],1,True,15,15,['KG'],0,1,True,True,True,True,True,True,29012200,KG
20141150,C20,Butene (butylene) and isomers thereof,['29012300'],['KG'],1,True,15,15,['KG'],0,1,True,True,True,True,True,True,29012300,KG
20141165,C20,Unsaturated acyclic hydrocarbons; buta-1.3-diene,[],[],0,,1,1,['KG'],0,1,False,False,True,False,True,False,,
20141167,C20,Unsaturated acyclic hydrocarbons; Isoprene,[],[],0,,1,1,['KG'],0,1,False,False,True,False,True,False,,
20141190,C20,"Unsaturated acyclic hydrocarbons (excluding ethylene, propene, butene, buta-1,3-diene and isoprene)",['29012900'],['KG'],1,True,15,15,['KG'],0,1,True,True,True,True,True,True,29012900,KG
20141213,C20,Cyclohexane,['29021100'],['KG'],1,True,15,15,['KG'],0,1,True,True,True,True,True,True,29021100,KG
20141215,C20,Cyclanes; cyclenes and cycloterpenes (excluding cyclohexane),['29021900'],['KG'],1,True,15,15,['KG'],0,1,True,True,True,True,True,True,29021900,KG
20141223,C20,Benzene,['29022000'],['KG'],1,True,15,15,['KG'],0,1,True,True,True,True,True,True,29022000,KG
20141225,C20,Toluene,['29023000'],['KG'],1,True,15,15,['KG'],0,1,True,True,True,True,True,True,29023000,KG
20141243,C20,o-Xylene,['29024100'],['KG'],1,True,15,15,['KG'],0,1,True,True,True,True,True,True,29024100,KG
20141245,C20,p-Xylene,['29024300'],['KG'],1,True,15,15,['KG'],0,1,True,True,True,True,True,True,29024300,KG
20141247,C20,m-Xylene and mixed xylene isomers,"['29024200', '29024400']",['KG'],2,True,15,15,['KG'],0,1,True,True,True,True,True,True,29024200|29024400,KG
20141250,C20,Styrene,['29025000'],['KG'],1,True,15,15,['KG'],0,1,True,True,True,True,True,True,29025000,KG
20141260,C20,Ethylbenzene,['29026000'],['KG'],1,True,15,15,['KG'],0,1,True,True,True,True,True,True,29026000,KG
20141270,C20,Cumene,['29027000'],['KG'],1,True,15,15,['KG'],0,1,True,True,True,True,True,True,29027000,KG
20141290,C20,Other cyclic hydrocarbons,['29029000'],['KG'],1,True,15,15,['KG'],0,1,True,True,True,True,True,True,29029000,KG
20141313,C20,Chloromethane (methyl chloride) and chloroethane (ethyl chloride),['29031100'],['KG'],1,True,15,15,['KG'],0,1,True,True,True,True,True,True,29031100,KG
20141315,C20,Dichloromethane (methylene chloride),['29031200'],['KG'],1,True,15,15,['KG'],0,1,True,True,True,True,True,True,29031200,KG
20141323,C20,Chloroform (trichloromethane),['29031300'],['KG'],1,True,15,15,['KG'],0,1,True,True,True,True,True,True,29031300,KG
20141325,C20,Carbon tetrachloride,['29031400'],['KG'],1,True,15,15,['KG'],0,1,True,True,True,True,True,True,29031400,KG
20141353,C20,"1,2-Dichloroethane (ethylene dichloride)",['29031500'],['KG'],1,True,15,15,['KG'],0,1,True,True,True,True,True,True,29031500,KG
20141357,C20,"Saturated chlorinated derivatives of acyclic hydrocarbons, n.e.c.",['29031900'],['KG'],1,True,15,15,['KG'],0,1,True,True,True,True,True,True,29031900,KG
20141371,C20,Vinyl chloride (chloroethylene),['29032100'],['KG'],1,True,15,15,['KG'],0,1,True,True,True,True,True,True,29032100,KG
20141374,C20,Trichloroethylene; tetrachloroethylene (perchloroethylene),"['29032200', '29032300']",['KG'],2,True,15,15,['KG'],0,1,True,True,True,True,True,True,29032200|29032300,KG
20141379,C20,"Unsaturated chlorinated derivatives of acyclic hydrocarbons (excluding vinyl chloride, trichloroethylene, tetrachloroethylene)",['29032900'],['KG'],1,True,15,15,['KG'],0,1,True,True,True,True,True,True,29032900,KG
20141450,C20,Derivatives of hydrocarbons containing only sulpho groups; their salts and ethyl esters,['29041000'],['KG'],1,True,15,15,['KG'],0,1,True,True,True,True,True,True,29041000,KG
20141470,C20,Derivatives of hydrocarbons containing only nitro or only nitroso groups,['29042000'],['KG'],1,True,15,15,['KG'],0,1,True,True,True,True,True,True,29042000,KG
20141490,C20,"Derivatives of hydrocarbons (excluding those containing only sulpho groups; their salts and ethyl esters, those containing only nitro or only nitroso groups)","['29043100', '29043200', '29043300', '29043400', '29043500', '29043600', '29049100', '29049900']",['KG'],8,True,15,15,['KG'],0,1,True,True,True,True,True,True,29043100|29043200|29043300|29043400|29043500|29043600|29049100|29049900,KG
20141910,C20,Fluorinated; brominated or iodinated derivatives of acyclic hydrocarbons,"['29034100', '29034200', '29034300', '29034400', '29034500', '29034600', '29034700', '29034800', '29034910', '29034930', '29034990', '29035100', '29035900', '29036100', '29036200', '29036911', '29036919', '29036980']",['KG'],18,True,15,15,['KG'],0,1,True,True,True,True,True,True,29034100|29034200|29034300|29034400|29034500|29034600|29034700|29034800|29034910|29034930|29034990|29035100|29035900|29036100|29036200|29036911|29036919|29036980,KG
20141930,C20,Halogenated derivatives of acyclic hydrocarbons containing >= 2 different halogens,"['29037100', '29037200', '29037300', '29037400', '29037500', '29037610', '29037620', '29037690', '29037760', '29037790', '29037800', '29037930', '29037980']",['KG'],13,True,15,15,['KG'],0,1,True,True,True,True,True,True,29037100|29037200|29037300|29037400|29037500|29037610|29037620|29037690|29037760|29037790|29037800|29037930|29037980,KG
20141950,C20,"Halogenated derivatives of cyclanic, cyclenic or cycloterpenic hydrocarbons","['29038100', '29038200', '29038300', '29038910', '29038980']",['KG'],5,True,15,15,['KG'],0,1,True,True,True,True,True,True,29038100|29038200|29038300|29038910|29038980,KG
20141970,C20,Halogenated derivatives of aromatic hydrocarbons,"['29039100', '29039200', '29039300', '29039400', '29039910', '29039980']",['KG'],6,True,15,15,['KG'],0,1,True,True,True,True,True,True,29039100|29039200|29039300|29039400|29039910|29039980,KG
20142100,C20,Industrial fatty alcohols,['38237000'],['KG'],1,True,15,15,['KG'],0,1,True,True,True,True,True,True,38237000,KG
20142210,C20,Methanol (methyl alcohol),['29051100'],['KG'],1,True,15,15,['KG'],0,1,True,True,True,True,True,True,29051100,KG
20142220,C20,Propan-1-ol (propyl alcohol) and propan-2-ol (isopropyl alcohol),['29051200'],['KG'],1,True,15,15,['KG'],0,1,True,True,True,True,True,True,29051200,KG
20142230,C20,Butan-1-ol (n-butyl alcohol),['29051300'],['KG'],1,True,15,15,['KG'],0,1,True,True,True,True,True,True,29051300,KG
20142240,C20,Butanols (excluding butan-1-ol (n-butyl alcohol)),"['29051410', '29051490']",['KG'],2,True,15,15,['KG'],0,1,True,True,True,True,True,True,29051410|29051490,KG
20142263,C20,Octanol (octyl alcohol) and isomers thereof,"['29051620', '29051685']",['KG'],2,True,15,15,['KG'],0,1,True,True,True,True,True,True,29051620|29051685,KG
20142265,C20,"Lauryl alcohol; cetyl alcohol; stearyl alcohol and other saturated monohydric alcohols (excluding methyl, propyl and isopropyl, n-butyl, other butanols, octyl)","['29051700', '29051900']",['KG'],2,True,15,15,['KG'],0,1,True,True,True,True,True,True,29051700|29051900,KG
20142270,C20,Unsaturated monohydric alcohols,"['29052200', '29052910', '29052990']",['KG'],3,True,15,15,['KG'],0,1,True,True,True,True,True,True,29052200|29052910|29052990,KG
20142310,C20,Ethylene glycol (ethanediol),['29053100'],['KG'],1,True,15,15,['KG'],0,1,True,True,True,True,True,True,29053100,KG
20142320,C20,"Propylene glycol (propane-1,2-diol)",['29053200'],['KG'],1,True,15,15,['KG'],0,1,True,True,True,True,True,True,29053200,KG
20142333,C20,D-glucitol (sorbitol),"['29054411', '29054419', '29054491', '29054499']",['KG'],4,True,15,15,['KG'],0,1,True,True,True,True,True,True,29054411|29054419|29054491|29054499,KG
20142339,C20,"Diols and polyhydric alcohols (excluding ethylene glycol and propylene glycol, D-glucitol)",[],[],0,,8,8,['KG'],0,1,False,False,True,False,True,False,,
20142350,C20,"Halogenated, sulphonated, nitrated or nitrosated derivatives of acyclic alcohols","['29055100', '29055991', '29055998']",['KG'],3,True,15,15,['KG'],0,1,True,True,True,True,True,True,29055100|29055991|29055998,KG
20142360,C20,"Glycerol (including synthetic; excluding crude, waters and lyes)",['29054500'],['KG'],1,True,15,15,['KG'],0,1,True,True,True,True,True,True,29054500,KG
20142373,C20,"Cyclanic, cyclenic or cycloterpenic alcohols and their halogenated, sulphonated, nitrated or nitrosated derivatives","['29061100', '29061200', '29061310', '29061390', '29061900']",['KG'],5,True,15,15,['KG'],0,1,True,True,True,True,True,True,29061100|29061200|29061310|29061390|29061900,KG
20142375,C20,"Aromatic alcohols and their halogenated, sulphonated, nitrated or nitrosated derivatives","['29062100', '29062900']",['KG'],2,True,15,15,['KG'],0,1,True,True,True,True,True,True,29062100|29062900,KG
20142410,C20,Monophenols,"['29071100', '29071200', '29071300', '29071510', '29071590', '29071910', '29071990']",['KG'],7,True,15,15,['KG'],0,1,True,True,True,True,True,True,29071100|29071200|29071300|29071510|29071590|29071910|29071990,KG
20142433,C20,"4,4-Isopropylidenediphenol (bisphenol A; diphenylolpropane) and its salts",['29072300'],['KG'],1,True,15,15,['KG'],0,1,True,True,True,True,True,True,29072300,KG
20142439,C20,"Polyphenols (including salts; excluding 4,4 isopropylidenediphenol) and phenol-alcohols","['29072100', '29072200', '29072900']",['KG'],3,True,15,15,['KG'],0,1,True,True,True,True,True,True,29072100|29072200|29072900,KG
20142450,C20,"Halogenated, sulphonated, nitrated or nitrosated derivatives of phenols or phenol-alcohols","['29081100', '29081900', '29089100', '29089200', '29089900']",['KG'],5,True,15,15,['KG'],0,1,True,True,True,True,True,True,29081100|29081900|29089100|29089200|29089900,KG
20143120,C20,Industrial stearic acid,['38231100'],['KG'],1,True,15,15,['KG'],0,1,True,True,True,True,True,True,38231100,KG
20143130,C20,Industrial oleic acid,['38231200'],['KG'],1,True,15,15,['KG'],0,1,True,True,True,True,True,True,38231200,KG
20143150,C20,Industrial tall oil fatty acids,['38231300'],['KG'],1,True,15,15,['KG'],0,1,True,True,True,True,True,True,38231300,KG
20143195,C20,"Industrial monocarboxylic fatty acids distilled (excluding stearic, oleic tall oil)",['38231910'],['KG'],1,True,15,15,['KG'],0,1,True,True,True,True,True,True,38231910,KG
20143197,C20,"Industrial monocarboxylic fatty acids (excluding stearic, oleic, tall oil, distilled)","['38231930', '38231990']",['KG'],2,True,15,15,['KG'],0,1,True,True,True,True,True,True,38231930|38231990,KG
20143215,C20,Ethyl acetate,['29153100'],['KG'],1,True,15,15,['KG'],0,1,True,True,True,True,True,True,29153100,KG
20143219,C20,Esters of acetic acid (excluding ethyl acetate),"['29153200', '29153300', '29153600', '29153900']",['KG'],4,True,15,15,['KG'],0,1,True,True,True,True,True,True,29153200|29153300|29153600|29153900,KG
20143220,C20,"Mono-, di- or tri-chloroacetic acids; propionic, butanoic and pentanoic acids; their salts and esters","['29154000', '29155000', '29156011', '29156019', '29156090']",['KG'],5,True,15,15,['KG'],0,1,True,True,True,True,True,True,29154000|29155000|29156011|29156019|29156090,KG
20143230,C20,"Palmitic acid, its salts and esters",[],[],0,,1,1,['KG'],0,1,False,False,True,False,True,False,,
20143240,C20,"Stearic acid, its salts and esters",[],[],0,,1,1,['KG'],0,1,False,False,True,False,True,False,,
20143250,C20,"Formic acid, its salts and esters","['29151100', '29151200', '29151300']",['KG'],3,True,15,15,['KG'],0,1,True,True,True,True,True,True,29151100|29151200|29151300,KG
20143278,C20,Salts of acetic acid,['29152900'],['KG'],1,True,15,15,['KG'],0,1,True,True,True,True,True,True,29152900,KG
20143280,C20,Lauric acid and others; salts and esters,"['29159030', '29159070']",['KG'],2,True,15,15,['KG'],0,1,True,True,True,True,True,True,29159030|29159070,KG
20143310,C20,Acrylic acid and its salts and other monocarboxylic acid,"['29161100', '29161600', '29161910', '29161940', '29161995', '29162000']",['KG'],6,True,15,15,['KG'],0,1,True,True,True,True,True,True,29161100|29161600|29161910|29161940|29161995|29162000,KG
20143320,C20,Esters of acrylic acid,['29161200'],['KG'],1,True,15,15,['KG'],0,1,True,True,True,True,True,True,29161200,KG
20143330,C20,Methacrylic acid and its salts,['29161300'],['KG'],1,True,15,15,['KG'],0,1,True,True,True,True,True,True,29161300,KG
20143340,C20,Esters of methacrylic acid,['29161400'],['KG'],1,True,15,15,['KG'],0,1,True,True,True,True,True,True,29161400,KG
20143350,C20,"Oleic, linoleic or linolenic acids; their salts and esters",['29161500'],['KG'],1,True,15,15,['KG'],0,1,True,True,True,True,True,True,29161500,KG
20143363,C20,Benzoic acid; its salts and esters,['29163100'],['KG'],1,True,15,15,['KG'],0,1,True,True,True,True,True,True,29163100,KG
20143365,C20,Benzoyl peroxide and benzoyl chloride,['29163200'],['KG'],1,True,15,15,['KG'],0,1,True,True,True,True,True,True,29163200,KG
20143367,C20,Phenylacetic acid; its salts and esters,"['29163400', '29163910']",['KG'],2,True,14,14,['KG'],0,1,True,True,True,False,True,False,29163400|29163910,KG
20143370,C20,"Aromatic monocarboxylic acids, (anhydrides), halides, peroxides, peroxyacids, derivatives excluding benzoic acid, phenylacetic acids their salts/esters, benzoyl peroxide, benzoyl chloride",['29163990'],['KG'],1,True,15,15,['KG'],0,1,True,True,True,True,True,True,29163990,KG
20143383,C20,"Oxalic, azelaic, malonic, other, cyclanic, cylenic or cycloterpenic polycarboxylic acids, salts",[],[],0,,8,8,['KG'],0,1,False,False,True,False,True,False,,
20143385,C20,Adipic acid; its salts and esters,['29171200'],['KG'],1,True,15,15,['KG'],0,1,True,True,True,True,True,True,29171200,KG
20143387,C20,Maleic anhydride,['29171400'],['KG'],1,True,15,15,['KG'],0,1,True,True,True,True,True,True,29171400,KG
20143410,C20,Dibutyl and dioctyl orthophthalates,"['29173200', '29173400']",['KG'],2,False,15,15,['KG'],0,1,False,True,True,True,True,False,29173200|29173400,KG
20143420,C20,Other esters of orthophthalic acid,"['29173300', '29173400']",['KG'],2,False,15,15,['KG'],0,1,False,True,True,True,True,False,29173300|29173400,KG
20143430,C20,Phthalic anhydride; terephthalic acid and its salts,"['29173500', '29173600']",['KG'],2,True,15,15,['KG'],0,1,True,True,True,True,True,True,29173500|29173600,KG
20143440,C20,"Aromatic polycarboxylic acids, their anhydrides, halides, peroxides, peroxyacids and their halogenated, sulphonated, nitrated or nitrosated derivatives (excluding esters of orthophthalic acid, phthalic anhydride, terephthalic acid and its salts)","['29173700', '29173920', '29173995']",['KG'],3,True,15,15,['KG'],0,1,True,True,True,True,True,True,29173700|29173920|29173995,KG
20143473,C20,Citric acid and its salts and esters,"['29181400', '29181500']",['KG'],2,True,15,15,['KG'],0,1,True,True,True,True,True,True,29181400|29181500,KG
20143475,C20,"Carboxylic acid with alcohol, phenol, aldehyde or ketone functions","['29181100', '29181200', '29181300', '29181600', '29181700', '29181800', '29181930', '29181940', '29181998', '29182900', '29183000', '29189100', '29189940', '29189990']",['KG'],14,True,15,15,['KG'],0,1,True,True,True,True,True,True,29181100|29181200|29181300|29181600|29181700|29181800|29181930|29181940|29181998|29182900|29183000|29189100|29189940|29189990,KG
20144113,C20,Methylamine; di- or trimethylamine and their salts,['29211100'],['KG'],1,True,15,15,['KG'],0,1,True,True,True,True,True,True,29211100,KG
20144119,C20,Other acylic monoamines and their derivatives; salts thereof,"['29211200', '29211300', '29211400', '29211940', '29211950', '29211999']",['KG'],6,True,15,15,['KG'],0,1,True,True,True,True,True,True,29211200|29211300|29211400|29211940|29211950|29211999,KG
20144129,C20,Other acyclic polyamines and their derivatives; salts thereof,['29212900'],['KG'],1,True,15,15,['KG'],0,1,True,True,True,True,True,True,29212900,KG
20144130,C20,"Cyclanic, cyclenic or cycloterpenic mono- or polyamines, and their derivatives; salts thereof","['29213010', '29213091', '29213099']",['KG'],3,True,15,15,['KG'],0,1,True,True,True,True,True,True,29213010|29213091|29213099,KG
20144151,C20,Aniline and its salts (excluding derivatives),['29214100'],['KG'],1,True,15,15,['KG'],0,1,True,True,True,True,True,True,29214100,KG
20144153,C20,Aniline derivatives and their salts,['29214200'],['KG'],1,True,15,15,['KG'],0,1,True,True,True,True,True,True,29214200,KG
20144159,C20,Other aromatic monoamines and their derivatives; salts thereof,"['29214300', '29214400', '29214500', '29214600', '29214900']",['KG'],5,True,15,15,['KG'],0,1,True,True,True,True,True,True,29214300|29214400|29214500|29214600|29214900,KG
20144170,C20,Aromatic polyamines and their derivatives; salts thereof,"['29215111', '29215119', '29215190', '29215950', '29215990']",['KG'],5,True,15,15,['KG'],0,1,True,True,True,True,True,True,29215111|29215119|29215190|29215950|29215990,KG
20144233,C20,Monoethanolamine and its salts,['29221100'],['KG'],1,True,15,15,['KG'],0,1,True,True,True,True,True,True,29221100,KG
20144235,C20,Diethanolamine and its salts,['29221200'],['KG'],1,True,15,15,['KG'],0,1,True,True,True,True,True,True,29221200,KG
20144237,C20,Triethanolamine and its salts,[],[],0,,9,9,['KG'],0,1,False,False,True,False,True,False,,
20144239,C20,"Amino-alcohols, their ethers and esters with only 1 oxygen function and their salts (excluding monoethanolamine and its salts, diethanolamine and its salts, triethanolamine and its salts)",[],[],0,,9,9,['KG'],0,1,False,False,True,False,True,False,,
20144290,C20,"Oxygen-function amino-compounds (excluding amino-alcohols, their esters and ethers and salts thereof, lysine and its salts and esters, glutamic acid its salts and esters)","['29222100', '29222900', '29223100', '29223900', '29224300', '29224400', '29224920', '29224985', '29225000']",['KG'],9,True,15,15,['KG'],0,1,True,True,True,True,True,True,29222100|29222900|29223100|29223900|29224300|29224400|29224920|29224985|29225000,KG
20144310,C20,Ureines and their derivatives; salts thereof,['29242100'],['KG'],1,True,15,15,['KG'],0,1,True,True,True,True,True,True,29242100,KG
20144320,C20,Saccharin and its salts,['29251100'],['KG'],1,True,15,15,['KG'],0,1,True,True,True,True,True,True,29251100,KG
20144330,C20,"Imides and their derivatives, and salts thereof (excluding saccharin and its salts)","['29251200', '29251920', '29251995']",['KG'],3,True,15,15,['KG'],0,1,True,True,True,True,True,True,29251200|29251920|29251995,KG
20144340,C20,Imines and their derivatives; and salts thereof,"['29252100', '29252900']",['KG'],2,True,15,15,['KG'],0,1,True,True,True,True,True,True,29252100|29252900,KG
20144350,C20,Acrylonitrile,['29261000'],['KG'],1,True,15,15,['KG'],0,1,True,True,True,True,True,True,29261000,KG
20144360,C20,1-Cyanoguanidine (dicyandiamide),['29262000'],['KG'],1,True,15,15,['KG'],0,1,True,True,True,True,True,True,29262000,KG
20144370,C20,"Nitrile-function compounds (excluding acrylonitrile, 1-cyanoguanidine (dicyandiamide))","['29263000', '29264000', '29269020', '29269070']",['KG'],4,True,15,15,['KG'],0,1,True,True,True,True,True,True,29263000|29264000|29269020|29269070,KG
20144420,C20,"Diazo-, azo- or azoxy-compounds",['29270000'],['KG'],1,True,15,15,['KG'],0,1,True,True,True,True,True,True,29270000,KG
20144430,C20,Organic derivatives of hydrazine or of hydroxylamine,"['29280010', '29280090']",['KG'],2,True,15,15,['KG'],0,1,True,True,True,True,True,True,29280010|29280090,KG
20144450,C20,Isocyanates,['29291000'],['KG'],1,True,15,15,['KG'],0,1,True,True,True,True,True,True,29291000,KG
20144490,C20,Compounds with other nitrogen function (excluding isocyanates),['29299000'],['KG'],1,True,15,15,['KG'],0,1,True,True,True,True,True,True,29299000,KG
20145133,C20,"Thiocarbamates and dithiocarbamates; thiuram mono-, di- or tetrasulphides; methionine","['29302000', '29303000', '29304010', '29304090']",['KG'],4,True,15,15,['KG'],0,1,True,True,True,True,True,True,29302000|29303000|29304010|29304090,KG
20145139,C20,Other organo-sulphur compounds,"['29301000', '29306000', '29307000', '29308000', '29309013', '29309016', '29309030', '29309040', '29309050', '29309098']",['KG'],10,True,15,15,['KG'],0,1,True,True,True,True,True,True,29301000|29306000|29307000|29308000|29309013|29309016|29309030|29309040|29309050|29309098,KG
20145150,C20,Organo-inorganic compounds (excluding organo-sulphur compounds),[],[],0,,7,7,['KG'],0,1,False,False,True,False,True,False,,
20145210,C20,Heterocyclic compounds with oxygen only hetero-atom(s) (including coumarin; methylcoumarins and ethylcoumarins) (excluding other lactones),[],[],0,,4,4,['KG'],0,1,False,False,True,False,True,False,,
20145230,C20,Heterocyclic compounds with nitrogen only hetero-atom(s); containing an unfused imidazole ring (excluding hydantoin and its derivatives),"['29332910', '29332990']",['KG'],2,True,15,15,['KG'],0,1,True,True,True,True,True,True,29332910|29332990,KG
20145260,C20,Melamine,['29336100'],['KG'],1,True,15,15,['KG'],0,1,True,True,True,True,True,True,29336100,KG
20145280,C20,"Compounds containing in the structure an unfused pyridine ring or a quinoline or isoquinoline ring-system, not further fused; lactames; other heterocyclic compounds with nitrogen hetero-atom(s) only (excluding compounds containing in the structure an unfused pyrazole ring, an unfused imidazole ring, a pyrimidine ring, a piperazine ring or an unfused triazine ring)","['29333100', '29333200', '29333300', '29333400', '29333500', '29333600', '29333700', '29333910', '29333920', '29333925', '29333935', '29333940', '29333945', '29333950', '29333955', '29333999', '29334100', '29334910', '29334930', '29334990', '29337100', '29337200', '29337900', '29339110', '29339190', '29339200', '29339920', '29339950', '29339980']",['KG'],29,True,15,15,['KG'],0,1,True,True,True,True,True,True,29333100|29333200|29333300|29333400|29333500|29333600|29333700|29333910|29333920|29333925|29333935|29333940|29333945|29333950|29333955|29333999|29334100|29334910|29334930|29334990|29337100|29337200|29337900|29339110|29339190|29339200|29339920|29339950|29339980,KG
20145290,C20,"Nucleic acids and other heterocyclic compounds - thiazole, benzothiazole, other cycles","['29341000', '29342020', '29342080', '29349100', '29349200', '29349960', '29349990', '29398000']",['KG'],8,True,15,15,['KG'],0,1,True,True,True,True,True,True,29341000|29342020|29342080|29349100|29349200|29349960|29349990|29398000,KG
20145350,C20,Phosphoric esters; and their salts (including lactophosphates; their halogenated; sulphonated; nitrated or nitrosated derivatives),"['29191000', '29199000']",['KG'],2,True,15,15,['KG'],0,1,True,True,True,True,True,True,29191000|29199000,KG
20145380,C20,"Esters of other inorganic acids of non-metals (excluding esters of hydrogen halides) and their salts; their halogenated, sulphonated, nitrated or nitrosated derivatives","['29201100', '29201900', '29202100', '29202200', '29202300', '29202400', '29202900', '29203000', '29209010', '29209070']",['KG'],10,True,15,15,['KG'],0,1,True,True,True,True,True,True,29201100|29201900|29202100|29202200|29202300|29202400|29202900|29203000|29209010|29209070,KG
20146111,C20,Methanal (formaldehyde),['29121100'],['KG'],1,True,15,15,['KG'],0,1,True,True,True,True,True,True,29121100,KG
20146113,C20,Ethanal (acetaldehyde),['29121200'],['KG'],1,True,15,15,['KG'],0,1,True,True,True,True,True,True,29121200,KG
20146115,C20,Butanal (butyraldehyde; normal isomer),['29121900'],['KG'],1,False,15,15,['KG'],0,1,False,True,True,True,True,False,29121900,KG
20146119,C20,"Acyclic aldehydes, without other oxygen function (excluding methanal (formaldehyde), ethanal (acetaldehyde), butanal (butyraldehyde; normal isomer))",['29121900'],['KG'],1,False,15,15,['KG'],0,1,False,True,True,True,True,False,29121900,KG
20146120,C20,Cyclic aldehydes; without other oxygen function,"['29122100', '29122900']",['KG'],2,True,15,15,['KG'],0,1,True,True,True,True,True,True,29122100|29122900,KG
20146130,C20,Aldehyde-alcohols,[],[],0,,4,4,['KG'],0,1,False,False,True,False,True,False,,
20146150,C20,Cyclic polymers of aldehydes,['29125000'],['KG'],1,True,15,15,['KG'],0,1,True,True,True,True,True,True,29125000,KG
20146160,C20,Paraformaldehyde,['29126000'],['KG'],1,True,15,15,['KG'],0,1,True,True,True,True,True,True,29126000,KG
20146170,C20,"Halogenated, sulphonated, nitrated or nitrosated derivatives of cyclic polymers of aldehydes or paraformaldehyde",['29130000'],['KG'],1,True,15,15,['KG'],0,1,True,True,True,True,True,True,29130000,KG
20146211,C20,Acetone,['29141100'],['KG'],1,True,15,15,['KG'],0,1,True,True,True,True,True,True,29141100,KG
20146213,C20,Butanone (methyl ethyl ketone),['29141200'],['KG'],1,True,15,15,['KG'],0,1,True,True,True,True,True,True,29141200,KG
20146215,C20,4-Methylpentan-2-one (methyl isobutyl ketone),['29141300'],['KG'],1,True,14,14,['KG'],0,1,True,True,True,False,True,False,29141300,KG
20146219,C20,"Acyclic ketones; without other oxygen function (excluding acetone, butanone (methyl ethyl ketone), 4-methylpentan-2-one (methyl isobutyl ketone))","['29141910', '29141990']",['KG'],2,True,15,15,['KG'],0,1,True,True,True,True,True,True,29141910|29141990,KG
20146231,C20,Camphor; aromatic ketones without other oxygen function; ketone-alcohols; ketone-aldehydes; ketone-phenols and ketones with other oxygen function,"['29142900', '29143100', '29143900', '29144010', '29144090', '29145000']",['KG'],6,False,15,15,['KG'],0,1,False,True,True,True,True,False,29142900|29143100|29143900|29144010|29144090|29145000,KG
20146233,C20,Cyclohexanone and methylcyclohexanones,['29142200'],['KG'],1,True,15,15,['KG'],0,1,True,True,True,True,True,True,29142200,KG
20146235,C20,Ionones and methylionones,['29142300'],['KG'],1,True,15,15,['KG'],0,1,True,True,True,True,True,True,29142300,KG
20146239,C20,"Cyclanic, cyclenic or cycloterpenic ketones without other oxygen function (excluding camphor, cyclohexanone and methylcyclohexanones, ionones and methylionones)",['29142900'],['KG'],1,False,15,15,['KG'],0,1,False,True,True,True,True,False,29142900,KG
20146260,C20,Quinones,"['29146100', '29146200', '29146910', '29146980']",['KG'],4,True,15,15,['KG'],0,1,True,True,True,True,True,True,29146100|29146200|29146910|29146980,KG
20146270,C20,Halogenated; sulphonated; nitrated or nitrosated derivatives of ketones and quinones,"['29147100', '29147900']",['KG'],2,True,15,15,['KG'],0,1,True,True,True,True,True,True,29147100|29147900,KG
20146310,C20,"Acyclic ethers and their halogenated, sulphonated, nitrated or nitrosated derivatives","['29091100', '29091910', '29091990']",['KG'],3,True,15,15,['KG'],0,1,True,True,True,True,True,True,29091100|29091910|29091990,KG
20146323,C20,"Cyclanic, cyclenic or cycloterpenic ethers and their halogenated, sulphonated, nitrated or nitrosated derivatives",['29092000'],['KG'],1,True,15,15,['KG'],0,1,True,True,True,True,True,True,29092000,KG
20146325,C20,"Aromatic ethers and their halogenated, sulphonated, nitrated or nitrosated derivatives","['29093010', '29093031', '29093035', '29093038', '29093090']",['KG'],5,True,15,15,['KG'],0,1,True,True,True,True,True,True,29093010|29093031|29093035|29093038|29093090,KG
20146333,C20,"2,2-Oxydiethanol (diethylene glycol; digol)",['29094100'],['KG'],1,True,15,15,['KG'],0,1,True,True,True,True,True,True,29094100,KG
20146339,C20,"Ether-alcohols and their halogenated, sulphonated, nitrated or nitrosated derivatives (excluding 2,2-Oxydiethanol)","['29094300', '29094400', '29094911', '29094980']",['KG'],4,True,15,15,['KG'],0,1,True,True,True,True,True,True,29094300|29094400|29094911|29094980,KG
20146350,C20,"Ether-phenols; ether-alcohol-phenols and their halogenated, sulphonated, nitrated or nitrosated derivatives",['29095000'],['KG'],1,True,15,15,['KG'],0,1,True,True,True,True,True,True,29095000,KG
20146360,C20,"Alcohol, ether and ketone peroxides and their halogenated, sulphonated, nitrated or nitrosated derivatives",[],[],0,,14,14,['KG'],0,1,False,False,True,False,True,False,,
20146373,C20,Oxirane (ethylene oxide),['29101000'],['KG'],1,True,15,15,['KG'],0,1,True,True,True,True,True,True,29101000,KG
20146375,C20,Methyloxirane (propylene oxide),['29102000'],['KG'],1,True,15,15,['KG'],0,1,True,True,True,True,True,True,29102000,KG
20146379,C20,"Epoxides, epoxyalcohols, -phenols, epoxyethers, with a 3-membered ring and their halogenated, sulphonated, nitrated/nitrosated derivatives excluding oxirane, methyloxirane (propylene oxide)","['29103000', '29104000', '29105000', '29109000']",['KG'],4,True,15,15,['KG'],0,1,True,True,True,True,True,True,29103000|29104000|29105000|29109000,KG
20146380,C20,Acetals and hemiacetals and their halogenated; sulphonated; nitrated or nitrosated derivatives,[],[],0,,14,14,['KG'],0,1,False,False,True,False,True,False,,
20146430,C20,"Other organic compounds, n.e.c.",['29420000'],['KG'],1,True,15,15,['KG'],0,1,True,True,True,True,True,True,29420000,KG
20146450,C20,Rennet and concentrates thereof,['35071000'],['KG'],1,True,15,15,['KG'],0,1,True,True,True,True,True,True,35071000,KG
20146470,C20,Enzymes; prepared enzymes (not elsewhere specified or included) (excluding rennet and concentrates),"['35079030', '35079090']",['KG'],2,True,15,15,['KG'],0,1,True,True,True,True,True,True,35079030|35079090,KG
20147120,C20,Activated natural mineral products; animal black,['38029000'],['KG'],1,True,15,15,['KG'],0,1,True,True,True,True,True,True,38029000,KG
20147130,C20,Tall oil; whether or not refined,"['38030010', '38030090']",['KG'],2,True,15,15,['KG'],0,1,True,True,True,True,True,True,38030010|38030090,KG
20147140,C20,"Gum, wood or sulphate turpentine oils, pine oil and other alike","['38051010', '38051030', '38051090', '38059010', '38059090']",['KG'],5,True,15,15,['KG'],0,1,True,True,True,True,True,True,38051010|38051030|38051090|38059010|38059090,KG
20147150,C20,Rosin and resin acids; and derivatives; rosin spirit and oils; run gums,"['38061000', '38062000', '38063000', '38069000']",['KG'],4,True,15,15,['KG'],0,1,True,True,True,True,True,True,38061000|38062000|38063000|38069000,KG
20147170,C20,"Wood tar; wood tar oils; wood creosote; wood naphtha; vegetable pitch; brewers’ pitch and similar preparations based on rosin, resin acids or on vegetable pitch","['38070010', '38070090']",['KG'],2,True,15,15,['KG'],0,1,True,True,True,True,True,True,38070010|38070090,KG
20147200,C20,Wood charcoal whether or not agglomerated (including shell or nut charcoal),"['44021000', '44022000', '44029000']",['KG'],3,True,15,15,['KG'],0,1,True,True,True,True,True,True,44021000|44022000|44029000,KG
20147320,C20,"Benzol (benzene), toluol (toluene) and xylol (xylenes)","['27071000', '27072000', '27073000']",['KG'],3,True,15,15,['KG'],0,1,True,True,True,True,True,True,27071000|27072000|27073000,KG
20147340,C20,"Naphthalene and other aromatic hydrocarbon mixtures (excluding benzene, toluene, xylene)","['27074000', '27075000']",['KG'],2,True,15,15,['KG'],0,1,True,True,True,True,True,True,27074000|27075000,KG
20147360,C20,Phenols,['27079980'],['KG'],1,True,15,15,['KG'],0,1,True,True,True,True,True,True,27079980,KG
20147390,C20,"Other oils and oil products, n.e.c.","['27079100', '27079911', '27079919', '27079920', '27079950', '27079991', '27079999']",['KG'],7,True,15,15,['KG'],0,1,True,True,True,True,True,True,27079100|27079911|27079919|27079920|27079950|27079991|27079999,KG
20147400,C20,Undenatured ethyl alcohol of an alcoholic strength by volume >= 80 % (important: excluding alcohol duty),['22071000'],['L'],1,True,15,15,['L'],0,1,True,False,False,True,True,False,22071000,L
20147500,C20,Denatured ethyl alcohol and other denatured spirits; of any strength,['22072000'],['L'],1,True,15,15,['L'],0,1,True,False,False,True,True,False,22072000,L
20151050,C20,Nitric acid; sulphonitric acids,['28080000'],['KG_N'],1,True,15,15,['KG_N'],0,1,True,False,False,True,True,False,28080000,KG_N
20151075,C20,Anhydrous ammonia,['28141000'],['KG_N'],1,True,15,15,['KG_N'],0,1,True,False,False,True,True,False,28141000,KG_N
20151077,C20,Ammonia in aqueous solution,['28142000'],['KG_N'],1,True,15,15,['KG_N'],0,1,True,False,False,True,True,False,28142000,KG_N
20152030,C20,Ammonium chloride,['28271000'],['KG'],1,True,15,15,['KG'],0,1,True,True,True,True,True,True,28271000,KG
20152080,C20,Nitrites,['28341000'],['KG_N'],1,True,15,15,['KG_N'],0,1,True,False,False,True,True,False,28341000,KG_N
20153130,C20,Urea containing > 45 % by weight of nitrogen on the dry anhydrous product (excluding in tablets or similar forms or in packages of a weight of <= 10 kg),['31021010'],['KG_N'],1,True,15,15,['KG_N'],0,1,True,False,False,True,True,False,31021010,KG_N
20153180,C20,Urea containing <= 45 % by weight of nitrogen on the dry anhydrous product (excluding in tablets or similar forms or in packages of a weight of <= 10 kg),['31021090'],['KG_N'],1,True,15,15,['KG_N'],0,1,True,False,False,True,True,False,31021090,KG_N
20153200,C20,Ammonium sulphate (excluding in tablets or similar forms or in packages of a weight of <= 10 kg),['31022100'],['KG_N'],1,True,15,15,['KG_N'],0,1,True,False,False,True,True,False,31022100,KG_N
20153300,C20,Ammonium nitrate (excluding in tablets or similar forms or in packages of a weight of <= 10 kg),"['31023010', '31023090']",['KG_N'],2,True,15,15,['KG_N'],0,1,True,False,False,True,True,False,31023010|31023090,KG_N
20153400,C20,Double salts and mixtures of calcium nitrate and ammonium nitrate (excluding in tablets or similar forms or in packages of a weight of <= 10 kg),['31026000'],['KG_N'],1,True,15,15,['KG_N'],0,1,True,False,False,True,True,False,31026000,KG_N
20153530,C20,"Mixtures of ammonium nitrate with calcium carbonate, <= 28 % nitrogen by weight",['31024010'],['KG_N'],1,True,15,15,['KG_N'],0,1,True,False,False,True,True,False,31024010,KG_N
20153580,C20,"Mixtures of ammonium nitrate with calcium carbonate, > 28 % nitrogen by weight",['31024090'],['KG_N'],1,True,15,15,['KG_N'],0,1,True,False,False,True,True,False,31024090,KG_N
20153930,C20,Double salts and mixtures of ammonium sulphate and ammonium nitrate (excluding in tablets or similar forms or in packages of a weight of <= 10 kg),['31022900'],['KG_N'],1,True,15,15,['KG_N'],0,1,True,False,False,True,True,False,31022900,KG_N
20153960,C20,Mixtures of urea and ammonium nitrate in aqueous or ammoniacal solution (excluding in tablets or similar forms or in packages of a weight of <= 10 kg),[],[],0,,8,8,['KG_N'],0,1,False,False,False,False,True,False,,
20153990,C20,"Mineral or chemical fertilisers, nitrogenous, n.e.c.",['31029000'],['KG_N'],1,True,15,15,['KG_N'],0,1,True,False,False,True,True,False,31029000,KG_N
20154100,C20,"Superphosphates (excluding potassic, in tablets or similar forms or in packages of a weight of <= 10 kg)","['31031100', '31031900']",['KG_P2O5'],2,True,15,15,['KG_P2O5'],0,1,True,False,False,True,True,False,31031100|31031900,KG_P2O5
20154900,C20,"Mineral or chemical fertilisers, phosphatic n.e.c.",['31039000'],['KG_P2O5'],1,True,15,15,['KG_P2O5'],0,1,True,False,False,True,True,False,31039000,KG_P2O5
20155100,C20,Potassium chloride (excluding in tablets or similar forms or in packages of a weight of <= 10 kg),"['31042010', '31042050', '31042090']",['KG'],3,True,15,15,"['KG', 'KG_K2O']",0,1,True,True,False,True,True,False,31042010|31042050|31042090,KG
20155200,C20,Potassium sulphate (excluding in tablets or similar forms or in packages of a weight of <= 10 kg),['31043000'],['KG_K2O'],1,True,15,15,['KG_K2O'],0,1,True,False,False,True,True,False,31043000,KG_K2O
20155900,C20,"Mineral or chemical fertilisers, potassic, n.e.c.",['31049000'],['KG_K2O'],1,True,15,15,['KG_K2O'],0,1,True,False,False,True,True,False,31049000,KG_K2O
20156000,C20,Sodium nitrate,['31025000'],['KG'],1,True,15,15,['KG'],0,1,True,True,True,True,True,True,31025000,KG
20157130,C20,"Fertilizers containing nitrogen, phosphorus and potassium, > 10% nitrogen",[],[],0,,3,3,['KG'],0,1,False,False,True,False,True,False,,
20157180,C20,"Fertilizers containing nitrogen, phosphorus and potassium, <= 10% nitrogen",[],[],0,,3,3,['KG'],0,1,False,False,True,False,True,False,,
20157200,C20,Diammonium hydrogenorthophosphate (diammonium phosphate) (excluding in tablets or similar forms or in packages of a weight of <= 10 kg),['31053000'],['KG'],1,True,15,15,['KG'],0,1,True,True,True,True,True,True,31053000,KG
20157300,C20,Ammonium dihydrogenorthophosphate (monoammonium phosphate),['31054000'],['KG'],1,True,15,15,['KG'],0,1,True,True,True,True,True,True,31054000,KG
20157400,C20,Other mineral or chemical fertilisers containing the two fertilising elements nitrogen and phosphorus,"['31055100', '31055900']",['KG'],2,True,15,15,['KG'],0,1,True,True,True,True,True,True,31055100|31055900,KG
20157500,C20,Mineral or chemical fertilisers containing the two fertilising elements phosphorus and potassium,['31056000'],['KG'],1,True,15,15,['KG'],0,1,True,True,True,True,True,True,31056000,KG
20157600,C20,Nitrates of potassium,['28342100'],['KG_N'],1,True,15,15,['KG_N'],0,1,True,False,False,True,True,False,28342100,KG_N
20157930,C20,Fertilisers in tablets or similar forms or in packages of a gross weight of <= 10 kg),['31051000'],['KG'],1,True,15,15,['KG'],0,1,True,True,True,True,True,True,31051000,KG
20157980,C20,"Other fertilisers, n.e.c.","['31059020', '31059080']",['KG'],2,True,15,15,['KG'],0,1,True,True,True,True,True,True,31059020|31059080,KG
20158000,C20,Animal or vegetable fertilisers,['31010000'],['KG'],1,True,15,15,['KG'],0,1,True,True,True,True,True,True,31010000,KG
20161035,C20,"Linear polyethylene having a specific gravity < 0,94, in primary forms",['39011010'],['KG'],1,True,15,15,['KG'],0,1,True,True,True,True,True,True,39011010,KG
20161039,C20,"Polyethylene having a specific gravity < 0,94, in primary forms (excluding linear)",['39011090'],['KG'],1,True,15,15,['KG'],0,1,True,True,True,True,True,True,39011090,KG
20161050,C20,"Polyethylene having a specific gravity of >= 0,94, in primary forms","['39012010', '39012090']",['KG'],2,True,15,15,['KG'],0,1,True,True,True,True,True,True,39012010|39012090,KG
20161070,C20,"Ethylene-vinyl acetate copolymers, in primary forms",['39013000'],['KG'],1,True,15,15,['KG'],0,1,True,True,True,True,True,True,39013000,KG
20161090,C20,"Polymers of ethylene, in primary forms (excluding polyethylene, ethylene-vinyl acetate copolymers)","['39014000', '39019030', '39019080']",['KG'],3,True,15,15,['KG'],0,1,True,True,True,True,True,True,39014000|39019030|39019080,KG
20162035,C20,"Expansible polystyrene, in primary forms",['39031100'],['KG'],1,True,15,15,['KG'],0,1,True,True,True,True,True,True,39031100,KG
20162039,C20,"Polystyrene, in primary forms (excluding expansible polystyrene)",['39031900'],['KG'],1,True,15,15,['KG'],0,1,True,True,True,True,True,True,39031900,KG
20162050,C20,"Styrene-acrylonitrile (SAN) copolymers, in primary forms",['39032000'],['KG'],1,True,15,15,['KG'],0,1,True,True,True,True,True,True,39032000,KG
20162070,C20,"Acrylonitrile-butadiene-styrene (ABS) copolymers, in primary forms",['39033000'],['KG'],1,True,15,15,['KG'],0,1,True,True,True,True,True,True,39033000,KG
20162090,C20,"Polymers of styrene, in primary forms (excluding polystyrene, styrene-acrylonitrile (SAN) copolymers, acrylonitrile-butadiene-styrene (ABS) copolymers)","['39039010', '39039020', '39039090']",['KG'],3,True,15,15,['KG'],0,1,True,True,True,True,True,True,39039010|39039020|39039090,KG
20163010,C20,"Polyvinyl chloride, not mixed with any other substances, in primary forms",['39041000'],['KG'],1,True,15,15,['KG'],0,1,True,True,True,True,True,True,39041000,KG
20163023,C20,"Non-plasticised polyvinyl chloride mixed with any other substance, in primary forms",['39042100'],['KG'],1,True,15,15,['KG'],0,1,True,True,True,True,True,True,39042100,KG
20163025,C20,"Plasticised polyvinyl chloride mixed with any other substance, in primary forms",['39042200'],['KG'],1,True,15,15,['KG'],0,1,True,True,True,True,True,True,39042200,KG
20163040,C20,"Vinyl chloride-vinyl acetate copolymers and other vinyl chloride copolymers, in primary forms","['39043000', '39044000']",['KG'],2,True,15,15,['KG'],0,1,True,True,True,True,True,True,39043000|39044000,KG
20163060,C20,Fluoropolymers,"['39046100', '39046910', '39046920', '39046980']",['KG'],4,True,15,15,['KG'],0,1,True,True,True,True,True,True,39046100|39046910|39046920|39046980,KG
20163090,C20,"Polymers of halogenated olefins, in primary forms, n.e.c.","['39045010', '39045090', '39049000']",['KG'],3,True,15,15,['KG'],0,1,True,True,True,True,True,True,39045010|39045090|39049000,KG
20164013,C20,"Polyacetals, in primary forms",['39071000'],['KG'],1,True,15,15,['KG'],0,1,True,True,True,True,True,True,39071000,KG
20164015,C20,"Polyethylene glycols and other polyether alcohols, in primary forms","['39072100', '39072911', '39072920']",['KG'],3,True,15,15,['KG'],0,1,True,True,True,True,True,True,39072100|39072911|39072920,KG
20164020,C20,"Polyethers, in primary forms (excluding polyacetals, polyether alcohols)","['39072991', '39072999']",['KG'],2,True,15,15,['KG'],0,1,True,True,True,True,True,True,39072991|39072999,KG
20164030,C20,"Epoxide resins, in primary forms",['39073000'],['KG'],1,True,15,15,['KG'],0,1,True,True,True,True,True,True,39073000,KG
20164040,C20,"Polycarbonates, in primary forms",['39074000'],['KG'],1,True,15,15,['KG'],0,1,True,True,True,True,True,True,39074000,KG
20164050,C20,"Alkyd resins, in primary forms",['39075000'],['KG'],1,True,15,15,['KG'],0,1,True,True,True,True,True,True,39075000,KG
20164062,C20,Polyethylene terephthalate in primary forms having a viscosity number of >= 78 ml/g,['39076100'],['KG'],1,True,15,15,['KG'],0,1,True,True,True,True,True,True,39076100,KG
20164064,C20,Other polyethylene terephthalate in primary forms,['39076900'],['KG'],1,True,15,15,['KG'],0,1,True,True,True,True,True,True,39076900,KG
20164070,C20,"Unsaturated liquid polyesters, in primary forms (excluding polyacetals, polyethers, epoxide resins, polycarbonates, alkyd resins, polyethylene terephthalate)",['39079110'],['KG'],1,True,15,15,['KG'],0,1,True,True,True,True,True,True,39079110,KG
20164080,C20,"Unsaturated polyesters, in primary forms (excluding liquid polyesters, polyacetals, polyethers, epoxide resins, polycarbonates, alkyd resins, polyethylene terephthalate)",['39079190'],['KG'],1,True,15,15,['KG'],0,1,True,True,True,True,True,True,39079190,KG
20164090,C20,"Polyesters, in primary forms (excluding polyacetals, polyethers, epoxide resins, polycarbonates, alkyd resins, polyethylene terephthalate, other unsaturated polyesters)","['39077000', '39079905', '39079910', '39079980']",['KG'],4,True,15,15,['KG'],0,1,True,True,True,True,True,True,39077000|39079905|39079910|39079980,KG
20165130,C20,"Polypropylene, in primary forms",['39021000'],['KG'],1,True,15,15,['KG'],0,1,True,True,True,True,True,True,39021000,KG
20165150,C20,"Polymers of propylene or of other olefins, in primary forms (excluding polypropylene)","['39022000', '39023000', '39029010', '39029020', '39029090']",['KG'],5,True,15,15,['KG'],0,1,True,True,True,True,True,True,39022000|39023000|39029010|39029020|39029090,KG
20165230,C20,"Polymers of vinyl acetate, in aqueous dispersion, in primary forms","['39051200', '39052100']",['KG'],2,True,15,15,['KG'],0,1,True,True,True,True,True,True,39051200|39052100,KG
20165250,C20,"Polymers of vinyl acetate, in primary forms (excluding in aqueous dispersion)","['39051900', '39052900']",['KG'],2,True,15,15,['KG'],0,1,True,True,True,True,True,True,39051900|39052900,KG
20165270,C20,"Polymers of vinyl esters or other vinyl polymers, in primary forms (excluding vinyl acetate)","['39053000', '39059100', '39059910', '39059990']",['KG'],4,True,15,15,['KG'],0,1,True,True,True,True,True,True,39053000|39059100|39059910|39059990,KG
20165350,C20,"Polymethyl methacrylate, in primary forms",['39061000'],['KG'],1,True,15,15,['KG'],0,1,True,True,True,True,True,True,39061000,KG
20165390,C20,"Acrylic polymers, in primary forms (excluding polymethyl methacrylate)","['39069010', '39069020', '39069030', '39069040', '39069050', '39069060', '39069090']",['KG'],7,True,15,15,['KG'],0,1,True,True,True,True,True,True,39069010|39069020|39069030|39069040|39069050|39069060|39069090,KG
20165450,C20,"Polyamide -6, -11, -12, -6,6, -6,9, -6,10 or -6,12, in primary forms",['39081000'],['KG'],1,True,15,15,['KG'],0,1,True,True,True,True,True,True,39081000,KG
20165490,C20,"Polyamides, in primary forms (excluding polyamide -6, -11, -12, -6,6, -6,9, -6,10 or -6,12)",['39089000'],['KG'],1,True,15,15,['KG'],0,1,True,True,True,True,True,True,39089000,KG
20165550,C20,"Urea resins and thiourea resins, in primary forms",['39091000'],['KG'],1,True,15,15,['KG'],0,1,True,True,True,True,True,True,39091000,KG
20165570,C20,"Melamine resins, in primary forms",['39092000'],['KG'],1,True,15,15,['KG'],0,1,True,True,True,True,True,True,39092000,KG
20165630,C20,"Amino resins, in primary forms (excluding urea and thiourea resins, melamine resins)","['39093100', '39093900']",['KG'],2,True,15,15,['KG'],0,1,True,True,True,True,True,True,39093100|39093900,KG
20165650,C20,"Phenolic resins, in primary forms",['39094000'],['KG'],1,True,15,15,['KG'],0,1,True,True,True,True,True,True,39094000,KG
20165670,C20,"Polyurethanes, in primary forms","['39095010', '39095090']",['KG'],2,True,15,15,['KG'],0,1,True,True,True,True,True,True,39095010|39095090,KG
20165700,C20,"Silicones, in primary forms",['39100000'],['KG'],1,True,15,15,['KG'],0,1,True,True,True,True,True,True,39100000,KG
20165920,C20,"Petroleum resins, coumarone-indene resins, polyterpenes, polysulphides, polysulphones, etc., n.e.c., in primary forms","['39111000', '39112000', '39119011', '39119013', '39119019', '39119092', '39119099']",['KG'],7,True,15,15,['KG'],0,1,True,True,True,True,True,True,39111000|39112000|39119011|39119013|39119019|39119092|39119099,KG
20165940,C20,"Cellulose and its chemical derivatives, n.e.c., in primary forms",[],[],0,,11,11,['KG'],0,1,False,False,True,False,True,False,,
20165960,C20,"Natural and modified natural polymers, in primary forms (including alginic acid, hardened proteins, chemical derivatives of natural rubber)",[],[],0,,11,11,['KG'],0,1,False,False,True,False,True,False,,
20165970,C20,"Ion-exchangers based on synthetic or natural polymers, in primary forms",['39140000'],['KG'],1,True,15,15,['KG'],0,1,True,True,True,True,True,True,39140000,KG
20171050,C20,Synthetic latex rubber,"['40021100', '40024100', '40025100', '40029100']",['KG'],4,True,15,15,['KG'],0,1,True,True,True,True,True,True,40021100|40024100|40025100|40029100,KG
20171090,C20,Synthetic rubber (excluding latex),"['40021910', '40021920', '40021930', '40021990', '40022000', '40023100', '40023900', '40024900', '40025900', '40026000', '40027000', '40028000', '40029910', '40029990']",['KG'],14,True,15,15,['KG'],0,1,True,True,True,True,True,True,40021910|40021920|40021930|40021990|40022000|40023100|40023900|40024900|40025900|40026000|40027000|40028000|40029910|40029990,KG
20201130,C20,"Insecticides based on chlorinated hydrocarbons, put up in forms or packings for retail sale or as preparations or articles (excluding hazardous pesticides)",[],[],0,,9,9,['KG_ACT_SUBST'],0,1,False,False,False,False,True,False,,
20201140,C20,"Insecticides based on carbamates, put up in forms or packings for retail sale or as preparations or articles (excluding hazardous pesticides)",[],[],0,,9,9,['KG_ACT_SUBST'],0,1,False,False,False,False,True,False,,
20201150,C20,"Insecticides based on organophosphorus products, put up in forms or packings for retail sale or as preparations or articles (excluding hazardous pesticides)",[],[],0,,9,9,['KG_ACT_SUBST'],0,1,False,False,False,False,True,False,,
20201160,C20,"Insecticides based on pyrethroids, put up in forms or packings for retail sale or as preparations or articles (excluding hazardous pesticides)",[],[],0,,9,9,['KG_ACT_SUBST'],0,1,False,False,False,False,True,False,,
20201190,C20,Other insecticides (excluding hazardous pesticides),[],[],0,,8,8,['KG_ACT_SUBST'],0,1,False,False,False,False,True,False,,
20201220,C20,"Herbicides based on phenoxy-phytohormone products, put up in forms or packings for retail sale or as preparations or articles (excluding hazardous pesticides)",['38089311'],['KG_ACT_SUBST'],1,True,15,15,"['KG ACT. SUBST.', 'KG_ACT_SUBST']",0,1,True,False,False,True,True,False,38089311,KG_ACT_SUBST
20201230,C20,"Herbicides based on triazines, put up in forms or packings for retail sale or as preparations or articles (excluding hazardous pesticides)",['38089313'],['KG_ACT_SUBST'],1,True,15,15,"['KG ACT. SUBST.', 'KG_ACT_SUBST']",0,1,True,False,False,True,True,False,38089313,KG_ACT_SUBST
20201240,C20,"Herbicides based on amides, put up in forms or packings for retail sale or as preparations or articles (excluding hazardous pesticides)",['38089315'],['KG_ACT_SUBST'],1,True,15,15,"['KG ACT. SUBST.', 'KG_ACT_SUBST']",0,1,True,False,False,True,True,False,38089315,KG_ACT_SUBST
20201250,C20,"Herbicides based on carbamates, put up in forms or packings for retail sale or as preparations or articles (excluding hazardous pesticides)",['38089317'],['KG_ACT_SUBST'],1,True,15,15,"['KG ACT. SUBST.', 'KG_ACT_SUBST']",0,1,True,False,False,True,True,False,38089317,KG_ACT_SUBST
20201260,C20,"Herbicides based on dinitroanilines derivatives, put up in forms or packings for retail sale or as preparations or articles (excluding hazardous pesticides)",['38089321'],['KG_ACT_SUBST'],1,True,15,15,"['KG ACT. SUBST.', 'KG_ACT_SUBST']",0,1,True,False,False,True,True,False,38089321,KG_ACT_SUBST
20201270,C20,"Herbicides based on urea; uracil and sulphonylurea, put up in forms or packings for retail sale or as preparations or articles (excluding hazardous pesticides)",['38089323'],['KG_ACT_SUBST'],1,True,15,15,"['KG ACT. SUBST.', 'KG_ACT_SUBST']",0,1,True,False,False,True,True,False,38089323,KG_ACT_SUBST
20201290,C20,"Herbicides p.r.s. or as preparations/articles excluding based on phenoxy-phytohormones, triazines, amides, carbamates, dinitroanaline derivatives, urea, uracil, sulphonylurea (excluding hazardous pesticides)",['38089327'],['KG_ACT_SUBST'],1,True,15,15,"['KG ACT. SUBST.', 'KG_ACT_SUBST']",0,1,True,False,False,True,True,False,38089327,KG_ACT_SUBST
20201350,C20,Anti-sprouting products put up in forms or packings for retail sale or as preparations or articles,['38089330'],['KG_ACT_SUBST'],1,True,15,15,"['KG ACT. SUBST.', 'KG_ACT_SUBST']",0,1,True,False,False,True,True,False,38089330,KG_ACT_SUBST
20201370,C20,Plant-growth regulators put up in forms or packings for retail sale or as preparations or articles,['38089390'],['KG_ACT_SUBST'],1,True,15,15,"['KG ACT. SUBST.', 'KG_ACT_SUBST']",0,1,True,False,False,True,True,False,38089390,KG_ACT_SUBST
20201430,C20,Disinfectants based on quaternary ammonium salts put up in forms or packings for retail sale or as preparations or articles (excluding hazardous pesticides),['38089410'],['KG_ACT_SUBST'],1,True,13,13,"['KG ACT. SUBST.', 'KG_ACT_SUBST']",0,1,True,False,False,False,True,False,38089410,KG_ACT_SUBST
20201450,C20,Disinfectants based on halogenated compounds put up in forms or packings for retail sale or as preparations (excluding hazardous pesticides),['38089420'],['KG_ACT_SUBST'],1,True,15,15,"['KG ACT. SUBST.', 'KG_ACT_SUBST']",0,1,True,False,False,True,True,False,38089420,KG_ACT_SUBST
20201490,C20,"Disinfectants put up in forms or packings for retail sale or as preparations or articles (excluding those based on quaternary ammonium salts, those based on halogenated compounds and those being hazardous pesticides)",['38089490'],['KG_ACT_SUBST'],1,True,15,15,"['KG ACT. SUBST.', 'KG_ACT_SUBST']",0,1,True,False,False,True,True,False,38089490,KG_ACT_SUBST
20201515,C20,"Inorganic fungicides, bactericides and seed treatments, put up in forms or packings for retail sale or as preparations or articles (excluding hazardous pesticides)","['38089210', '38089220']",['KG_ACT_SUBST'],2,True,15,15,"['KG ACT. SUBST.', 'KG_ACT_SUBST']",0,1,True,False,False,True,True,False,38089210|38089220,KG_ACT_SUBST
20201530,C20,"Fungicides, bactericides and seed treatments based on dithiocarbamates, put up in forms or packings for retail sale or as preparations or articles (excluding hazardous pesticides)",['38089230'],['KG_ACT_SUBST'],1,True,15,15,"['KG ACT. SUBST.', 'KG_ACT_SUBST']",0,1,True,False,False,True,True,False,38089230,KG_ACT_SUBST
20201545,C20,"Fungicides, bactericides and seed treatments based on benzimidazoles, put up in forms or packings for retail sale or as preparations or articles (excluding hazardous pesticides)",['38089240'],['KG_ACT_SUBST'],1,True,15,15,"['KG ACT. SUBST.', 'KG_ACT_SUBST']",0,1,True,False,False,True,True,False,38089240,KG_ACT_SUBST
20201560,C20,"Fungicides, bactericides and seed treatment based on triazoles or diazoles, put up in forms or packings for retail sale or as preparations or articles (excluding hazardous pesticides)",['38089250'],['KG_ACT_SUBST'],1,True,15,15,"['KG ACT. SUBST.', 'KG_ACT_SUBST']",0,1,True,False,False,True,True,False,38089250,KG_ACT_SUBST
20201575,C20,"Fungicides, bactericides and seed treatments based on diazines or morpholines, put up in forms or packings for retail sale or as preparations or articles (excluding hazardous pesticides)",['38089260'],['KG_ACT_SUBST'],1,True,15,15,"['KG ACT. SUBST.', 'KG_ACT_SUBST']",0,1,True,False,False,True,True,False,38089260,KG_ACT_SUBST
20201590,C20,"Other fungicides, bactericides and seeds treatments (ex: Captan,...) (excluding hazardous pesticides)",[],[],0,,14,14,"['KG ACT. SUBST.', 'KG_ACT_SUBST']",0,1,False,False,False,False,True,False,,
20201930,C20,"Goods of heading 3808 containing one or more of the following substances: aldrin (ISO); binapacryl (ISO); camphechlor (ISO) (toxaphene); captafol (ISO); chlordane (ISO); chlordimeform (ISO); chlorobenzilate (ISO); DDT (ISO) (clofenotane (INN), 1,1,1-trichloro-2,2-bis(p-chlorophenyl) ethane); dieldrin (ISO, INN); 4,6-dinitro-o-cresol (DNOC (ISO)) or its salts; dinoseb (ISO), its salts or its esters; ethylene dibromide (ISO) (1,2-dibromoethane); ethylene dichloride (ISO) (1,2-dichloroethane); fluoroacetamide (ISO); heptachlor (ISO); hexachlorobenzene (ISO); 1,2,3,4,5,6 - hexachlorocyclohexane (HCH (ISO)), including lindane (ISO, INN); mercury compounds; methamidophos (ISO); monocrotophos (ISO); oxirane (ethylene oxide); parathion (ISO); parathion-methyl (ISO) (methyl-parathion); pentachlorophenol (ISO), its salts or its esters; phosphamidon (ISO); 2,4,5-T (ISO) (2,4,5-trichlorophenoxyacetic acid), its salts or its esters; tributyltin compounds. Also dustable powder formulations containing a mixture of benomyl (ISO), carbofuran (ISO) and thiram (ISO).",[],[],0,,8,8,['KG_ACT_SUBST'],0,1,False,False,False,False,True,False,,
20201980,C20,"Rodenticides and other plant protection products put up for retail sale or as preparations or articles (excluding insecticides, fungicides, herbicides, disinfectants and hazardous pesticides)","['38089910', '38089990']",['KG_ACT_SUBST'],2,True,15,15,"['KG ACT. SUBST.', 'KG_ACT_SUBST']",0,1,True,False,False,True,True,False,38089910|38089990,KG_ACT_SUBST
20301150,C20,"Paints and varnishes, based on acrylic or vinyl polymers dispersed or dissolved in an aqueous medium (including enamels and lacquers)",['32091000'],['KG'],1,True,15,15,['KG'],0,1,True,True,True,True,True,True,32091000,KG
20301170,C20,"Other paints, varnishes dispersed or dissolved in an aqueous medium",['32099000'],['KG'],1,True,15,15,['KG'],0,1,True,True,True,True,True,True,32099000,KG
20301225,C20,"Paints and varnishes, based on polyesters dispersed/dissolved in a non-aqueous medium, weight of the solvent > 50 % of the weight of the solution including enamels and lacquers",['32081010'],['KG'],1,True,15,15,['KG'],0,1,True,True,True,True,True,True,32081010,KG
20301229,C20,"Paints and varnishes, based on polyesters dispersed/dissolved in a non-aqueous medium including enamels and lacquers excluding weight of the solvent > 50 % of the weight of the solution",['32081090'],['KG'],1,True,15,15,['KG'],0,1,True,True,True,True,True,True,32081090,KG
20301230,C20,"Paints and varnishes, based on acrylic or vinyl polymers dispersed/dissolved in non-aqueous medium, weight of the solvent > 50 % of the solution weight including enamels and lacquers",['32082010'],['KG'],1,True,15,15,['KG'],0,1,True,True,True,True,True,True,32082010,KG
20301250,C20,Other paints and varnishes based on acrylic or vinyl polymers,['32082090'],['KG'],1,True,15,15,['KG'],0,1,True,True,True,True,True,True,32082090,KG
20301270,C20,Paints and varnishes: solutions n.e.c.,"['32089011', '32089013', '32089019']",['KG'],3,True,15,15,['KG'],0,1,True,True,True,True,True,True,32089011|32089013|32089019,KG
20301290,C20,Other paints and varnishes based on synthetic polymers n.e.c.,"['32089091', '32089099']",['KG'],2,True,15,15,['KG'],0,1,True,True,True,True,True,True,32089091|32089099,KG
20302130,C20,"Prepared pigments, opacifiers, colours and similar preparations for ceramics, enamelling or glass",['32071000'],['KG'],1,True,15,15,['KG'],0,1,True,True,True,True,True,True,32071000,KG
20302150,C20,"Vitrifiable enamels and glazes, engobes (slips) and similar preparations for ceramics, enamelling or glass","['32072010', '32072090']",['KG'],2,True,15,15,['KG'],0,1,True,True,True,True,True,True,32072010|32072090,KG
20302170,C20,Liquid lustres and similar preparations; glass frit and other glass in powder; granules or flakes,"['32073000', '32074040', '32074085']",['KG'],3,True,15,15,['KG'],0,1,True,True,True,True,True,True,32073000|32074040|32074085,KG
20302213,C20,Oil paints and varnishes (including enamels and lacquers),['32100010'],['KG'],1,True,15,15,['KG'],0,1,True,True,True,True,True,True,32100010,KG
20302215,C20,"Prepared water pigments for finishing leather; paints and varnishes (including enamels, lacquers and distempers) (excluding of oil)",['32100090'],['KG'],1,True,15,15,['KG'],0,1,True,True,True,True,True,True,32100090,KG
20302220,C20,Prepared driers,['32110000'],['KG'],1,True,15,15,['KG'],0,1,True,True,True,True,True,True,32110000,KG
20302230,C20,Stamping foils,['32121000'],['KG'],1,True,15,15,['KG'],0,1,True,True,True,True,True,True,32121000,KG
20302240,C20,"Pigments, including metallic powders and flakes, dispersed in non-aqueous media, in liquid or paste form, of a kind used in the manufacture of paints; colorants and other colouring matter, n.e.c. put up for retail sale",['32129000'],['KG'],1,True,15,15,['KG'],0,1,True,True,True,True,True,True,32129000,KG
20302253,C20,"Glaziers’ putty, grafting putty, resin cements, caulking compounds and other mastics",['32141010'],['KG'],1,True,15,15,['KG'],0,1,True,True,True,True,True,True,32141010,KG
20302255,C20,Painters’ fillings,['32141090'],['KG'],1,True,15,15,['KG'],0,1,True,True,True,True,True,True,32141090,KG
20302260,C20,"Non-refractory surfacing preparations for façades, indoor walls, floors, ceilings or the like",['32149000'],['KG'],1,True,15,15,['KG'],0,1,True,True,True,True,True,True,32149000,KG
20302273,C20,Organic composite solvents and thinners used in conjunction with coatings and inks; based on butyl acetate,['38140010'],['KG'],1,True,15,15,['KG'],0,1,True,True,True,True,True,True,38140010,KG
20302279,C20,Organic composite solvents and thinners used in conjunction with coatings and inks (excluding those based on butyl acetate),['38140090'],['KG'],1,True,15,15,['KG'],0,1,True,True,True,True,True,True,38140090,KG
20302350,C20,"Artists’, students’, or signboard painters’ colours, amusement colours and modifying tints in sets of tablets, tubes, jars, bottles or pans",['32131000'],['KG'],1,True,15,15,['KG'],0,1,True,True,True,True,True,True,32131000,KG
20302370,C20,"Artists’, students’ or signboard painters’ colours, amusement colours and modifying tints in tablets, tubes, jars, bottles or pans (excluding in sets)",['32139000'],['KG'],1,True,15,15,['KG'],0,1,True,True,True,True,True,True,32139000,KG
20302450,C20,Black printing inks,['32151100'],['KG'],1,True,15,15,['KG'],0,1,True,True,True,True,True,True,32151100,KG
20302470,C20,Printing inks (excluding black),['32151900'],['KG'],1,True,15,15,['KG'],0,1,True,True,True,True,True,True,32151900,KG
20411000,C20,"Glycerol (glycerine), crude; glycerol waters and glycerol lyes",['15200000'],['KG'],1,True,15,15,['KG'],0,1,True,True,True,True,True,True,15200000,KG
20412020,C20,Anionic organic surface-active agents (excluding soap),"['34023100', '34023910', '34023990']",['KG'],3,True,15,15,['KG'],0,1,True,True,True,True,True,True,34023100|34023910|34023990,KG
20412030,C20,Cationic organic surface-active agents (excluding soap),['34024100'],['KG'],1,True,15,15,['KG'],0,1,True,True,True,True,True,True,34024100,KG
20412050,C20,Non-ionic organic surface-active agents (excluding soap),['34024200'],['KG'],1,True,15,15,['KG'],0,1,True,True,True,True,True,True,34024200,KG
20412090,C20,"Organic surface-active agents (excluding soap, anionic, cationic, non-ionic)",['34024900'],['KG'],1,True,15,15,['KG'],0,1,True,True,True,True,True,True,34024900,KG
20413120,C20,"Soap and organic surface-active products in bars, etc., n.e.c.",['34011900'],['KG'],1,True,15,15,['KG'],0,1,True,True,True,True,True,True,34011900,KG
20413150,C20,"Soap in the form of flakes, wafers, granules or powders",['34012010'],['KG'],1,True,15,15,['KG'],0,1,True,True,True,True,True,True,34012010,KG
20413180,C20,"Soap in forms excluding bars, cakes or moulded shapes, paper, wadding, felt and non-wovens impregnated or coated with soap/detergent, flakes, granules or powders",['34012090'],['KG'],1,True,15,15,['KG'],0,1,True,True,True,True,True,True,34012090,KG
20413240,C20,"Surface-active preparations, whether or not containing soap, p.r.s. (excluding those for use as soap)",['34025010'],['KG'],1,True,15,15,['KG'],0,1,True,True,True,True,True,True,34025010,KG
20413250,C20,"Washing preparations and cleaning preparations, with or without soap, p.r.s. including auxiliary washing preparations excluding those for use as soap, surface-active preparations",['34025090'],['KG'],1,True,15,15,['KG'],0,1,True,True,True,True,True,True,34025090,KG
20413260,C20,"Surface-active preparations, whether or not containing soap, n.p.r.s. (excluding those for use as soap)",['34029010'],['KG'],1,True,15,15,['KG'],0,1,True,True,True,True,True,True,34029010,KG
20413270,C20,"Washing preparations and cleaning preparations, with or without soap, n.p.r.s. including auxiliary washing preparations excluding those for use as soap, surface-active preparations",['34029090'],['KG'],1,True,15,15,['KG'],0,1,True,True,True,True,True,True,34029090,KG
20414270,C20,Artificial and prepared waxes of polyethylene glycol,['34042000'],['KG'],1,True,15,15,['KG'],0,1,True,True,True,True,True,True,34042000,KG
20414280,C20,Artificial and prepared waxes (including sealing waxes) (excluding of polyethylene glycol),['34049000'],['KG'],1,True,15,15,['KG'],0,1,True,True,True,True,True,True,34049000,KG
20414330,C20,"Polishes, creams and similar preparations, for footwear or leather (excluding artificial and prepared waxes)",['34051000'],['KG'],1,True,15,15,['KG'],0,1,True,True,True,True,True,True,34051000,KG
20414350,C20,"Polishes, creams and similar preparations, for the maintenance of wooden furniture, floors or other woodwork (excluding artificial and prepared waxes)",['34052000'],['KG'],1,True,15,15,['KG'],0,1,True,True,True,True,True,True,34052000,KG
20414370,C20,"Polishes and similar preparations, for coachwork (excluding artificial and prepared waxes, metal polishes)",['34053000'],['KG'],1,True,15,15,['KG'],0,1,True,True,True,True,True,True,34053000,KG
20414383,C20,Metal polishes,['34059010'],['KG'],1,True,15,15,['KG'],0,1,True,True,True,True,True,True,34059010,KG
20414389,C20,"Other polishes, creams and similar preparations, n.e.c.",['34059090'],['KG'],1,True,15,15,['KG'],0,1,True,True,True,True,True,True,34059090,KG
20414400,C20,Scouring pastes and powders and other scouring preparations,['34054000'],['KG'],1,True,15,15,['KG'],0,1,True,True,True,True,True,True,34054000,KG
20421150,C20,Perfumes,['33030010'],['L'],1,True,15,15,['L'],0,1,True,False,False,True,True,False,33030010,L
20421170,C20,Toilet waters,['33030090'],['L'],1,True,15,15,['L'],0,1,True,False,False,True,True,False,33030090,L
20421915,C20,"Soap and organic surface-active products in bars, etc., for toilet use",['34011100'],['KG'],1,True,15,15,['KG'],0,1,True,True,True,True,True,True,34011100,KG
20421930,C20,"Organic surface-active products and preparations for washing the skin; whether or not containing soap, p.r.s.",['34013000'],['KG'],1,True,15,15,['KG'],0,1,True,True,True,True,True,True,34013000,KG
20511130,C20,Propellant powders,['36010000'],['KG'],1,True,15,15,['KG'],0,1,True,True,True,True,True,True,36010000,KG
20511150,C20,Prepared explosives (excluding propellant powders),['36020000'],['KG'],1,True,15,15,['KG'],0,1,True,True,True,True,True,True,36020000,KG
20511250,C20,Safety fuses; detonating fuses,"['36031000', '36032000']",['KM'],2,True,15,15,['KM'],0,1,True,False,False,True,True,False,36031000|36032000,KM
20511270,C20,Percussion or detonating caps; igniters and electric detonators,"['36033000', '36034000', '36035000', '36036000']",['PST'],4,True,15,15,"['P/ST', 'PST']",0,1,True,False,False,True,True,False,36033000|36034000|36035000|36036000,PST
20511300,C20,Fireworks,['36041000'],['KG'],1,True,15,15,['KG'],0,1,True,True,True,True,True,True,36041000,KG
20511400,C20,"Signalling flares, rain rockets, fog signals and other pyrotechnic articles (excluding fireworks)",['36049000'],['KG'],1,True,15,15,['KG'],0,1,True,True,True,True,True,True,36049000,KG
20512000,C20,Matches (excluding Bengal matches and other pyrotechnic products),['36050000'],['KG'],1,True,15,15,['KG'],0,1,True,True,True,True,True,True,36050000,KG
20521020,C20,Casein glues,[],[],0,,11,11,['KG'],0,1,False,False,True,False,True,False,,
20521040,C20,Isinglass; bone glues; other glues of animal origin (excluding casein glues),[],[],0,,11,11,['KG'],0,1,False,False,True,False,True,False,,
20521060,C20,"Glues based on starches, dextrins or other modified starches",[],[],0,,11,11,['KG'],0,1,False,False,True,False,True,False,,
20521080,C20,"Prepared glues and other prepared adhesives, n.e.c.","['35061000', '35069110', '35069190', '35069900']",['KG'],4,True,15,15,['KG'],0,1,True,True,True,True,True,True,35061000|35069110|35069190|35069900,KG
20531020,C20,Essential oils,"['33011210', '33011290', '33011310', '33011390', '33011920', '33011980', '33012410', '33012490', '33012510', '33012590', '33012911', '33012931', '33012942', '33012949', '33012971', '33012979', '33012991']",['KG'],17,True,15,15,['KG'],0,1,True,True,True,True,True,True,33011210|33011290|33011310|33011390|33011920|33011980|33012410|33012490|33012510|33012590|33012911|33012931|33012942|33012949|33012971|33012979|33012991,KG
20531030,C20,Resinoids,['33013000'],['KG'],1,True,15,15,['KG'],0,1,True,True,True,True,True,True,33013000,KG
20531050,C20,"Concentrates of essential oils in fats... aqueous distillates, etc.","['33019010', '33019021', '33019030', '33019090']",['KG'],4,True,15,15,['KG'],0,1,True,True,True,True,True,True,33019010|33019021|33019030|33019090,KG
20531075,C20,Mixtures of odoriferous substances of a kind used in the food or drink industries,"['33021010', '33021021', '33021029', '33021040', '33021090']",['KG'],5,True,15,15,['KG'],0,1,True,True,True,True,True,True,33021010|33021021|33021029|33021040|33021090,KG
20531079,C20,Mixtures of odoriferous substances (excluding those of a kind used in the food or drink industries),"['33029010', '33029090']",['KG'],2,True,15,15,['KG'],0,1,True,True,True,True,True,True,33029010|33029090,KG
20591130,C20,"Photographic plates and film in the flat, sensitised and unexposed, of any material; instant print film in the flat, sensitised and unexposed (excluding paper; paperboard or textiles)","['37011000', '37012000', '37013000', '37019100', '37019900']",['M2'],5,True,15,15,['M2'],0,1,True,False,False,True,True,False,37011000|37012000|37013000|37019100|37019900,M2
20591150,C20,"Photographic film in rolls, sensitised, unexposed of any material; instant print film in rolls sensitised and unexposed (excluding paper, paperboard or textiles)","['37021000', '37023191', '37023197', '37023210', '37023220', '37023285', '37023900', '37024100', '37024200', '37024300', '37024400', '37025200', '37025300', '37025400', '37025500', '37025600', '37029610', '37029690', '37029710', '37029790', '37029800']",['M2'],21,True,15,15,['M2'],0,1,True,False,False,True,True,False,37021000|37023191|37023197|37023210|37023220|37023285|37023900|37024100|37024200|37024300|37024400|37025200|37025300|37025400|37025500|37025600|37029610|37029690|37029710|37029790|37029800,M2
20591170,C20,Photographic paper; paperboard and textiles; sensitised and unexposed,"['37031000', '37032000', '37039000']",['M2'],3,True,15,15,['M2'],0,1,True,False,False,True,True,False,37031000|37032000|37039000,M2
20591200,C20,"Chemical preparations for photographic uses, unmixed products for photographic uses put up in measured portions or p.r.s. in form ready to use (excluding varnishes, glues and adhesives)","['37071000', '37079020', '37079090']",['KG'],3,True,15,15,['KG'],0,1,True,True,True,True,True,True,37071000|37079020|37079090,KG
20592000,C20,Animal or vegetable fats and oils chemically modified,"['15180010', '15180031', '15180039', '15180091', '15180095', '15180099']",['KG'],6,True,15,15,['KG'],0,1,True,True,True,True,True,True,15180010|15180031|15180039|15180091|15180095|15180099,KG
20593000,C20,Inks (excluding printing ink),"['32159020', '32159070']",['KG'],2,True,15,15,['KG'],0,1,True,True,True,True,True,True,32159020|32159070,KG
20594155,C20,"Lubricating preparations containing as basic constituents < 70% by weight of petroleum oils or of oils obtained from bituminous minerals for textiles, leather, hides, furskins and other materials",['34031100'],['KG'],1,True,15,15,['KG'],0,1,True,True,True,True,True,True,34031100,KG
20594157,C20,"Lubricating preparations obtained from petroleum or bituminous minerals, excluding the ones used for the treatment of textiles, leather, hides, furskins and other materials",[],[],0,,8,8,['KG'],0,1,False,False,True,False,True,False,,
20594175,C20,"Lubricating preparations not containing petroleum oil or bituminous mineral oils, used for treatment of textiles, leather, hides, furskins and other materials",['34039100'],['KG'],1,True,15,15,['KG'],0,1,True,True,True,True,True,True,34039100,KG
20594179,C20,"Lubricating preparations not containing petroleum oil or bituminous mineral oils, excluding the ones used for treatment of textiles, leather, hides, furskins or other materials",['34039900'],['KG'],1,True,15,15,['KG'],0,1,True,True,True,True,True,True,34039900,KG
20594250,C20,Anti-knock preparations,"['38111110', '38111190', '38111900']",['KG'],3,True,15,15,['KG'],0,1,True,True,True,True,True,True,38111110|38111190|38111900,KG
20594270,C20,Additives for lubricating oils,"['38112100', '38112900']",['KG'],2,True,15,15,['KG'],0,1,True,True,True,True,True,True,38112100|38112900,KG
20594290,C20,"Additives for mineral oils or for other liquids used for the same purpose as mineral oils (including gasoline) (excluding anti-knock preparations, additives for lubricating oils)",['38119000'],['KG'],1,True,15,15,['KG'],0,1,True,True,True,True,True,True,38119000,KG
20594330,C20,Hydraulic brake fluids and other prepared liquids for hydraulic transmission; not containing or containing < 70 % by weight of petroleum oils or oils obtained from bituminous mineral,['38190000'],['KG'],1,True,15,15,['KG'],0,1,True,True,True,True,True,True,38190000,KG
20594350,C20,Anti-freezing preparations and prepared de-icing fluids,['38200000'],['KG'],1,True,15,15,['KG'],0,1,True,True,True,True,True,True,38200000,KG
20595100,C20,"Peptones and their derivatives; other protein substances and their derivatives; hide powder including glutelins and prolamins, globulins, glycinin, keratins, nucleoproteids, protein isolates","['35040010', '35040090']",['KG'],2,True,15,15,['KG'],0,1,True,True,True,True,True,True,35040010|35040090,KG
20595210,C20,"Composite diagnostic or laboratory reagents, including paper impregnated or coated with diagnostic or laboratory reagents",[],[],0,,14,14,['KG'],0,1,False,False,True,False,True,False,,
20595230,C20,Modelling pastes; dental wax and dental impression compounds; other preparations for use in dentistry with a basis of plaster (including modelling pastes for children’s amusement),['34070000'],['KG'],1,True,15,15,['KG'],0,1,True,True,True,True,True,True,34070000,KG
20595250,C20,Preparations and charges for fire-extinguishers; charged fire-extinguishing grenades,['38130000'],['KG'],1,True,15,15,['KG'],0,1,True,True,True,True,True,True,38130000,KG
20595270,C20,Prepared culture media for development of micro-organisms,['38210000'],['KG'],1,True,15,15,['KG'],0,1,True,True,True,True,True,True,38210000,KG
20595300,C20,"Chemical elements doped for use in electronics, in the form of discs, wafers or similar forms; chemical compounds doped for use in electronics","['38180010', '38180090']",['KG'],2,True,15,15,['KG'],0,1,True,True,True,True,True,True,38180010|38180090,KG
20595400,C20,Activated carbon,['38021000'],['KG'],1,True,15,15,['KG'],0,1,True,True,True,True,True,True,38021000,KG
20595550,C20,"Finishing agents, etc., with amylaceous basis","['38091010', '38091030', '38091050', '38091090']",['KG'],4,True,15,15,['KG'],0,1,True,True,True,True,True,True,38091010|38091030|38091050|38091090,KG
20595570,C20,"Finishing agents, etc, used in the textile industry (excluding with amylaceous basis)",['38099100'],['KG'],1,True,15,15,['KG'],0,1,True,True,True,True,True,True,38099100,KG
20595580,C20,"Finishing agents, etc, used in the paper industry (excluding with amylaceous basis)",['38099200'],['KG'],1,True,15,15,['KG'],0,1,True,True,True,True,True,True,38099200,KG
20595590,C20,"Finishing agents, dye carriers and other preparations, n.e.c.",['38099300'],['KG'],1,True,15,15,['KG'],0,1,True,True,True,True,True,True,38099300,KG
20595620,C20,Pickling preparations for metal surfaces,"['38101000', '38109010', '38109090']",['KG'],3,True,15,15,['KG'],0,1,True,True,True,True,True,True,38101000|38109010|38109090,KG
20595630,C20,Prepared rubber accelerators,['38121000'],['KG'],1,True,15,15,['KG'],0,1,True,True,True,True,True,True,38121000,KG
20595640,C20,Compound plasticisers for rubber or plastics,"['38122010', '38122090']",['KG'],2,True,15,15,['KG'],0,1,True,True,True,True,True,True,38122010|38122090,KG
20595650,C20,Anti-oxidising preparations and other compounds stabilisers for rubber or plastics,"['38123100', '38123910', '38123990']",['KG'],3,True,15,15,['KG'],0,1,True,True,True,True,True,True,38123100|38123910|38123990,KG
20595660,C20,"Reaction initiators, reaction accelerators and catalytic preparations",[],[],0,,11,11,['KG'],0,1,False,False,True,False,True,False,,
20595670,C20,"Mixed alkylbenzenes, mixed alkylnaphthalenes other than HS 2707 or 2902","['38170050', '38170080']",['KG'],2,True,15,15,['KG'],0,1,True,True,True,True,True,True,38170050|38170080,KG
20595720,C20,Prepared binders for foundry moulds or cores,['38241000'],['KG'],1,True,15,15,['KG'],0,1,True,True,True,True,True,True,38241000,KG
20595730,C20,"Naphthenic acids, their water-insoluble salts and their esters",['38249930'],['KG'],1,True,15,15,['KG'],0,1,True,True,True,True,True,True,38249930,KG
20595740,C20,Non-agglomerated metal carbides mixed together or with metallic binders,['38243000'],['KG'],1,True,15,15,['KG'],0,1,True,True,True,True,True,True,38243000,KG
20595750,C20,"Prepared additives for cements, mortars or concretes",['38244000'],['KG'],1,True,15,15,['KG'],0,1,True,True,True,True,True,True,38244000,KG
20595770,C20,Sorbitol (excluding D-glucitol),"['38246011', '38246019', '38246091', '38246099']",['KG'],4,True,15,15,['KG'],0,1,True,True,True,True,True,True,38246011|38246019|38246091|38246099,KG
20595930,C20,Inorganic composite solvents and thinners for varnishes and similar products,[],[],0,,7,7,['KG'],0,1,False,False,True,False,True,False,,
20595940,C20,Anti-scaling and similar compounds,['38249945'],['KG'],1,True,15,15,['KG'],0,1,True,True,True,True,True,True,38249945,KG
20595953,C20,Preparations for electroplating,['38249950'],['KG'],1,True,15,15,['KG'],0,1,True,True,True,True,True,True,38249950,KG
20595957,C20,"Mixtures of mono-, di- and tri-, fatty acid esters of glycerol (emulsifiers for fats)",['38249955'],['KG'],1,True,15,15,['KG'],0,1,True,True,True,True,True,True,38249955,KG
20595963,C20,Products and preparations for pharmaceutical or surgical uses,"['38249961', '38249962', '38249964']",['KG'],3,True,15,15,['KG'],0,1,True,True,True,True,True,True,38249961|38249962|38249964,KG
20595965,C20,Auxiliary products for foundries (excluding prepared binders for foundry moulds or cores),['38249965'],['KG'],1,True,15,15,['KG'],0,1,True,True,True,True,True,True,38249965,KG
20595967,C20,"Fire-proofing, water-proofing and similar protective preparations used in the building industry",['38249970'],['KG'],1,True,15,15,['KG'],0,1,True,True,True,True,True,True,38249970,KG
20595971,C20,"Mixtures containing halogenated derivatives of methane, ethane or propane","['38271100', '38271200', '38271300', '38271400', '38272000', '38273100', '38273200', '38273900', '38274000', '38275100', '38275900', '38276100', '38276200', '38276300', '38276400', '38276500', '38276800', '38276900', '38279000']",['KG'],19,True,15,15,['KG'],0,1,True,True,True,True,True,True,38271100|38271200|38271300|38271400|38272000|38273100|38273200|38273900|38274000|38275100|38275900|38276100|38276200|38276300|38276400|38276500|38276800|38276900|38279000,KG
20595975,C20,"Mixtures and preparations containing oxirane (ethylene oxide), polybrominated biphenyls (PBBs), polychlorinated biphenyls (PCBs), polychlorinated terphenyls (PCTs) or tris(2,3-dibromopropyl) phosphate","['38248100', '38248200', '38248300']",['KG'],3,True,15,15,['KG'],0,1,True,True,True,True,True,True,38248100|38248200|38248300,KG
20595990,C20,"Biofuels (diesel substitute), other chemical products, n.e.c.",[],[],0,,4,4,['KG'],0,1,False,False,True,False,True,False,,
20596020,C20,Caseinates and other casein derivatives (excluding casein glues),['35019090'],['KG'],1,True,15,15,['KG'],0,1,True,True,True,True,True,True,35019090,KG
20596050,C20,Albumins; albuminates and other derivatives (excluding egg albumin),"['35022010', '35022091', '35022099', '35029020', '35029070', '35029090']",['KG'],6,True,15,15,['KG'],0,1,True,True,True,True,True,True,35022010|35022091|35022099|35029020|35029070|35029090,KG
20596080,C20,"Gelatin and its derivatives (excluding casein glues, bone glues and isinglass)",['35030010'],['KG'],1,True,15,15,['KG'],0,1,True,True,True,True,True,True,35030010,KG
20601110,C20,"Aramids staple, not carded, combed or otherwise processed for spinning",['55031100'],['KG'],1,True,15,15,['KG'],0,1,True,True,True,True,True,True,55031100,KG
20601120,C20,"Other polyamide tow and staple, not carded, combed or otherwise processed for spinning","['55011100', '55011900', '55031900']",['KG'],3,True,15,15,['KG'],0,1,True,True,True,True,True,True,55011100|55011900|55031900,KG
20601130,C20,"Polyester tow and staple, not carded, combed or otherwise processed for spinning","['55012000', '55032000']",['KG'],2,True,15,15,['KG'],0,1,True,True,True,True,True,True,55012000|55032000,KG
20601140,C20,"Acrylic tow and staple, not carded, combed or otherwise processed for spinning","['55013000', '55033000']",['KG'],2,True,15,15,['KG'],0,1,True,True,True,True,True,True,55013000|55033000,KG
20601150,C20,"Polypropylene synthetic tow and staple not carded, combed or otherwise processed for spinning","['55014000', '55034000']",['KG'],2,True,15,15,['KG'],0,1,True,True,True,True,True,True,55014000|55034000,KG
20601190,C20,"Other synthetic tow and staple not carded, combed or otherwise processed for spinning","['55019000', '55039000']",['KG'],2,True,15,15,['KG'],0,1,True,True,True,True,True,True,55019000|55039000,KG
20601220,C20,High-tenacity filament yarn of aramids (excluding sewing thread and yarn put up for retail sale),['54021100'],['KG'],1,True,15,15,['KG'],0,1,True,True,True,True,True,True,54021100,KG
20601240,C20,"High-tenacity filament yarn of nylon or other polyamides (excluding sewing thread, yarn put up for retail sale and high-tenacity filament yarn of aramids)",['54021900'],['KG'],1,True,15,15,['KG'],0,1,True,True,True,True,True,True,54021900,KG
20601260,C20,High-tenacity filament yarn of polyesters (excluding that put up for retail sale),['54022000'],['KG'],1,True,15,15,['KG'],0,1,True,True,True,True,True,True,54022000,KG
20601310,C20,"Polyamide textile filament yarn, n.p.r.s. (excluding sewing thread)","['54023100', '54024500', '54025100']",['KG'],3,True,15,15,['KG'],0,1,True,True,True,True,True,True,54023100|54024500|54025100,KG
20601320,C20,"Polyamide carpet filament yarn, n.p.r.s. (excluding sewing thread)",['54023200'],['KG'],1,True,15,15,['KG'],0,1,True,True,True,True,True,True,54023200,KG
20601330,C20,"Polyester textile filament yarn, n.p.r.s. (excluding sewing thread)","['54023300', '54024600', '54024700', '54025200']",['KG'],4,True,15,15,['KG'],0,1,True,True,True,True,True,True,54023300|54024600|54024700|54025200,KG
20601340,C20,"Polypropylene filament yarn, n.p.r.s. (excluding sewing thread)","['54023400', '54024800', '54025300']",['KG'],3,True,15,15,['KG'],0,1,True,True,True,True,True,True,54023400|54024800|54025300,KG
20601350,C20,"Elastomeric filament yarn, n.p.r.s.",['54024400'],['KG'],1,True,15,15,['KG'],0,1,True,True,True,True,True,True,54024400,KG
20601390,C20,"Other synthetic filament yarn, n.p.r.s. (excluding sewing thread)","['54023900', '54024900', '54025900']",['KG'],3,True,15,15,['KG'],0,1,True,True,True,True,True,True,54023900|54024900|54025900,KG
20601420,C20,Polypropylene monofilament of >= 67 decitex and with a cross-sectional dimension of <= 1 mm (excluding elastomers),['54041200'],['KG'],1,True,15,15,['KG'],0,1,True,True,True,True,True,True,54041200,KG
20601440,C20,"Synthetic monofilament of >= 67 decitex and with a cross-sectional dimension of <= 1 mm (excluding polypropylene monofilament); strip and the like (for example, artificial straw), of synthetic textile materials, of an apparent width <= 5 mm","['54041100', '54041900', '54049010', '54049090']",['KG'],4,True,15,15,['KG'],0,1,True,True,True,True,True,True,54041100|54041900|54049010|54049090,KG
20602120,C20,"Artificial filament tow and staple fibres (not carded, combed or otherwise processed for spinning), of viscose rayon",[],[],0,,9,9,['KG'],0,1,False,False,True,False,True,False,,
20602140,C20,"Artificial filament tow, of acetate",['55021000'],['KG'],1,True,15,15,['KG'],0,1,True,True,True,True,True,True,55021000,KG
20602190,C20,"Other artificial filament tow and staple fibres (not carded, combed or otherwise processed for spinning)",[],[],0,,9,9,['KG'],0,1,False,False,True,False,True,False,,
20602200,C20,"High tenacity filament yarn of viscose rayon, n.p.r.s. (excluding sewing thread)",['54031000'],['KG'],1,True,15,15,['KG'],0,1,True,True,True,True,True,True,54031000,KG
20602320,C20,"Yarn of viscose rayon filament, including monofilament of < 67 decitex, single, n.p.r.s. (excluding sewing thread and high-tenacity yarn)","['54033100', '54033200']",['KG'],2,True,15,15,['KG'],0,1,True,True,True,True,True,True,54033100|54033200,KG
20602340,C20,"Filament yarn of cellulose acetate, including monofilament of < 67 decitex, single, n.p.r.s. (excluding sewing thread and high-tenacity yarn)",['54033300'],['KG'],1,True,15,15,['KG'],0,1,True,True,True,True,True,True,54033300,KG
20602390,C20,"Other artificial filament yarn, including artificial monofilament of < 67 decitex, single, n.p.r.s. (excluding sewing thread)",['54033900'],['KG'],1,True,15,15,['KG'],0,1,True,True,True,True,True,True,54033900,KG
20602400,C20,Artificial monofilament of >= 67 decitex and of which the cross-sectional dimension <= 1 mm; strip and the like of artificial textile materials of an apparent width <= 5 mm,['54050000'],['KG'],1,True,15,15,['KG'],0,1,True,True,True,True,True,True,54050000,KG
23111110,C23,"Non-wired sheets, of cast or rolled glass, whether or not with absorbent, reflecting or non-reflecting layer, but not otherwise worked","['70031210', '70031291', '70031299', '70031910', '70031990']",['M2'],5,True,15,15,['M2'],0,1,True,False,False,True,True,False,70031210|70031291|70031299|70031910|70031990,M2
23111130,C23,"Wired sheets or profiles, of cast or rolled glass, whether or not with absorbent, reflecting or non-reflecting layer, but not otherwise worked","['70032000', '70033000']",['KG'],2,True,15,15,['KG'],0,1,True,True,True,True,True,True,70032000|70033000,KG
23111150,C23,"Sheets, of drawn glass or blown glass, whether or not having an absorbent, reflecting or non-reflecting layer, but not otherwise worked","['70042010', '70042091', '70042099', '70049010', '70049080']",['M2'],5,True,15,15,['M2'],0,1,True,False,False,True,True,False,70042010|70042091|70042099|70049010|70049080,M2
23111212,C23,"Non-wired sheets, of float, surface ground or polished glass, having a non-reflecting layer",['70051005'],['M2'],1,True,15,15,['M2'],0,1,True,False,False,True,True,False,70051005,M2
23111214,C23,"Non-wired sheets, of float, surface ground or polished glass, having an absorbent or reflective layer, of a thickness <= 3,5 mm",['70051025'],['M2'],1,True,15,15,['M2'],0,1,True,False,False,True,True,False,70051025,M2
23111217,C23,"Non-wired sheets, of float, surface ground or polished glass, having an absorbent or reflecting layer, not otherwise worked, of a thickness > 3,5 mm","['70051030', '70051080']",['M2'],2,True,15,15,['M2'],0,1,True,False,False,True,True,False,70051030|70051080,M2
23111230,C23,"Non-wired sheets, of float, surface ground or polished glass, coloured throughout the mass, opacified, flashed or merely surface ground","['70052125', '70052130', '70052180']",['M2'],3,True,15,15,['M2'],0,1,True,False,False,True,True,False,70052125|70052130|70052180,M2
23111290,C23,"Other sheets of float/ground/polished glass, n.e.c.","['70052925', '70052935', '70052980', '70053000']",['M2'],4,True,15,15,['M2'],0,1,True,False,False,True,True,False,70052925|70052935|70052980|70053000,M2
23121150,C23,"Optical glass of HS 7003, 7004 or 7005, bent, edge-worked, engraved, etc.",['70060010'],['KG'],1,True,13,13,['KG'],0,1,True,True,True,False,True,False,70060010,KG
23121190,C23,"Other glass of HS 7003, 7004 or 7005, bent, edge-worked, engraved, etc.",['70060090'],['KG'],1,True,15,15,['KG'],0,1,True,True,True,True,True,True,70060090,KG
23121210,C23,"Toughened (tempered) safety glass, of size and shape suitable for incorporation in motor vehicles, aircraft, spacecraft, vessels and other vehicles","['70071110', '70071190']",['M2'],2,True,15,15,['M2'],0,1,True,False,False,True,True,False,70071110|70071190,M2
23121230,C23,"Toughened (tempered) safety glass, n.e.c.","['70071910', '70071920', '70071980']",['M2'],3,True,15,15,['M2'],0,1,True,False,False,True,True,False,70071910|70071920|70071980,M2
23121250,C23,"Laminated safety glass, of size and shape suitable for incorporation in motor vehicles, aircraft, spacecraft, vessels and other vehicles","['70072120', '70072180']",['KG'],2,True,15,15,['KG'],0,1,True,True,True,True,True,True,70072120|70072180,KG
23121270,C23,"Laminated safety glass, n.e.c.",['70072900'],['M2'],1,True,15,15,['M2'],0,1,True,False,False,True,True,False,70072900,M2
23121330,C23,Multiple-walled insulating units of glass,"['70080020', '70080081', '70080089']",['M2'],3,True,15,15,['M2'],0,1,True,False,False,True,True,False,70080020|70080081|70080089,M2
23121350,C23,Glass rear-view mirrors for vehicles,['70091000'],['PST'],1,True,15,15,"['P/ST', 'PST']",0,1,True,False,False,True,True,False,70091000,PST
23121390,C23,"Other glass mirrors, whether or not framed","['70099100', '70099200']",['KG'],2,True,15,15,['KG'],0,1,True,True,True,True,True,True,70099100|70099200,KG
23131110,C23,"Glass preserving jars, stoppers, lids and other closures (including stoppers and closures of any material presented with the containers for which they are intended)","['70102000', '70109010']",['KG'],2,True,15,15,['KG'],0,1,True,True,True,True,True,True,70102000|70109010,KG
23131120,C23,Containers made from tubing of glass (excluding preserving jars),['70109021'],['PST'],1,True,15,15,"['P/ST', 'PST']",0,1,True,False,False,True,True,False,70109021,PST
23131130,C23,"Glass containers of a nominal capacity >= 2,5 litres (excluding preserving jars)",['70109031'],['PST'],1,True,15,15,"['P/ST', 'PST']",0,1,True,False,False,True,True,False,70109031,PST
23131140,C23,"Bottles of colourless glass of a nominal capacity < 2,5 litres, for beverages and foodstuffs (excluding bottles covered with leather or composition leather, infant’s feeding bottles)","['70109041', '70109043', '70109045', '70109047']",['PST'],4,True,15,15,"['P/ST', 'PST']",0,1,True,False,False,True,True,False,70109041|70109043|70109045|70109047,PST
23131150,C23,"Bottles of coloured glass of a nominal capacity < 2,5 litres, for beverages and foodstuffs (excluding bottles covered with leather or composition leather, infant’s feeding bottles)","['70109051', '70109053', '70109055', '70109057']",['PST'],4,True,15,15,"['P/ST', 'PST']",0,1,True,False,False,True,True,False,70109051|70109053|70109055|70109057,PST
23131160,C23,"Glass containers for beverages and foodstuffs of a nominal capacity < 2,5 litres (excluding bottles, flasks covered with leather or composition leather, domestic glassware, vacuum flasks and vessels)","['70109061', '70109067']",['PST'],2,True,15,15,"['P/ST', 'PST']",0,1,True,False,False,True,True,False,70109061|70109067,PST
23131170,C23,"Glass containers for pharmaceutical products of a nominal capacity < 2,5 litres","['70109071', '70109079']",['PST'],2,True,15,15,"['P/ST', 'PST']",0,1,True,False,False,True,True,False,70109071|70109079,PST
23131180,C23,"Glass containers of a nominal capacity < 2,5 litres for the conveyance or packing of goods (excluding for beverages and foodstuffs, for pharmaceutical products, containers made from glass tubing)","['70109091', '70109099']",['PST'],2,True,15,15,"['P/ST', 'PST']",0,1,True,False,False,True,True,False,70109091|70109099,PST
23131220,C23,"Drinking glasses (including stemware drinking glasses), other than of glass ceramics, of lead crystal, gathered by hand","['70132210', '70133311', '70133319']",['PST'],3,True,15,15,"['P/ST', 'PST']",0,1,True,False,False,True,True,False,70132210|70133311|70133319,PST
23131240,C23,"Drinking glasses (including stemware drinking glasses), other than of glass ceramics, of lead crystal, gathered mechanically","['70132290', '70133391', '70133399']",['PST'],3,True,15,15,"['P/ST', 'PST']",0,1,True,False,False,True,True,False,70132290|70133391|70133399,PST
23131260,C23,"Drinking glasses (excluding stemware drinking glasses and products of glass ceramics or lead crystal), of toughened glass",['70133710'],['PST'],1,True,15,15,"['P/ST', 'PST']",0,1,True,False,False,True,True,False,70133710,PST
23131290,C23,Other drinking glasses,"['70132810', '70132890', '70133751', '70133759', '70133791', '70133799']",['PST'],6,True,15,15,"['P/ST', 'PST']",0,1,True,False,False,True,True,False,70132810|70132890|70133751|70133759|70133791|70133799,PST
23131310,C23,"Table or kitchen glassware of lead crystal gathered by hand (excluding of glass-ceramics, of toughened glass, drinking glasses)","['70134110', '70139110']",['PST'],2,True,15,15,"['P/ST', 'PST']",0,1,True,False,False,True,True,False,70134110|70139110,PST
23131330,C23,"Table or kitchen glassware of lead crystal gathered mechanically (excluding of glass ceramics, of toughened glass, drinking glasses)","['70134190', '70139190']",['PST'],2,True,15,15,"['P/ST', 'PST']",0,1,True,False,False,True,True,False,70134190|70139190,PST
23131350,C23,"Table/kitchen glassware with linear coefficient of expansion <= 5 x 10-6/K, temperature range of 0 °C to 300 °C excluding of glass-ceramics, lead crystal/toughened glass, drinking glasses",['70134200'],['PST'],1,True,15,15,"['P/ST', 'PST']",0,1,True,False,False,True,True,False,70134200,PST
23131360,C23,"Glass-ceramic table, kitchen, toilet, office, indoor decoration or similar purpose glassware",['70131000'],['PST'],1,True,15,15,"['P/ST', 'PST']",0,1,True,False,False,True,True,False,70131000,PST
23131390,C23,"Table/kitchen glassware (excluding drinking), toughened glass","['70134910', '70134991', '70134999', '70139900']",['PST'],4,True,15,15,"['P/ST', 'PST']",0,1,True,False,False,True,True,False,70134910|70134991|70134999|70139900,PST
23131400,C23,Glass inners for vacuum flasks or for other vacuum vessels (including unfinished and finished),"['70200007', '70200008']",['PST'],2,True,15,15,"['P/ST', 'PST']",0,1,True,False,False,True,True,False,70200007|70200008,PST
23141110,C23,Glass fibre threads cut into lengths of at least 3 mm but <= 50 mm (chopped strands),['70191100'],['KG'],1,True,15,15,['KG'],0,1,True,True,True,True,True,True,70191100,KG
23141130,C23,Glass fibre filaments (including rovings),['70191200'],['KG'],1,True,15,15,['KG'],0,1,True,True,True,True,True,True,70191200,KG
23141150,C23,Slivers; yarns and chopped strands of filaments of glass fibres (excluding glass fibre threads cut into lengths of at least 3 mm but <= 50 mm),[],[],0,,14,14,['KG'],0,1,False,False,True,False,True,False,,
23141170,C23,Staple glass fibre articles,[],[],0,,14,14,['KG'],0,1,False,False,True,False,True,False,,
23141210,C23,Glass fibre mats (including of glass wool),[],[],0,,4,4,['KG'],0,1,False,False,True,False,True,False,,
23141230,C23,Glass fibre voiles (including of glass wool),[],[],0,,4,4,['KG'],0,1,False,False,True,False,True,False,,
23141250,C23,Non-woven glass fibre webs; felts; mattresses and boards,[],[],0,,14,14,['KG'],0,1,False,False,True,False,True,False,,
23141293,C23,"Other articles of glass fibre, of non-textile fibres, bulk, flocks, others",[],[],0,,4,4,['KG'],0,1,False,False,True,False,True,False,,
23141295,C23,"Other articles of glass fibre, pads, casings for insulating tubes or pipes",[],[],0,,4,4,['KG'],0,1,False,False,True,False,True,False,,
23141299,C23,Glass fibre articles of textile fibres,[],[],0,,4,4,['KG'],0,1,False,False,True,False,True,False,,
23191110,C23,"Glass in the mass (excluding glass in the form of powder, granules or flakes)","['70010091', '70010099']",['KG'],2,True,15,15,['KG'],0,1,True,True,True,True,True,True,70010091|70010099,KG
23191130,C23,"Unworked glass in balls or rods (excluding glass balls as toys, glass balls which have been ground after shaping, used as stoppers for bottles, glass microspheres <= 1 mm in diameter)","['70021000', '70022010', '70022090']",['KG'],3,True,15,15,['KG'],0,1,True,True,True,True,True,True,70021000|70022010|70022090,KG
23191150,C23,Unworked glass tubes (including tubes which have had fluorescent material added to them in the mass) (excluding tubes coated inside with fluorescent material),"['70023100', '70023200', '70023900']",['KG'],3,True,15,15,['KG'],0,1,True,True,True,True,True,True,70023100|70023200|70023900,KG
23191200,C23,"Paving blocks, bricks, tiles and other articles of pressed or moulded glass; leaded lights and the like; multicellular or foam glass in blocks, plates or similar forms","['70169010', '70169040', '70169070']",['KG'],3,True,15,15,['KG'],0,1,True,True,True,True,True,True,70169010|70169040|70169070,KG
23192100,C23,"Open glass envelopes for electric lamps, cathode-ray tubes or the like","['70111000', '70112000', '70119000']",['KG'],3,True,15,15,['KG'],0,1,True,True,True,True,True,True,70111000|70112000|70119000,KG
23192200,C23,"Clock or watch glasses, glasses for spectacles, not optically worked","['70151000', '70159000']",['KG'],2,True,15,15,['KG'],0,1,True,True,True,True,True,True,70151000|70159000,KG
23192330,C23,"Laboratory, hygienic or pharmaceutical glassware whether or not graduated","['70171000', '70172000', '70179000']",['KG'],3,True,15,15,['KG'],0,1,True,True,True,True,True,True,70171000|70172000|70179000,KG
23192350,C23,Glass ampoules used for the conveyance or packing of goods,['70101000'],['PST'],1,True,15,15,"['P/ST', 'PST']",0,1,True,False,False,True,True,False,70101000,PST
23192500,C23,"Glass electrical insulators (excluding insulating fittings (other than insulators) for electrical machinery, appliances or equipment)",['85461000'],['KG'],1,True,15,15,['KG'],0,1,True,True,True,True,True,True,85461000,KG
23192640,C23,"Signalling glassware and optical elements of glass, not optically worked; glass cubes and other glass smallwares, for mosaic or similar decorative purposes (excluding finished panels and other decorative motifs made from mosaic cubes)","['70140000', '70161000']",['KG'],2,True,15,15,['KG'],0,1,True,True,True,True,True,True,70140000|70161000,KG
23192670,C23,"Glass smallware (including beads, imitation pearls/stones, etc.)","['70181011', '70181019', '70181030', '70181051', '70181059', '70181090', '70182000', '70189010', '70189090']",['KG'],9,True,15,15,['KG'],0,1,True,True,True,True,True,True,70181011|70181019|70181030|70181051|70181059|70181090|70182000|70189010|70189090,KG
23201100,C23,"Ceramic goods of siliceous fossil meals or earths including bricks, blocks, slabs, panels, tiles, hollow bricks, cylinder shells and pipes excluding filter plates containing kieselguhr and quartz",['69010000'],['KG'],1,True,15,15,['KG'],0,1,True,True,True,True,True,True,69010000,KG
23201210,C23,"Refractory ceramic constructional goods containing >50 % of MgO, CaO or Cr2O3 including bricks, blocks and tiles excluding goods of siliceous fossil meals or earths, tubing and piping",['69021000'],['KG'],1,True,15,15,['KG'],0,1,True,True,True,True,True,True,69021000,KG
23201233,C23,"Refractory bricks, blocks, tiles and similar refractory ceramic constructional goods containing, by weight, >= 93% silica (excl. those of siliceous fossil meals or similar siliceous earths)",['69022010'],['KG'],1,True,15,15,['KG'],0,1,True,True,True,True,True,True,69022010,KG
23201235,C23,"Refractory bricks, blocks, tiles and similar refractory ceramic constructional goods containing, by weight, > 7 % but < 45 % alumina, but > 50 % by weight combined with silica",['69022091'],['KG'],1,True,15,15,['KG'],0,1,True,True,True,True,True,True,69022091,KG
23201237,C23,"Refractory bricks, blocks..., weight > 50 % Al2O3 and/or SiO2: others",['69022099'],['KG'],1,True,15,15,['KG'],0,1,True,True,True,True,True,True,69022099,KG
23201290,C23,"Refractory bricks, blocks, tiles, etc., n.e.c.",['69029000'],['KG'],1,True,15,15,['KG'],0,1,True,True,True,True,True,True,69029000,KG
23201300,C23,"Refractory cements, mortars, concretes and similar compositions (including refractory plastics, ramming mixes, gunning mixes) (excluding carbonaceous pastes)",['38160090'],['KG'],1,True,15,15,['KG'],0,1,True,True,True,True,True,True,38160090,KG
23201410,C23,"Articles of stone or other mineral substances, n.e.s. containing magnesite, dolomite or chromite",[],[],0,,14,14,['KG'],0,1,False,False,True,False,True,False,,
23201430,C23,"Refractory ceramic goods, n.e.c., by weight > 25 % graphite or other forms of carbon","['69031000', '69039010']",['KG'],2,True,15,15,['KG'],0,1,True,True,True,True,True,True,69031000|69039010,KG
23201455,C23,"Refractory ceramic goods, n.e.c., alumina or silica or mixture > 50 % : alumina < 45 %",['69032010'],['KG'],1,True,15,15,['KG'],0,1,True,True,True,True,True,True,69032010,KG
23201459,C23,"Refractory ceramic goods, n.e.c., alumina or silica or mixture > 50 % : alumina >= 45 %",['69032090'],['KG'],1,True,15,15,['KG'],0,1,True,True,True,True,True,True,69032090,KG
23201490,C23,"Refractory ceramic goods, n.e.c.",['69039090'],['KG'],1,True,15,15,['KG'],0,1,True,True,True,True,True,True,69039090,KG
23311010,C23,"Unglazed ceramic mosaic tiles, cubes and similar articles, with a surface area < 49 cm²",[],[],0,,9,9,['M2'],0,1,False,False,False,False,True,False,,
23311020,C23,"Glazed ceramic mosaic tiles, cubes and similar articles, with a surface area < 49 cm²",[],[],0,,9,9,['M2'],0,1,False,False,False,False,True,False,,
23311030,C23,Unglazed ceramic double tiles of the Spaltplatten type,[],[],0,,3,3,['M2'],0,1,False,False,False,False,True,False,,
23311053,C23,"Unglazed stoneware flags and paving, hearth or wall tiles (excluding double tiles of the Spaltplatten type)",[],[],0,,3,3,['M2'],0,1,False,False,False,False,True,False,,
23311057,C23,"Earthenware or fine pottery and other unglazed ceramic flags and paving, hearth or wall tiles (excluding of siliceous fossil meals or similar siliceous earths, refractory ceramic goods, articles of stoneware, double tiles of the Spaltplatten type, tiles made into stands, ornamental articles and tiles specifically manufactured for stoves)",[],[],0,,3,3,['M2'],0,1,False,False,False,False,True,False,,
23311071,C23,Glazed ceramic double tiles of the spaltplatten type,[],[],0,,9,9,['M2'],0,1,False,False,False,False,True,False,,
23311073,C23,"Glazed stoneware flags and paving, hearth or wall tiles, with a face of > 90 cm²",[],[],0,,9,9,['M2'],0,1,False,False,False,False,True,False,,
23311075,C23,"Glazed earthenware or fine pottery ceramic flags and paving, hearth or wall tiles, with a face of > 90 cm²",[],[],0,,9,9,['M2'],0,1,False,False,False,False,True,False,,
23311079,C23,"Glazed ceramic flags and paving, hearth or wall tiles excluding double tiles of the spaltplatten type, stoneware, earthenware or fine pottery flags, paving or tiles with a face of not > 90 cm²",[],[],0,,9,9,['M2'],0,1,False,False,False,False,True,False,,
23321110,C23,Non-refractory clay building bricks (excluding of siliceous fossil meals or earths),['69041000'],['M3'],1,True,15,15,['M3'],0,1,True,False,False,True,True,False,69041000,M3
23321130,C23,"Non-refractory clay flooring blocks, support or filler tiles and the like (excluding of siliceous fossil meals or earths)",['69049000'],['KG'],1,True,15,15,['KG'],0,1,True,True,True,True,True,True,69049000,KG
23321250,C23,Non-refractory clay roofing tiles,['69051000'],['PST'],1,True,15,15,"['P/ST', 'PST']",0,1,True,False,False,True,True,False,69051000,PST
23321270,C23,"Non-refractory clay constructional products (including chimneypots, cowls, chimney liners and flue-blocks, architectural ornaments, ventilator grills, clay-lath; excluding pipes, guttering and the like)",['69059000'],['KG'],1,True,15,15,['KG'],0,1,True,True,True,True,True,True,69059000,KG
23321300,C23,"Ceramic pipes, conduits, guttering and pipe fittings: drain pipes and guttering with fittings",['69060000'],['KG'],1,True,15,15,['KG'],0,1,True,True,True,True,True,True,69060000,KG
23411130,C23,"Porcelain or china tableware and kitchenware (excluding electro-thermic apparatus, coffee or spice mills with metal working parts)",['69111000'],['KG'],1,True,15,15,['KG'],0,1,True,True,True,True,True,True,69111000,KG
23411150,C23,"Household and toilet articles, n.e.c., of porcelain or china",['69119000'],['KG'],1,True,15,15,['KG'],0,1,True,True,True,True,True,True,69119000,KG
23411210,C23,"Ceramic tableware, other household articles : common pottery","['69120021', '69120081']",['KG'],2,True,15,15,['KG'],0,1,True,True,True,True,True,True,69120021|69120081,KG
23411230,C23,"Ceramic tableware, other household articles : stoneware","['69120023', '69120083']",['KG'],2,True,15,15,['KG'],0,1,True,True,True,True,True,True,69120023|69120083,KG
23411250,C23,"Ceramic tableware, other household articles : earthenware or fine pottery","['69120025', '69120085']",['KG'],2,True,15,15,['KG'],0,1,True,True,True,True,True,True,69120025|69120085,KG
23411290,C23,"Ceramic tableware, other household articles : others","['69120029', '69120089']",['KG'],2,True,15,15,['KG'],0,1,True,True,True,True,True,True,69120029|69120089,KG
23421030,C23,"Ceramic sinks, etc. and other sanitary fixtures, of porcelain or china",['69101000'],['PST'],1,True,15,15,"['P/ST', 'PST']",0,1,True,False,False,True,True,False,69101000,PST
23421050,C23,"Ceramic sinks, wash basins, baths... and other sanitary fixtures, n.e.c.",['69109000'],['PST'],1,True,15,15,"['P/ST', 'PST']",0,1,True,False,False,True,True,False,69109000,PST
23431033,C23,Ceramic electrical insulators (excluding with metallic parts),[],[],0,,3,3,['KG'],0,1,False,False,True,False,True,False,,
23431035,C23,Ceramic electrical insulators for overhead power transmission or traction lines (including with metallic parts) (excluding lightning arresters),[],[],0,,3,3,['KG'],0,1,False,False,True,False,True,False,,
23431039,C23,"Ceramic electrical insulators (including with metallic parts) (excluding for overhead power transmission or traction lines, lightning arresters)",[],[],0,,3,3,['KG'],0,1,False,False,True,False,True,False,,
23431053,C23,"Ceramic insulating fittings for electrical machines, appliances or equipment; containing >= 80 % by weight of metallic oxides",[],[],0,,3,3,['KG'],0,1,False,False,True,False,True,False,,
23431055,C23,"Ceramic insulating fittings for electrical machines, appliances or equipment (excluding fittings containing >= 80% by weight of metallic oxides)",[],[],0,,3,3,['KG'],0,1,False,False,True,False,True,False,,
23441100,C23,"Ceramic wares for laboratory, chemical, technical use, of porcelain or china",['69091100'],['KG'],1,True,15,15,['KG'],0,1,True,True,True,True,True,True,69091100,KG
23441210,C23,"Ceramic wares for laboratory, chemical, technical use, other material than porcelain or china","['69091200', '69091900']",['KG'],2,True,15,15,['KG'],0,1,True,True,True,True,True,True,69091200|69091900,KG
23441230,C23,Permanent magnets and articles intended to become permanent magnets (excluding of metal),"['85051910', '85051990']",['KG'],2,True,15,15,['KG'],0,1,True,True,True,True,True,True,85051910|85051990,KG
23491100,C23,Ceramic articles for use in agriculture and for the conveyance or packing of goods,['69099000'],['KG'],1,True,15,15,['KG'],0,1,True,True,True,True,True,True,69099000,KG
23491230,C23,"Other ceramic articles of porcelain/china including non-refractory firebrick cheeks, parts of stoves/fireplaces, flower-pots, handles and knobs, signs/motifs for shops, radiator humidifiers",['69141000'],['KG'],1,True,15,15,['KG'],0,1,True,True,True,True,True,True,69141000,KG
23491255,C23,"Other ceramic articles (common pottery) including heating apparatus, non-refractory firebrick cheeks, stoves/fireplaces parts, flower-pots, handles/knobs, shopssigns, radiator humidifiers",[],[],0,,3,3,['KG'],0,1,False,False,True,False,True,False,,
23491259,C23,"Ceramic articles, n.e.c. : other than porcelain or common pottery",[],[],0,,3,3,['KG'],0,1,False,False,True,False,True,False,,
23511100,C23,Cement clinker,['25231000'],['KG'],1,True,15,15,['KG'],0,1,True,True,True,True,True,True,25231000,KG
23511210,C23,Portland cement,"['25232100', '25232900']",['KG'],2,True,15,15,['KG'],0,1,True,True,True,True,True,True,25232100|25232900,KG
23511290,C23,Other hydraulic cements,"['25233000', '25239000']",['KG'],2,True,15,15,['KG'],0,1,True,True,True,True,True,True,25233000|25239000,KG
23521033,C23,Quicklime,['25221000'],['KG'],1,True,15,15,['KG'],0,1,True,True,True,True,True,True,25221000,KG
23521035,C23,Slaked lime,['25222000'],['KG'],1,True,15,15,['KG'],0,1,True,True,True,True,True,True,25222000,KG
23521050,C23,Hydraulic lime,['25223000'],['KG'],1,True,15,15,['KG'],0,1,True,True,True,True,True,True,25223000,KG
23522000,C23,"Plasters consisting of calcined gypsum or calcium sulphate (including for use in building, for use in dressing woven fabrics or surfacing paper, for use in dentistry)",['25202000'],['KG'],1,True,15,15,['KG'],0,1,True,True,True,True,True,True,25202000,KG
23523030,C23,"Calcined and sintered dolomite, crude, roughly trimmed or merely cut into rectangular or square blocks or slabs",['25182000'],['KG'],1,True,15,15,['KG'],0,1,True,True,True,True,True,True,25182000,KG
23523050,C23,Agglomerated dolomite (including tarred dolomite),[],[],0,,14,14,['KG'],0,1,False,False,True,False,True,False,,
23611130,C23,"Building blocks and bricks of cement, concrete or artificial stone","['68101110', '68101190']",['KG'],2,True,15,15,['KG'],0,1,True,True,True,True,True,True,68101110|68101190,KG
23611150,C23,"Tiles, flagstones and similar articles of cement, concrete or artificial stone (excluding building blocks and bricks)",['68101900'],['KG'],1,True,15,15,['KG'],0,1,True,True,True,True,True,True,68101900,KG
23611200,C23,"Prefabricated structural components for building or civil engineering, of cement, concrete or artificial stone",['68109100'],['KG'],1,True,15,15,['KG'],0,1,True,True,True,True,True,True,68109100,KG
23621050,C23,"Boards, sheets, panels, tiles and similar articles of plaster or of compositions based on plaster, faced or reinforced with paper or paperboard only (excluding articles agglomerated with plaster, ornamented)",['68091100'],['M2'],1,True,15,15,['M2'],0,1,True,False,False,True,True,False,68091100,M2
23621090,C23,"Boards, sheets, panels, tiles and similar articles of plaster or of compositions based on plaster, not faced or reinforced with paper or paperboard only (excluding articles agglomerated with plaster, ornamented)",['68091900'],['M2'],1,True,15,15,['M2'],0,1,True,False,False,True,True,False,68091900,M2
23631000,C23,Ready-mixed concrete,['38245010'],['KG'],1,True,15,15,['KG'],0,1,True,True,True,True,True,True,38245010,KG
23641000,C23,Factory made mortars,['38245090'],['KG'],1,True,15,15,['KG'],0,1,True,True,True,True,True,True,38245090,KG
23651100,C23,"Panels, boards, tiles, blocks and similar articles of vegetable fibre, of straw or of shavings, chips, particles, sawdust or other waste of wood, agglomerated with cement, plaster or other mineral binders",['68080000'],['M2'],1,True,14,14,['M2'],0,1,True,False,False,False,True,False,68080000,M2
23651220,C23,"Articles of asbestos-cement, of cellulose fibre-cement or similar mixtures of fibres (asbestos, cellulose or other vegetable fibres, synthetic polymer, glass or metallic fibres, etc.) and cement or other hydraulic binders, containing asbestos",['68114000'],['KG'],1,True,15,15,['KG'],0,1,True,True,True,True,True,True,68114000,KG
23651240,C23,"Sheets, panels, tiles and similar articles, of cellulose fibre-cement or similar mixtures of fibres (cellulose or other vegetable fibres, synthetic polymer, glass or metallic fibres, etc.) and cement or other hydraulic binders, not containing asbestos","['68118100', '68118200']",['M2'],2,True,15,15,['M2'],0,1,True,False,False,True,True,False,68118100|68118200,M2
23651260,C23,"Tubes, pipes and tube or pipe fittings, of cellulose fibre-cement or similar mixtures of fibres (cellulose or other vegetable fibres, synthetic polymer, glass or metallic fibres, etc) and cement or other hydraulic binders, not containing asbestos",[],[],0,,4,4,['KG'],0,1,False,False,True,False,True,False,,
23651280,C23,"Articles of cellulose fibre-cement or similar mixtures of fibres (cellulose or other vegetable fibres, synthetic polymer, glass or metallic fibres, etc) and cement or other hydraulic binders, not containing asbestos (excluding sheets, panels, tiles and similar articles as well as tubes, pipes and tube or pipe fittings)",[],[],0,,4,4,['KG'],0,1,False,False,True,False,True,False,,
23691100,C23,"Articles of plaster or compositions based on plaster, n.e.c.",['68099000'],['KG'],1,True,15,15,['KG'],0,1,True,True,True,True,True,True,68099000,KG
23691930,C23,"Pipes of cement, concrete or artificial stone",['68109900'],['KG'],1,False,15,15,['KG'],0,1,False,True,True,True,True,False,68109900,KG
23691980,C23,"Articles of cement, concrete or artificial stone for non-constructional purposes (including vases, flower pots, architectural or garden ornaments, statues and ornamental goods)",['68109900'],['KG'],1,False,15,15,['KG'],0,1,False,True,True,True,True,False,68109900,KG
236919Z0,C23,"Pipes and other articles of cement, concrete or artificial stone, and accessories",['68109900'],['KG'],1,False,15,15,['KG'],0,1,False,True,True,True,True,False,68109900,KG
23701100,C23,"Worked monumental/building stone and articles thereof, in marble, travertine and alabaster (excluding tiles, cubes/similar articles, largest surface area of which is capable of being enclosed in a square the side of which is < 7 cm, setts, kerbstones, flagstones)","['68022100', '68029100']",['KG'],2,True,15,15,['KG'],0,1,True,True,True,True,True,True,68022100|68029100,KG
23701210,C23,"Natural stone setts, kerbstones and flagstones (excluding of slate)",['68010000'],['KG'],1,True,15,15,['KG'],0,1,True,True,True,True,True,True,68010000,KG
23701230,C23,"Tiles, cubes and similar articles of natural stone, whether or not rectangular (including square), the largest surface area of which is capable of being enclosed in a square the side of which is < 7 cm; artificially coloured granules, chippings and powder of natural stone",['68021000'],['KG'],1,True,15,15,['KG'],0,1,True,True,True,True,True,True,68021000,KG
23701260,C23,"Worked monumental or building stone and articles thereof, of granite (excluding tiles, cubes and similar articles, of which the largest surface area is capable of being enclosed in a square the side of which is < 7 cm, setts, kerbstones and flagstones)","['68022300', '68029310', '68029390']",['KG'],3,True,14,14,['KG'],0,1,True,True,True,False,True,False,68022300|68029310|68029390,KG
23701270,C23,"Worked monumental or building stone and articles thereof (excluding of granite or slate, tiles; cubes and similar articles; of which the largest surface area is capable of being enclosed in a square the side of which is < 7 cm)","['68022900', '68029200', '68029910', '68029990']",['KG'],4,True,15,15,['KG'],0,1,True,True,True,True,True,True,68022900|68029200|68029910|68029990,KG
23701280,C23,Worked slate and articles of slate or of agglomerated slate,"['68030010', '68030090']",['KG'],2,True,15,15,['KG'],0,1,True,True,True,True,True,True,68030010|68030090,KG
23911110,C23,"Millstones and grindstones, without frameworks, for milling, grinding or pulping",['68041000'],['KG'],1,True,15,15,['KG'],0,1,True,True,True,True,True,True,68041000,KG
23911120,C23,"Millstones, grindstones, grinding wheels and the like, without frameworks, of agglomerated synthetic or natural diamond (excluding millstones and grindstones for milling, grinding or pulping)",['68042100'],['KG'],1,True,15,15,['KG'],0,1,True,True,True,True,True,True,68042100,KG
23911130,C23,"Millstones, grindstones, grinding wheels and the like, without frameworks, of artificial abrasives, with binder of synthetic or artificial resin, reinforced (excluding millstones and grindstones for milling, grinding or pulping)",['68042218'],['KG'],1,True,15,15,['KG'],0,1,True,True,True,True,True,True,68042218,KG
23911140,C23,"Millstones, grindstones, grinding wheels and the like, without frameworks, of artificial abrasives, with binder of synthetic or artificial resin, non-reinforced (excluding millstones and grindstones for milling, grinding or pulping)",['68042212'],['KG'],1,True,15,15,['KG'],0,1,True,True,True,True,True,True,68042212,KG
23911150,C23,"Millstones, grindstones, grinding wheels and the like, without frameworks, of artificial abrasives, with binder of ceramics or silicates (excluding millstones and grindstones for milling, grinding or pulping)",['68042230'],['KG'],1,True,15,15,['KG'],0,1,True,True,True,True,True,True,68042230,KG
23911190,C23,"Other millstones, grindstones, grinding wheels and the like, without frameworks; hand sharpening or polishing stones","['68042250', '68042290', '68042300', '68043000']",['KG'],4,True,15,15,['KG'],0,1,True,True,True,True,True,True,68042250|68042290|68042300|68043000,KG
23911230,C23,"Natural or artificial abrasive powder or grain, on a base of woven textile fabric only",['68051000'],['M2'],1,True,15,15,['M2'],0,1,True,False,False,True,True,False,68051000,M2
23911250,C23,"Natural or artificial abrasive powder or grain, on a base of paper or paperboard only",['68052000'],['M2'],1,True,15,15,['M2'],0,1,True,False,False,True,True,False,68052000,M2
23911290,C23,"Natural or artificial abrasive powder or grain on a base (excluding on a base of woven textile only, on a base of paper or paperboard only)",['68053000'],['M2'],1,True,15,15,['M2'],0,1,True,False,False,True,True,False,68053000,M2
23991100,C23,"Fabricated asbestos fibres; mixtures with a basis of asbestos and magnesium carbonate; articles of such mixtures, or of asbestos; friction material for brakes, clutches and the like, not mounted","['68128010', '68128090', '68129100', '68129910', '68129990', '68132000', '68138100', '68138900']",['KG'],8,True,15,15,['KG'],0,1,True,True,True,True,True,True,68128010|68128090|68129100|68129910|68129990|68132000|68138100|68138900,KG
23991253,C23,Roofing or water-proofing felts based on bitumen (in rolls),[],[],0,,3,3,['M2'],0,1,False,False,False,False,True,False,,
23991259,C23,Other products based on bitumen (in rolls),[],[],0,,3,3,['M2'],0,1,False,False,False,False,True,False,,
23991290,C23,Products based on bitumen (excluding in rolls),['68079000'],['KG'],1,True,15,15,['KG'],0,1,True,True,True,True,True,True,68079000,KG
23991310,C23,Bituminous mixtures based on natural and artificial aggregate and bitumen or natural asphalt as a binder,['27150000'],['KG'],1,True,15,15,['KG'],0,1,True,True,True,True,True,True,27150000,KG
23991320,C23,Pre-coated aggregates,['25173000'],['KG'],1,True,15,15,['KG'],0,1,True,True,True,True,True,True,25173000,KG
23991400,C23,"Artificial graphite, colloidal, semi-colloidal graphite, and preparations","['38011000', '38012010', '38012090', '38013000', '38019000']",['KG'],5,True,15,15,['KG'],0,1,True,True,True,True,True,True,38011000|38012010|38012090|38013000|38019000,KG
23991500,C23,Artificial corundum (excluding mechanical mixtures),"['28181011', '28181019', '28181091', '28181099']",['KG'],4,True,15,15,['KG'],0,1,True,True,True,True,True,True,28181011|28181019|28181091|28181099,KG
23991910,C23,"Slag wool, rock wool and similar mineral wools and mixtures thereof, in bulk, sheets or rolls",['68061000'],['KG'],1,True,15,15,['KG'],0,1,True,True,True,True,True,True,68061000,KG
23991920,C23,"Exfoliated vermiculite, expanded clays, foamed slag and similar expanded mineral materials and mixtures thereof","['68062010', '68062090']",['KG'],2,True,15,15,['KG'],0,1,True,True,True,True,True,True,68062010|68062090,KG
23991930,C23,Mixtures and articles of heat/sound-insulating materials n.e.c.,['68069000'],['KG'],1,True,15,15,['KG'],0,1,True,True,True,True,True,True,68069000,KG
23991950,C23,Worked mica and articles of mica,"['68141000', '68149000']",['KG'],2,True,15,15,['KG'],0,1,True,True,True,True,True,True,68141000|68149000,KG
23991970,C23,Non-electrical articles of graphite or other carbon,"['68151100', '68151200', '68151300', '68151900']",['KG'],4,True,15,15,['KG'],0,1,True,True,True,True,True,True,68151100|68151200|68151300|68151900,KG
23991980,C23,"Articles of peat (including sheets, cylinder shells and plant pots) (excluding textile articles of peat fibre)",['68152000'],['KG'],1,True,15,15,['KG'],0,1,True,True,True,True,True,True,68152000,KG
23991990,C23,"Articles of stone or other mineral substances, n.e.c.",[],[],0,,14,14,['KG'],0,1,False,False,True,False,True,False,,
24101100,C24,"Pig iron and spiegeleisen in pigs, blocks or other primary forms","['72011011', '72011019', '72011030', '72011090', '72012000', '72015010', '72015090']",['KG'],7,True,15,15,['KG'],0,1,True,True,True,True,True,True,72011011|72011019|72011030|72011090|72012000|72015010|72015090,KG
24101215,C24,Ferro-manganese,[],[],0,,11,11,['KG'],0,1,False,False,True,False,True,False,,
24101230,C24,Ferro-silicon,[],[],0,,11,11,['KG'],0,1,False,False,True,False,True,False,,
24101245,C24,Ferro-silico-manganese,['72023000'],['KG'],1,True,15,15,['KG'],0,1,True,True,True,True,True,True,72023000,KG
24101260,C24,Ferro-chromium,"['72024110', '72024190', '72024910', '72024950', '72024990']",['KG'],5,True,15,15,['KG'],0,1,True,True,True,True,True,True,72024110|72024190|72024910|72024950|72024990,KG
24101275,C24,Ferro-molybdenum,['72027000'],['KG'],1,True,15,15,['KG'],0,1,True,True,True,True,True,True,72027000,KG
24101290,C24,Other ferro alloys n.e.c.,[],[],0,,11,11,['KG'],0,1,False,False,True,False,True,False,,
24101300,C24,"Ferrous products obtained by direct reduction of iron ore and other spongy ferrous products, in lumps, pellets or similar forms; iron having a minimum purity by weight of 99,94  %, in lumps, pellets or similar forms","['72031000', '72039000']",['KG'],2,True,15,15,['KG'],0,1,True,True,True,True,True,True,72031000|72039000,KG
24101410,C24,"Granules and powders, of pig iron, spiegeleisen, iron or steel","['72051000', '72052100', '72052900']",['KG'],3,True,15,15,['KG'],0,1,True,True,True,True,True,True,72051000|72052100|72052900,KG
24101420,C24,"Remelting scrap ingots of iron or steel (excluding products whose chemical composition conforms to the definitions of pig iron, spiegeleisen, or ferro-alloys)",['72045000'],['KG'],1,True,15,15,['KG'],0,1,True,True,True,True,True,True,72045000,KG
24102110,C24,Flat semi-finished products (of non-alloy steel),"['72071210', '72071290', '72072032', '72072039']",['KG'],4,True,15,15,['KG'],0,1,True,True,True,True,True,True,72071210|72071290|72072032|72072039,KG
24102121,C24,"Ingots, other primary forms and long semi-finished products for seamless tubes (of non-alloy steel)","['72061000', '72071111', '72071114', '72071116', '72071912', '72072011', '72072015', '72072017', '72072052']",['KG'],9,False,15,15,['KG'],0,1,False,True,True,True,True,False,72061000|72071111|72071114|72071116|72071912|72072011|72072015|72072017|72072052,KG
24102122,C24,"Other ingots, primary forms and long semi-finished products including blanks (of non-alloy steel)","['72069000', '72071111', '72071114', '72071116', '72071190', '72071912', '72071919', '72071980', '72072011', '72072015', '72072017', '72072019', '72072052', '72072059', '72072080']",['KG'],15,False,15,15,['KG'],0,1,False,True,True,True,True,False,72069000|72071111|72071114|72071116|72071190|72071912|72071919|72071980|72072011|72072015|72072017|72072019|72072052|72072059|72072080,KG
241021Z0,C24,"Ingots, other primary forms and long semi-finished products, of non-alloy steel","['72061000', '72069000', '72071111', '72071114', '72071116', '72071190', '72071912', '72071919', '72071980', '72072011', '72072015', '72072017', '72072019', '72072052', '72072059', '72072080']",['KG'],16,False,15,15,['KG'],0,1,False,True,True,True,True,False,72061000|72069000|72071111|72071114|72071116|72071190|72071912|72071919|72071980|72072011|72072015|72072017|72072019|72072052|72072059|72072080,KG
24102210,C24,Flat semi-finished products (slabs) (of stainless steel),"['72189110', '72189180']",['KG'],2,True,15,15,['KG'],0,1,True,True,True,True,True,True,72189110|72189180,KG
24102221,C24,"Ingots, other primary forms and long semi-finished products for seamless tubes (of stainless steel)","['72181000', '72189911', '72189920']",['KG'],3,False,15,15,['KG'],0,1,False,True,True,True,True,False,72181000|72189911|72189920,KG
24102222,C24,"Other ingots, primary forms and long semi-finished products (of stainless steel)","['72181000', '72189911', '72189919', '72189920', '72189980']",['KG'],5,False,15,15,['KG'],0,1,False,True,True,True,True,False,72181000|72189911|72189919|72189920|72189980,KG
241022Z0,C24,"Ingots, other primary forms and long semi-finished products, of stainless steel","['72181000', '72189911', '72189919', '72189920', '72189980']",['KG'],5,False,15,15,['KG'],0,1,False,True,True,True,True,False,72181000|72189911|72189919|72189920|72189980,KG
24102310,C24,Flat semi-finished products (of alloy steel other than of stainless steel),['72249014'],['KG'],1,True,15,15,['KG'],0,1,True,True,True,True,True,True,72249014,KG
24102321,C24,"Ingots, other primary forms and long semi-finished products for seamless tubes (of alloy steel other than of stainless steel)","['72241010', '72241090', '72249002', '72249003', '72249005', '72249007', '72249031', '72249038']",['KG'],8,False,15,15,['KG'],0,1,False,True,True,True,True,False,72241010|72241090|72249002|72249003|72249005|72249007|72249031|72249038,KG
24102322,C24,"Other ingots, primary forms and long semi-finished products (of alloy steel other than of stainless steel)","['72241010', '72241090', '72249002', '72249003', '72249005', '72249007', '72249018', '72249031', '72249038', '72249090']",['KG'],10,False,15,15,['KG'],0,1,False,True,True,True,True,False,72241010|72241090|72249002|72249003|72249005|72249007|72249018|72249031|72249038|72249090,KG
241023Z0,C24,"Ingots, other primary forms and long semi-finished products, of alloy steel other than stainless steel","['72241010', '72241090', '72249002', '72249003', '72249005', '72249007', '72249018', '72249031', '72249038', '72249090']",['KG'],10,False,15,15,['KG'],0,1,False,True,True,True,True,False,72241010|72241090|72249002|72249003|72249005|72249007|72249018|72249031|72249038|72249090,KG
24103110,C24,"Flat-rolled products of iron or non-alloy steel, of a width >= 600 mm, simply hot-rolled, not clad, plated or coated, in coils","['72081000', '72082500', '72082600', '72082700', '72083600', '72083700', '72083800', '72083900']",['KG'],8,True,15,15,['KG'],0,1,True,True,True,True,True,True,72081000|72082500|72082600|72082700|72083600|72083700|72083800|72083900,KG
24103130,C24,"Flat-rolled products of iron or non-alloy steel, of a width >= 600 mm, not in coils, simply hot-rolled, not clad, plated or coated, with patterns in relief directly due to the rolling process and products of a thickness < 4,75 mm, without patterns in relief (excluding rolled on four faces or in a closed bow pass of a width <= 1 250 mm and of a thickness of >= 4 mm)","['72084000', '72085390', '72085400']",['KG'],3,False,15,15,['KG'],0,1,False,True,True,True,True,False,72084000|72085390|72085400,KG
24103150,C24,"Flat-rolled products, of iron or non-alloy steel, of a width >= 600 mm (excluding ‘wide flats’), not in coils, simply hot-rolled, not clad, plated or coated, without patterns in relief; flat-rolled products of iron or steel, of a width >= 600 mm, hot-rolled and further worked, but not clad, plated or coated","['72085120', '72085191', '72085198', '72085210', '72085291', '72085299', '72085310', '72089020', '72089080']",['KG'],9,False,15,15,['KG'],0,1,False,True,True,True,True,False,72085120|72085191|72085198|72085210|72085291|72085299|72085310|72089020|72089080,KG
24103210,C24,"Flat-rolled products of iron or non-alloy steel, simply hot-rolled on four faces or in a closed box pass, not clad, plated or coated, of a width of > 150 mm but < 600 mm and a thickness of >= 4 mm, not in coils, without patterns in relief, commonly known as ‘wide flats’",['72111300'],['KG'],1,False,15,15,['KG'],0,1,False,True,True,True,True,False,72111300,KG
24103230,C24,"Flat-rolled products of iron or non-alloy steel, of a width < 600 mm, simply hot-rolled, not clad, plated or coated (excluding ‘wide flats’)","['72111400', '72111900']",['KG'],2,True,15,15,['KG'],0,1,True,True,True,True,True,True,72111400|72111900,KG
24103310,C24,"Hot-rolled flat products in coil for rerolling of a width of 600 mm or more, of stainless steel","['72191100', '72191210', '72191290', '72191310', '72191390', '72191410', '72191490']",['KG'],7,False,15,15,['KG'],0,1,False,True,True,True,True,False,72191100|72191210|72191290|72191310|72191390|72191410|72191490,KG
24103320,C24,"Other hot-rolled flat products in coil of a width of 600 mm or more, of stainless steel","['72191100', '72191210', '72191290', '72191310', '72191390', '72191410', '72191490']",['KG'],7,False,15,15,['KG'],0,1,False,True,True,True,True,False,72191100|72191210|72191290|72191310|72191390|72191410|72191490,KG
24103330,C24,"Plates and sheets produced by cutting from hot-rolled wide strip of a width of 600 mm or more, of stainless steel","['72192210', '72192290', '72192300', '72192400']",['KG'],4,True,15,15,['KG'],0,1,True,True,True,True,True,True,72192210|72192290|72192300|72192400,KG
24103340,C24,"Plates and sheets produced on a reversing mill (quarto) of a width of 600 mm or more and wide flats, of stainless steel","['72192110', '72192190']",['KG'],2,False,15,15,['KG'],0,1,False,True,True,True,True,False,72192110|72192190,KG
241033Z0,C24,"Hot-rolled flat products in coil of a width >= 600 mm, of stainless steel","['72191100', '72191210', '72191290', '72191310', '72191390', '72191410', '72191490']",['KG'],7,False,15,15,['KG'],0,1,False,True,True,True,True,False,72191100|72191210|72191290|72191310|72191390|72191410|72191490,KG
24103410,C24,"Hot-rolled flat products in coil for rerolling of a width of less than 600 mm, of stainless steel","['72201100', '72201200']",['KG'],2,False,15,15,['KG'],0,1,False,True,True,True,True,False,72201100|72201200,KG
24103420,C24,"Other hot-rolled flat products in coil of a width of less than 600 mm, of stainless steel","['72201100', '72201200']",['KG'],2,False,15,15,['KG'],0,1,False,True,True,True,True,False,72201100|72201200,KG
241034Z0,C24,"Hot-rolled flat products in coil of a width < 600 mm, of stainless steel","['72201100', '72201200']",['KG'],2,False,15,15,['KG'],0,1,False,True,True,True,True,False,72201100|72201200,KG
24103510,C24,"Flat-rolled products, of tool steel or alloy steel other than stainless steel, of a width >= 600 mm, not further worked than hot-rolled, in coils (excluding products of high-speed or silicon-electrical steel)","['72253010', '72253090']",['KG'],2,True,15,15,['KG'],0,1,True,True,True,True,True,True,72253010|72253090,KG
24103520,C24,"Flat-rolled products of high-speed steel, of a width >= 600 mm, hot-rolled or cold-rolled ‘cold-reduced’",[],[],0,,14,14,['KG'],0,1,False,False,True,False,True,False,,
24103530,C24,"Flat-rolled products, of tool steel or alloy steel other than stainless steel, of a width >= 600 mm, not further worked than hot-rolled, not in coils (excluding organic coated products, products of a thickness < 4,75 mm and products of high-speed or silicon-electrical steel)","['72254012', '72254040', '72254060']",['KG'],3,False,15,15,['KG'],0,1,False,True,True,True,True,False,72254012|72254040|72254060,KG
24103540,C24,"Flat-rolled products of alloy steel other than stainless, of a width >= 600 mm, not further worked than hot-rolled, not in coils, of a thickness of < 4,75 mm (excluding products of tool steel, high-speed steel or silicon-electrical steel)",['72254090'],['KG'],1,True,15,15,['KG'],0,1,True,True,True,True,True,True,72254090,KG
24103550,C24,"Flat-rolled products of alloy steel other than stainless, of a width >= 600 mm, hot-rolled or cold-rolled ‘cold-reduced’ and further worked (excluding plated or coated with zinc and products of silicon-electrical steel)",[],[],0,,14,14,['KG'],0,1,False,False,True,False,True,False,,
24103600,C24,"Flat-rolled products of alloy steel other than stainless, of a width of < 600 mm, not further worked than hot-rolled (excluding products of high-speed steel or silicon-electrical steel)","['72269120', '72269191', '72269199']",['KG'],3,True,15,15,['KG'],0,1,True,True,True,True,True,True,72269120|72269191|72269199,KG
24104110,C24,"Uncoated cold-rolled sheet, plate and strip of a width >= 600 mm, of steel other than stainless steel","['72091500', '72091690', '72091790', '72091891', '72091899', '72092500', '72092690', '72092790', '72092890', '72099020', '72099080']",['KG'],11,False,15,15,['KG'],0,1,False,True,True,True,True,False,72091500|72091690|72091790|72091891|72091899|72092500|72092690|72092790|72092890|72099020|72099080,KG
24104130,C24,Electrical sheet and strip not finally annealed of a width of 600 mm or more,"['72091690', '72091790', '72091891', '72091899', '72092690', '72092790', '72092890', '72099020', '72099080']",['KG'],9,False,15,15,['KG'],0,1,False,True,True,True,True,False,72091690|72091790|72091891|72091899|72092690|72092790|72092890|72099020|72099080,KG
24104150,C24,"Electrical sheet and strip, grain non-oriented of a width >= 600 mm","['72091610', '72091710', '72091810', '72092610', '72092710', '72092810']",['KG'],6,False,15,15,['KG'],0,1,False,True,True,True,True,False,72091610|72091710|72091810|72092610|72092710|72092810,KG
241041Z0,C24,"Uncoated cold-rolled sheet, plate and strip (including electrical sheet and strip not finally annealed), of a width >= 600 mm, of steel other than stainless steel","['72091500', '72091690', '72091790', '72091891', '72091899', '72092500', '72092690', '72092790', '72092890', '72099020', '72099080']",['KG'],11,False,15,15,['KG'],0,1,False,True,True,True,True,False,72091500|72091690|72091790|72091891|72091899|72092500|72092690|72092790|72092890|72099020|72099080,KG
24104200,C24,"Cold-rolled sheet, plate and wide strip of a width of 600 mm or more (of stainless steel)","['72193100', '72193210', '72193290', '72193310', '72193390', '72193410', '72193490', '72193510', '72193590', '72199020', '72199080']",['KG'],11,False,15,15,['KG'],0,1,False,True,True,True,True,False,72193100|72193210|72193290|72193310|72193390|72193410|72193490|72193510|72193590|72199020|72199080,KG
24104300,C24,"Flat-rolled products of alloy steel other than stainless, of a width of >= 600 mm, simply cold-rolled (excluding products of high-speed steel or silicon-electrical steel)",['72255080'],['KG'],1,False,15,15,['KG'],0,1,False,True,True,True,True,False,72255080,KG
24105110,C24,"Tinplate, other tinned sheet and strip, including electrolytically chromium coated steel (ECCS)",[],[],0,,14,14,['KG'],0,1,False,False,True,False,True,False,,
24105120,C24,"Flat-rolled products of iron or non-alloy steel, of a width >= 600 mm, electrolytically plated or coated with zinc",['72103000'],['KG'],1,False,15,15,['KG'],0,1,False,True,True,True,True,False,72103000,KG
24105130,C24,Hot-dipped metal coated sheet and strip of a width >= 600 mm,"['72102000', '72104100', '72104900', '72106100', '72106900', '72109080']",['KG'],6,False,15,15,['KG'],0,1,False,True,True,True,True,False,72102000|72104100|72104900|72106100|72106900|72109080,KG
24105140,C24,Organic coated sheet of a width >= 600 mm,['72107080'],['KG'],1,False,15,15,['KG'],0,1,False,True,True,True,True,False,72107080,KG
24105150,C24,"Flat-rolled products of iron or non-alloy steel, of a width >= 600 mm, clad",['72109030'],['KG'],1,False,15,15,['KG'],0,1,False,True,True,True,True,False,72109030,KG
24105210,C24,"Flat-rolled products of alloy steel other than stainless, of a width >= 600 mm, hot-rolled or cold-rolled ‘cold-reduced’ and electrolytically plated or coated with zinc (excluding products of silicon-electrical steel)",['72259100'],['KG'],1,False,15,15,['KG'],0,1,False,True,True,True,True,False,72259100,KG
24105230,C24,"Flat-rolled products of alloy steel other than stainless, of a width >= 600 mm, hot-rolled or cold-rolled ‘cold-reduced’ and plated or coated with zinc (excluding products electrolytically plated or coated and products of silicon-electrical steel)",['72259200'],['KG'],1,False,15,15,['KG'],0,1,False,True,True,True,True,False,72259200,KG
24105310,C24,"Electrical sheet and strip, grain oriented of a width of 600 mm or more",['72251100'],['KG'],1,False,15,15,['KG'],0,1,False,True,True,True,True,False,72251100,KG
24105330,C24,"Flat-rolled products of silicon-electrical steel, of a width >= 600 mm, non-grain-oriented","['72251910', '72251990']",['KG'],2,False,15,15,['KG'],0,1,False,True,True,True,True,False,72251910|72251990,KG
24105410,C24,"Electrical cold-rolled slit strip, grain oriented, in silicon-alloy steel, of a width of < 600 mm",['72261100'],['KG'],1,True,14,14,['KG'],0,1,True,True,True,False,True,False,72261100,KG
24105430,C24,"Flat-rolled products of silicon-electrical steel, of a width < 600 mm, non-grain-oriented","['72261910', '72261980']",['KG'],2,True,15,15,['KG'],0,1,True,True,True,True,True,True,72261910|72261980,KG
24105500,C24,"Flat rolled products of high speed steel, of a width < 600 mm",['72262000'],['KG'],1,True,15,15,['KG'],0,1,True,True,True,True,True,True,72262000,KG
24106110,C24,Ribbed or other deformed wire rod (of non-alloy steel),['72131000'],['KG'],1,False,15,15,['KG'],0,1,False,True,True,True,True,False,72131000,KG
24106120,C24,Wire rod of free-cutting steel,['72132000'],['KG'],1,False,15,15,['KG'],0,1,False,True,True,True,True,False,72132000,KG
24106130,C24,Wire rod used for concrete reinforcing (mesh/cold ribbed bars),['72139110'],['KG'],1,False,15,15,['KG'],0,1,False,True,True,True,True,False,72139110,KG
24106140,C24,Wire rod for tyre cord,['72139120'],['KG'],1,False,14,14,['KG'],0,1,False,True,True,False,True,False,72139120,KG
24106190,C24,Other wire rod (of non-alloy steel),"['72139141', '72139149', '72139170', '72139190', '72139910', '72139990']",['KG'],6,False,15,15,['KG'],0,1,False,True,True,True,True,False,72139141|72139149|72139170|72139190|72139910|72139990,KG
24106210,C24,Hot-rolled concrete reinforcing bars,"['72142000', '72149910']",['KG'],2,False,15,15,['KG'],0,1,False,True,True,True,True,False,72142000|72149910,KG
24106230,C24,Hot-rolled bars in free-cutting steels,['72143000'],['KG'],1,False,15,15,['KG'],0,1,False,True,True,True,True,False,72143000,KG
24106250,C24,Forged bars of steel and hot-rolled bars (excluding hollow drill bars and rods) of non-alloy steel (of other than of free-cutting steel),"['72141000', '72149110', '72149190', '72149931', '72149939', '72149950', '72149971', '72149979', '72149995']",['KG'],9,False,15,15,['KG'],0,1,False,True,True,True,True,False,72141000|72149110|72149190|72149931|72149939|72149950|72149971|72149979|72149995,KG
24106300,C24,"Hot-rolled wire rod in coil, of stainless steel","['72210010', '72210090']",['KG'],2,False,15,15,['KG'],0,1,False,True,True,True,True,False,72210010|72210090,KG
24106410,C24,"Hot-rolled round bars, of stainless steel","['72221111', '72221119', '72221181', '72221189']",['KG'],4,False,15,15,['KG'],0,1,False,True,True,True,True,False,72221111|72221119|72221181|72221189,KG
24106430,C24,"Bars and rods of stainless steel, only hot-rolled, only hot-drawn or only extruded (excluding of circular cross-section)","['72221910', '72221990']",['KG'],2,False,15,15,['KG'],0,1,False,True,True,True,True,False,72221910|72221990,KG
24106450,C24,"Forged bars, of stainless steel","['72223051', '72223091']",['KG'],2,True,15,15,['KG'],0,1,True,True,True,True,True,True,72223051|72223091,KG
24106470,C24,"Bars and rods of stainless steel, cold-formed or cold-finished and further worked, or hot-formed and further worked, n.e.s. (excluding forged products)",['72223097'],['KG'],1,True,15,15,['KG'],0,1,True,True,True,True,True,True,72223097,KG
24106510,C24,"Bars and rods of high-speed steel, hot-rolled, in irregularly wound coils",['72271000'],['KG'],1,True,15,15,['KG'],0,1,True,True,True,True,True,True,72271000,KG
24106530,C24,"Bars and rods of silico-manganese steel, hot-rolled, in irregularly wound coils",['72272000'],['KG'],1,False,15,15,['KG'],0,1,False,True,True,True,True,False,72272000,KG
24106550,C24,"Hot-rolled wire rod, of bearing steel",['72279050'],['KG'],1,True,15,15,['KG'],0,1,True,True,True,True,True,True,72279050,KG
24106570,C24,"Bars and rods of alloy steel other than stainless, hot-rolled, in irregularly wound coils (excluding products of bearing steel, high-speed steel or silico-manganese steel)","['72279010', '72279095']",['KG'],2,False,15,15,['KG'],0,1,False,True,True,True,True,False,72279010|72279095,KG
24106610,C24,Hot-rolled bars of high speed steel,"['72281020', '72281050']",['KG'],2,True,15,15,['KG'],0,1,True,True,True,True,True,True,72281020|72281050,KG
24106620,C24,Hot-rolled bars of silico-manganese steel,"['72282010', '72282091']",['KG'],2,False,15,15,['KG'],0,1,False,True,True,True,True,False,72282010|72282091,KG
24106630,C24,Hot-rolled bars in bearing steels,"['72283041', '72283049']",['KG'],2,False,15,15,['KG'],0,1,False,True,True,True,True,False,72283041|72283049,KG
24106640,C24,Hot-rolled bars in tool steels,"['72283020', '72284010']",['KG'],2,False,15,15,['KG'],0,1,False,True,True,True,True,False,72283020|72284010,KG
24106650,C24,"Hot-rolled bars (excluding hollow drill bars and rods) of alloy steel (other than of stainless, tool, silico-manganese, bearing and high speed steel)","['72283061', '72283069', '72283070', '72283089', '72284090', '72286020']",['KG'],6,False,15,15,['KG'],0,1,False,True,True,True,True,False,72283061|72283069|72283070|72283089|72284090|72286020,KG
24106660,C24,"Bars and rods, of alloy steel, cold-formed or cold-finished (e.g. by cold-drawing), painted, coated, clad or further worked (excluding stainless steel)",['72286080'],['KG'],1,True,15,15,['KG'],0,1,True,True,True,True,True,True,72286080,KG
24106700,C24,Hollow drill bars and rods,['72288000'],['KG'],1,False,15,15,['KG'],0,1,False,True,True,True,True,False,72288000,KG
24107110,C24,U-sections of a web height of 80 mm or more (of non-alloy steel),"['72163110', '72163190']",['KG'],2,False,15,15,['KG'],0,1,False,True,True,True,True,False,72163110|72163190,KG
24107120,C24,I-sections of a web height of 80 mm or more (of non-alloy steel),"['72163211', '72163219', '72163291', '72163299']",['KG'],4,False,15,15,['KG'],0,1,False,True,True,True,True,False,72163211|72163219|72163291|72163299,KG
24107130,C24,H-sections of a web height of 80 mm or more (of non-alloy steel),"['72163310', '72163390']",['KG'],2,False,15,15,['KG'],0,1,False,True,True,True,True,False,72163310|72163390,KG
24107140,C24,"Other open sections, not further worked than hot-rolled, hot-drawn or extruded, of non-alloy steel","['72161000', '72162100', '72162200', '72164010', '72164090', '72165010', '72165091', '72165099']",['KG'],8,False,15,15,['KG'],0,1,False,True,True,True,True,False,72161000|72162100|72162200|72164010|72164090|72165010|72165091|72165099,KG
24107200,C24,"Open sections, not further worked than hot-rolled, hot-drawn or extruded, of stainless steel","['72224010', '72224090']",['KG'],2,False,15,15,['KG'],0,1,False,True,True,True,True,False,72224010|72224090,KG
24107300,C24,"Open sections, not further worked than hot-rolled, hot-drawn or extruded, of other alloy steel",['72287010'],['KG'],1,False,15,15,['KG'],0,1,False,True,True,True,True,False,72287010,KG
24107410,C24,Sheet piling (of steel),['73011000'],['KG'],1,False,15,15,['KG'],0,1,False,True,True,True,True,False,73011000,KG
24107420,C24,Welded and cold-formed sections (of steel),['73012000'],['KG'],1,False,15,15,['KG'],0,1,False,True,True,True,True,False,73012000,KG
24107500,C24,Railway material (of steel),"['73021010', '73021022', '73021028', '73021040', '73021050', '73021090', '73023000', '73024000', '73029000']",['KG'],9,False,15,15,['KG'],0,1,False,True,True,True,True,False,73021010|73021022|73021028|73021040|73021050|73021090|73023000|73024000|73029000,KG
24201110,C24,"Line pipe, of a kind used for oil or gas pipelines, seamless, of stainless steel",['73041100'],['KG'],1,True,15,15,['KG'],0,1,True,True,True,True,True,True,73041100,KG
24201150,C24,"Line pipe, of a kind used for oil or gas pipelines, seamless, of steel other than stainless steel","['73041910', '73041930', '73041990']",['KG'],3,True,15,15,['KG'],0,1,True,True,True,True,True,True,73041910|73041930|73041990,KG
24201210,C24,"Casing, tubing and drill pipe, of a kind used in the drilling for oil or gas, seamless, of stainless steel","['73042200', '73042400']",['KG'],2,True,15,15,['KG'],0,1,True,True,True,True,True,True,73042200|73042400,KG
24201250,C24,"Casing, tubing and drill pipe, of a kind used in the drilling for oil or gas, seamless, of steel other than stainless steel","['73042300', '73042910', '73042930', '73042990']",['KG'],4,True,15,15,['KG'],0,1,True,True,True,True,True,True,73042300|73042910|73042930|73042990,KG
24201310,C24,"Tubes and pipes, of circular cross-section, seamless, of stainless steel (excluding line pipe of a kind used for oil or gas pipelines and casing, tubing and drill pipe used for oil or gas drilling)","['73044100', '73044983', '73044985', '73044989']",['KG'],4,True,15,15,['KG'],0,1,True,True,True,True,True,True,73044100|73044983|73044985|73044989,KG
24201330,C24,"Precision tubes and pipes, of circular cross-section, cold-drawn or cold-rolled, seamless, of steel other than stainless steel","['73043120', '73045181']",['KG'],2,True,15,15,['KG'],0,1,True,True,True,True,True,True,73043120|73045181,KG
24201350,C24,"Tubes and pipes, of circular cross-section, cold-drawn or cold-rolled, seamless, of steel other than stainless steel (excluding precision tubes and pipes)","['73043180', '73045110', '73045189']",['KG'],3,True,15,15,['KG'],0,1,True,True,True,True,True,True,73043180|73045110|73045189,KG
24201370,C24,"Tubes and pipes, of circular cross-section, hot-finished, seamless, of steel other than stainless steel (excluding line pipe of a kind used for oil or gas pipelines and casing, tubing and drill-pipe used for oil or gas drilling)","['73043950', '73043982', '73043983', '73043988', '73045930', '73045982', '73045983', '73045989']",['KG'],8,True,15,15,['KG'],0,1,True,True,True,True,True,True,73043950|73043982|73043983|73043988|73045930|73045982|73045983|73045989,KG
24201400,C24,"Tubes and pipes, of non-circular cross-section, seamless, and hollow profiles, seamless, of steel",['73049000'],['KG'],1,True,15,15,['KG'],0,1,True,True,True,True,True,True,73049000,KG
24202110,C24,"Line pipe, of a kind used for oil or gas pipelines, longitudinally welded, of an external diameter > 406,4 mm, of steel","['73051100', '73051200']",['KG'],2,True,15,15,['KG'],0,1,True,True,True,True,True,True,73051100|73051200,KG
24202150,C24,"Line pipe, of a kind used for oil or gas pipelines, other than longitudinally welded, of an external diameter > 406,4 mm, of steel",['73051900'],['KG'],1,True,15,15,['KG'],0,1,True,True,True,True,True,True,73051900,KG
24202200,C24,"Casing, of a kind used in drilling for oil or gas, welded, of an external diameter > 406,4 mm, of steel",['73052000'],['KG'],1,True,15,15,['KG'],0,1,True,True,True,True,True,True,73052000,KG
24202300,C24,"Tubes and pipes, welded, of an external diameter > 406,4 mm, of steel (excluding line pipe of a kind used for oil or gas pipelines and casing used for oil or gas drilling)","['73053100', '73053900']",['KG'],2,True,15,15,['KG'],0,1,True,True,True,True,True,True,73053100|73053900,KG
24202400,C24,"Tubes and pipes, riveted or similarly closed, of an external diameter > 406,4 mm, of steel (excluding line pipe for oil and gas pipelines, casing used for oil or gas drilling and welded tubes and pipes)",['73059000'],['KG'],1,True,15,15,['KG'],0,1,True,True,True,True,True,True,73059000,KG
24203110,C24,"Line pipe, of a kind used for oil or gas pipelines, longitudinally or spirally welded, of an external diameter <= 406,4 mm, of stainless steel",['73061100'],['KG'],1,True,15,15,['KG'],0,1,True,True,True,True,True,True,73061100,KG
24203150,C24,"Line pipe, of a kind used for oil or gas pipelines, longitudinally or spirally welded, of an external diameter <= 406,4 mm, of steel other than stainless steel",['73061900'],['KG'],1,True,15,15,['KG'],0,1,True,True,True,True,True,True,73061900,KG
24203210,C24,"Casing and tubing, of a kind used in drilling for oil or gas, welded, of an external diameter <= 406,4 mm, of stainless steel",['73062100'],['KG'],1,True,15,15,['KG'],0,1,True,True,True,True,True,True,73062100,KG
24203250,C24,"Casing and tubing, of a kind used in drilling for oil or gas, welded, of an external diameter <= 406,4 mm, of steel other than stainless steel",['73062900'],['KG'],1,True,15,15,['KG'],0,1,True,True,True,True,True,True,73062900,KG
24203310,C24,"Tubes and pipes, of circular cross-section, welded, of an external diameter <= 406,4 mm, of stainless steel (excluding line pipe of a kind used for oil or gas pipelines, and casing and tubing used for oil or gas drilling)","['73064020', '73064080']",['KG'],2,True,15,15,['KG'],0,1,True,True,True,True,True,True,73064020|73064080,KG
24203340,C24,"Precision tubes and pipes, of circular cross-section, welded, of an external diameter <= 406,4 mm, of steel other than stainless steel","['73063012', '73063018', '73065021', '73065029']",['KG'],4,True,15,15,['KG'],0,1,True,True,True,True,True,True,73063012|73063018|73065021|73065029,KG
24203370,C24,"Tubes and pipes, of circular cross-section, hot- or cold-formed and welded, of an external diameter <= 406,4 mm, of steel other than stainless steel","['73063041', '73063049', '73063072', '73063077', '73063080', '73065080']",['KG'],6,True,15,15,['KG'],0,1,True,True,True,True,True,True,73063041|73063049|73063072|73063077|73063080|73065080,KG
24203410,C24,"Tubes and pipes, of non-circular cross-section, hot- or cold-formed and welded, of stainless steel","['73066110', '73066910']",['KG'],2,True,15,15,['KG'],0,1,True,True,True,True,True,True,73066110|73066910,KG
24203430,C24,"Tubes and pipes, of square or rectangular cross-section, of a wall thickness <= 2 mm, hot- or cold-formed and welded, of steel other than stainless steel",['73066192'],['KG'],1,True,15,15,['KG'],0,1,True,True,True,True,True,True,73066192,KG
24203450,C24,"Tubes and pipes, of square or rectangular cross-section, of a wall thickness > 2 mm, hot- or cold-formed and welded, of steel other than stainless steel",['73066199'],['KG'],1,True,15,15,['KG'],0,1,True,True,True,True,True,True,73066199,KG
24203470,C24,"Tubes and pipes, of other non-circular cross-section than square or rectangular, hot- or cold-formed and welded, of steel other than stainless steel",['73066990'],['KG'],1,True,15,15,['KG'],0,1,True,True,True,True,True,True,73066990,KG
24203500,C24,"Tubes and pipes, open seam, riveted or similarly closed, of steel (excluding line pipe for oil and gas pipelines, casing and tubing used for oil or gas drilling and other welded tubes and pipes)",['73069000'],['KG'],1,True,15,15,['KG'],0,1,True,True,True,True,True,True,73069000,KG
24204010,C24,"Flanges, of steel (excluding cast fittings)","['73072100', '73079100']",['KG'],2,True,15,15,['KG'],0,1,True,True,True,True,True,True,73072100|73079100,KG
24204030,C24,"Elbows, bends, couplings, sleeves and other threaded tube or pipe fittings, of steel (excluding cast fittings)","['73072210', '73072290', '73072910', '73079210', '73079290', '73079910']",['KG'],6,True,15,15,['KG'],0,1,True,True,True,True,True,True,73072210|73072290|73072910|73079210|73079290|73079910,KG
24204050,C24,"Elbows, bends, couplings and sleeves and other socket welding tube or pipe fittings, of steel (excluding cast fittings)","['73072980', '73079980']",['KG'],2,True,15,15,['KG'],0,1,True,True,True,True,True,True,73072980|73079980,KG
24204073,C24,"Butt welding elbows and bends, for tubes or pipes, of steel (excluding cast fittings)","['73072310', '73079311', '73079391']",['KG'],3,True,15,15,['KG'],0,1,True,True,True,True,True,True,73072310|73079311|73079391,KG
24204075,C24,"Butt welding tube or pipe fittings, other than elbows and bends, of steel (excluding cast fittings)","['73072390', '73079319', '73079399']",['KG'],3,True,15,15,['KG'],0,1,True,True,True,True,True,True,73072390|73079319|73079399,KG
24311010,C24,"Bars and rods, of non-alloy free-cutting steel, not further worked than cold-formed or cold-finished (e.g. by cold-drawing)",['72151000'],['KG'],1,True,15,15,['KG'],0,1,True,True,True,True,True,True,72151000,KG
24311020,C24,"Other bars and rods of iron or non-alloy steel, not further worked than cold-formed or cold-finished (e.g. by cold-drawing), containing by weight < 0,25 % of carbon, of square or other than rectangular cross-section (excluding those of free-cutting steel)",['72155019'],['KG'],1,True,15,15,['KG'],0,1,True,True,True,True,True,True,72155019,KG
24311030,C24,"Other bars and rods of iron or non-alloy steel, not further worked than cold-formed or cold-finished (e.g. by cold-drawing), containing by weight < 0,25 % of carbon of rectangular ‘other than square’ cross-section (excluding those of free-cutting steel)",['72155011'],['KG'],1,True,15,15,['KG'],0,1,True,True,True,True,True,True,72155011,KG
24311040,C24,"Other bars and rods of iron or non-alloy steel, cold-formed or cold-finished and further worked, or hot-formed and further worked, n.e.c. (excluding hot-rolled, hot-drawn or hot-extruded, not further worked than clad, and forged products)",['72159000'],['KG'],1,True,15,15,['KG'],0,1,True,True,True,True,True,True,72159000,KG
24311050,C24,"Other bars and rods of iron or non-alloy steel, not further worked than cold-formed or cold-finished (e.g. by cold-drawing), containing by weight >= 0,25  % of carbon (excluding those of free-cutting steel)",['72155080'],['KG'],1,True,15,15,['KG'],0,1,True,True,True,True,True,True,72155080,KG
24311060,C24,"Angles, shapes and sections, of iron or non-alloy steel, not further worked than cold-formed or cold-finished (e.g. by cold-drawing) (excluding profiled sheet)",['72166900'],['KG'],1,True,15,15,['KG'],0,1,True,True,True,True,True,True,72166900,KG
24312010,C24,"Bars and rods, of high-speed steel, not further worked than cold-formed or cold-finished, even further worked, or hot-formed and further worked (excluding forged, semi-finished or flat-rolled products, hot-rolled bars and rods in irregularly wound coils); bars and rods, of silico-manganese steel, only cold-formed or cold-finished or hot-rolled, including further worked (excluding hot-rolled, hot-drawn or extruded, just clad, semi-finished products, flat-rolled products, hot-rolled bars and rods in irregularly wound coils)","['72281090', '72282099']",['KG'],2,True,15,15,['KG'],0,1,True,True,True,True,True,True,72281090|72282099,KG
24312020,C24,"Bars/rods, 0,9 % to 1,15 % of carbon, 0,5 % to 2 % of chromium and, if present <= 0,5 % of molybdenum, only cold-formed or cold-finished (e.g. by cold-drawing) (excluding semi-finished or flat-rolled products; hot-rolled bars or rods in irregularly wound coils)",['72285040'],['KG'],1,True,15,15,['KG'],0,1,True,True,True,True,True,True,72285040,KG
24312030,C24,"Bars and rods of tool steel, only cold-formed or cold-finished (e.g. by cold-drawing) (excluding semi-finished products, flat-rolled products and hot-rolled bars and rods in irregularly wound coils)",['72285020'],['KG'],1,True,15,15,['KG'],0,1,True,True,True,True,True,True,72285020,KG
24312040,C24,"Bars and rods, of alloy steel, not further worked than cold-formed or cold-finished (e.g. by cold-drawing) (excluding stainless steel, high-speed steel, silico-manganese steel, alloy bearing steel, tool steel)","['72285061', '72285069', '72285080']",['KG'],3,True,15,15,['KG'],0,1,True,True,True,True,True,True,72285061|72285069|72285080,KG
24312050,C24,"Sections, of alloy steel other than stainless, cold-finished or cold-formed (e.g. by cold-drawing)",['72287090'],['KG'],1,True,15,15,['KG'],0,1,True,True,True,True,True,True,72287090,KG
24313000,C24,Cold-drawn bars and solid profiles of stainless steel,"['72222011', '72222019', '72222021', '72222029', '72222031', '72222039', '72222081', '72222089']",['KG'],8,True,15,15,['KG'],0,1,True,True,True,True,True,True,72222011|72222019|72222021|72222029|72222031|72222039|72222081|72222089,KG
24321011,C24,"Cold-rolled narrow strip of non-alloy steel, containing by weight < 0,25 % of carbon, of a width of < 600 mm","['72112330', '72112380', '72119020', '72119080']",['KG'],4,False,15,15,['KG'],0,1,False,True,True,True,True,False,72112330|72112380|72119020|72119080,KG
24321012,C24,"Cold-rolled narrow strip of non-alloy steel, containing by weight >= 0,25 % but < 0,6 % of carbon, of a width of < 600 mm",['72112900'],['KG'],1,False,15,15,['KG'],0,1,False,True,True,True,True,False,72112900,KG
24321014,C24,"Cold-rolled narrow strip of non-alloy steel, containing by weight 0,6 % or more of carbon, of a width of < 600 mm",['72112900'],['KG'],1,False,15,15,['KG'],0,1,False,True,True,True,True,False,72112900,KG
24321016,C24,"Cold-rolled narrow strip of alloy steel other than stainless and electrical steel, of a width of < 600 mm",['72269200'],['KG'],1,False,15,15,['KG'],0,1,False,True,True,True,True,False,72269200,KG
24321018,C24,"Cold-rolled narrow strip of stainless steel (excluding insulated electric strip, corrugated strip with one edge serrated or bevelled), of a width of < 600 mm","['72202021', '72202029', '72202041', '72202049', '72202081', '72202089', '72209020', '72209080']",['KG'],8,False,15,15,['KG'],0,1,False,True,True,True,True,False,72202021|72202029|72202041|72202049|72202081|72202089|72209020|72209080,KG
24321022,C24,"Cold-rolled slit strip of non-alloy steel and of alloy steel other than stainless and electrical steel, of a width of < 600 mm","['72112330', '72112380', '72112900', '72119020', '72119080', '72269200']",['KG'],6,False,15,15,['KG'],0,1,False,True,True,True,True,False,72112330|72112380|72112900|72119020|72119080|72269200,KG
24321025,C24,"Flat-rolled products of iron or non-alloy steel, of a width of < 600 mm, simply cold-rolled ‘cold-reduced’, not clad, plated or coated, containing by weight < 0,25 % of carbon ‘electrical’",['72112320'],['KG'],1,True,15,15,['KG'],0,1,True,True,True,True,True,True,72112320,KG
24321028,C24,"Cold-rolled slit strip of stainless steel, of a width of < 600 mm","['72202021', '72202029', '72202041', '72202049', '72202081', '72202089', '72209020', '72209080']",['KG'],8,False,15,15,['KG'],0,1,False,True,True,True,True,False,72202021|72202029|72202041|72202049|72202081|72202089|72209020|72209080,KG
24321030,C24,"Flat-rolled products of alloy steel other than stainless, of a width of < 600 mm, hot-rolled or cold-rolled ‘cold-reduced’ and electrolytically plated or coated with zinc (excluding products of high-speed steel or silicon-electrical steel)",[],[],0,,14,14,['KG'],0,1,False,False,True,False,True,False,,
24321040,C24,"Flat -rolled products of alloy steel other than stainless, of a width of < 600 mm, hot-rolled or cold-rolled ‘cold-reduced’ and plated or coated with zinc (excluding electrolytically plated or coated, and products of high-speed steel or silicon-electrical steel)",[],[],0,,14,14,['KG'],0,1,False,False,True,False,True,False,,
24321050,C24,"Flat-rolled products of alloy steel other than stainless, of a width of < 600 mm, hot-rolled or cold-rolled ‘cold-reduced’ and further worked (excluding plated or coated with zinc, and products of high-speed steel or silicon-electrical steel)",['72269970'],['KG'],1,True,15,15,['KG'],0,1,True,True,True,True,True,True,72269970,KG
243210Z1,C24,"Cold-rolled narrow strip and cold-rolled slit strip, of non-alloy steel and of alloy steel (other than stainless steel), of a width < 600 mm","['72112330', '72112380', '72112900', '72119020', '72119080', '72269200']",['KG'],6,False,15,15,['KG'],0,1,False,True,True,True,True,False,72112330|72112380|72112900|72119020|72119080|72269200,KG
243210Z2,C24,"Cold-rolled narrow strip and cold-rolled slit strip, of stainless steel (excluding insulated electric strip, corrugated strip with one edge serrated or bevelled), of a width < 600 mm","['72202021', '72202029', '72202041', '72202049', '72202081', '72202089', '72209020', '72209080']",['KG'],8,False,15,15,['KG'],0,1,False,True,True,True,True,False,72202021|72202029|72202041|72202049|72202081|72202089|72209020|72209080,KG
24322010,C24,"Clad, cold-rolled narrow strip of non-alloy steel (excluding insulated electric strip), of a width of < 600 mm",['72126000'],['KG'],1,True,15,15,['KG'],0,1,True,True,True,True,True,True,72126000,KG
24322020,C24,"Steel sheet and strip, hot-dipped or electrolytically metal coated, of a width of < 600 mm","['72121090', '72122000', '72123000', '72125020', '72125030', '72125040', '72125090']",['KG'],7,False,15,15,['KG'],0,1,False,True,True,True,True,False,72121090|72122000|72123000|72125020|72125030|72125040|72125090,KG
24322030,C24,"Organic coated steel sheet, of a width of < 600 mm","['72124020', '72124080']",['KG'],2,False,15,15,['KG'],0,1,False,True,True,True,True,False,72124020|72124080,KG
24322040,C24,"Cold-rolled slit strip of non-alloy steel, hot-dipped metal coated, of a width of < 600 mm","['72121090', '72123000', '72125020', '72125030', '72125040', '72125090']",['KG'],6,False,15,15,['KG'],0,1,False,True,True,True,True,False,72121090|72123000|72125020|72125030|72125040|72125090,KG
24322050,C24,"Cold-rolled slit strip of non-alloy steel, electrolytically metal coated, of a width of < 600 mm","['72125020', '72125030', '72125040', '72125061', '72125069', '72125090']",['KG'],6,False,15,15,['KG'],0,1,False,True,True,True,True,False,72125020|72125030|72125040|72125061|72125069|72125090,KG
24322060,C24,"Cold-rolled slit strip of organic coated steel sheet, of a width of < 600 mm",['72124080'],['KG'],1,False,15,15,['KG'],0,1,False,True,True,True,True,False,72124080,KG
243220Z1,C24,"Steel sheet and strip as well as cold-rolled slit strip (of non-alloy steel), hot-dipped or electrolytically metal-coated, of a width < 600 mm","['72121090', '72122000', '72123000', '72125020', '72125030', '72125040', '72125061', '72125069', '72125090']",['KG'],9,False,15,15,['KG'],0,1,False,True,True,True,True,False,72121090|72122000|72123000|72125020|72125030|72125040|72125061|72125069|72125090,KG
243220Z2,C24,"Organic-coated steel sheet and cold-rolled slit strip of organic-coated steel sheet, of a width < 600 mm","['72124020', '72124080']",['KG'],2,False,15,15,['KG'],0,1,False,True,True,True,True,False,72124020|72124080,KG
24331110,C24,"Cold-formed sections, obtained from flat products, of non-alloy steel, not coated","['72166110', '72166190']",['KG'],2,True,15,15,['KG'],0,1,True,True,True,True,True,True,72166110|72166190,KG
24331130,C24,"Cold-formed sections, obtained from flat products, of non-alloy steel, coated with zinc",['72169180'],['KG'],1,True,15,15,['KG'],0,1,True,True,True,True,True,True,72169180,KG
24331150,C24,"Angles, shapes and sections, of iron or non-alloy steel, cold-formed or cold-finished and further worked, or hot-forged, or hot-formed by other means and further worked, n.e.s. (excl. from flat-rolled products)",['72169900'],['KG'],1,False,15,15,['KG'],0,1,False,True,True,True,True,False,72169900,KG
24331200,C24,"Cold-formed sections, obtained from flat products, of stainless steel",['72224050'],['KG'],1,True,15,15,['KG'],0,1,True,True,True,True,True,True,72224050,KG
24332000,C24,"Cold-profiled (ribbed) sheets, of non-alloy steel",['72169110'],['KG'],1,True,15,15,['KG'],0,1,True,True,True,True,True,True,72169110,KG
24333000,C24,"Structures, solely or principally of iron or steel sheet comprising two walls of profiled (ribbed) sheet with an insulating core (excluding prefabricated buildings)",['73089051'],['KG'],1,True,15,15,['KG'],0,1,True,True,True,True,True,True,73089051,KG
24341130,C24,"Iron or non-alloy steel wire containing < 0,25 % of carbon including crimping wire excluding stranded wire, barbed wire used for fencing - duplex wire - saw-tooth wire, insulated electric wire","['72171010', '72171031', '72171039', '72172010', '72172030', '72173041', '72173049', '72179020']",['KG'],8,True,15,15,['KG'],0,1,True,True,True,True,True,True,72171010|72171031|72171039|72172010|72172030|72173041|72173049|72179020,KG
24341150,C24,"Iron or non-alloy steel wire containing 0,25-0,6 % of carbon including crimped wire excluding stranded wire, barbed wire used for fencing, duplex wire, saw-tooth wire, insulated electric wire","['72171050', '72172050', '72173050', '72179050']",['KG'],4,True,15,15,['KG'],0,1,True,True,True,True,True,True,72171050|72172050|72173050|72179050,KG
24341170,C24,"Iron or non-alloy steel wire containing >= 0,6 % of carbon including crimping wire excluding stranded wire, barbed wire used for fencing, duplex wire, saw-tooth wire, insulated electric wire","['72171090', '72172090', '72173090', '72179090']",['KG'],4,True,15,15,['KG'],0,1,True,True,True,True,True,True,72171090|72172090|72173090|72179090,KG
24341200,C24,Stainless steel wire (excluding very fine sterile stainless wire used for surgical sutures),"['72230011', '72230019', '72230091', '72230099']",['KG'],4,True,15,15,['KG'],0,1,True,True,True,True,True,True,72230011|72230019|72230091|72230099,KG
24341300,C24,"Alloy steel wire (excluding stranded wire, barbed wire of a kind used for fencing, duplex wire, saw-tooth wire, insulated electric wire, of stainless steel)","['72292000', '72299020', '72299050', '72299090']",['KG'],4,True,15,15,['KG'],0,1,True,True,True,True,True,True,72292000|72299020|72299050|72299090,KG
24411030,C24,"Silver, unwrought or in powder form (including plated with gold or platinum)","['71061000', '71069100']",['KG'],2,True,15,15,['KG'],0,1,True,True,True,True,True,True,71061000|71069100,KG
24411050,C24,"Silver, in semi-manufactured forms (including plated with gold or platinum) (excluding unwrought or in powder form)",['71069200'],['KG'],1,True,15,15,['KG'],0,1,True,True,True,True,True,True,71069200,KG
24412030,C24,"Gold, unwrought or in powder form for non-monetary use (including plated with platinum)",[],[],0,,11,11,['KG'],0,1,False,False,True,False,True,False,,
24412050,C24,"Gold, in semi-manufactured forms for non-monetary use (including plated with platinum) (excluding unwrought or in powder form)","['71081310', '71081380']",['KG'],2,True,15,15,['KG'],0,1,True,True,True,True,True,True,71081310|71081380,KG
24412070,C24,Monetary gold (including gold plated with platinum),['71082000'],['KG'],1,True,14,14,['KG'],0,1,True,True,True,False,True,False,71082000,KG
24413030,C24,"Platinum, palladium, rhodium, iridium, osmium and ruthenium, unwrought or in powder form",[],[],0,,11,11,['KG'],0,1,False,False,True,False,True,False,,
24413050,C24,"Platinum, palladium, rhodium, iridium, osmium and ruthenium, in semi-manufactured forms (excluding unwrought or in powder form)",[],[],0,,11,11,['KG'],0,1,False,False,True,False,True,False,,
24413070,C24,Platinum catalysts in the form of wire cloth or grill,['71151000'],['KG'],1,True,15,15,['KG'],0,1,True,True,True,True,True,True,71151000,KG
24414000,C24,"Base metals or silver, clad with gold, semi-manufactured but not further worked",['71090000'],['KG'],1,True,15,15,['KG'],0,1,True,True,True,True,True,True,71090000,KG
24415030,C24,"Base metals clad with silver, semi-manufactured but not further worked",['71070000'],['KG'],1,True,15,15,['KG'],0,1,True,True,True,True,True,True,71070000,KG
24415050,C24,"Base metals, silver or gold, clad with platinum, semi-manufactured but not further worked",['71110000'],['KG'],1,True,15,15,['KG'],0,1,True,True,True,True,True,True,71110000,KG
24421130,C24,Unwrought non-alloy aluminium (excluding powders and flakes),['76011000'],['KG'],1,True,15,15,['KG'],0,1,True,True,True,True,True,True,76011000,KG
24421153,C24,Unwrought aluminium alloys in primary form (excluding aluminium powders and flakes),[],[],0,,5,5,['KG'],0,1,False,False,True,False,True,False,,
24421155,C24,Unwrought aluminium alloys in secondary form (excluding aluminium powders and flakes),[],[],0,,5,5,['KG'],0,1,False,False,True,False,True,False,,
24421200,C24,Aluminium oxide (excluding artificial corundum),['28182000'],['KG'],1,True,15,15,['KG'],0,1,True,True,True,True,True,True,28182000,KG
24422100,C24,"Aluminium powders and flakes (excluding prepared powders or flakes for use as colours, paints or the like)","['76031000', '76032000']",['KG'],2,True,15,15,['KG'],0,1,True,True,True,True,True,True,76031000|76032000,KG
24422230,C24,"Aluminium bars, rods and profiles (excluding rods and profiles prepared for use in structures)","['76041010', '76041090']",['KG'],2,True,15,15,['KG'],0,1,True,True,True,True,True,True,76041010|76041090,KG
24422250,C24,"Aluminium alloy bars, rods, profiles and hollow profiles (excluding rods and profiles prepared for use in structures)","['76042100', '76042910', '76042990']",['KG'],3,True,15,15,['KG'],0,1,True,True,True,True,True,True,76042100|76042910|76042990,KG
24422330,C24,"Non-alloy aluminium wire (excluding insulated electric wire and cable, twine and cordage reinforced with aluminium wire, stranded wire and cables)","['76051100', '76051900']",['KG'],2,True,15,15,['KG'],0,1,True,True,True,True,True,True,76051100|76051900,KG
24422350,C24,"Aluminium alloy wire (excluding insulated electric wire and cable, twine and cordage reinforced with aluminium wire, stranded wire and cables)","['76052100', '76052900']",['KG'],2,True,15,15,['KG'],0,1,True,True,True,True,True,True,76052100|76052900,KG
24422430,C24,"Aluminium plates, sheets and strips > 0,2 mm thick","['76061130', '76061150', '76061191', '76061193', '76061199', '76069100']",['KG'],6,True,15,15,['KG'],0,1,True,True,True,True,True,True,76061130|76061150|76061191|76061193|76061199|76069100,KG
24422450,C24,"Aluminium alloy plates, sheets and strips > 0,2 mm thick","['76061211', '76061219', '76061230', '76061250', '76061292', '76061293', '76061299', '76069200']",['KG'],8,True,15,15,['KG'],0,1,True,True,True,True,True,True,76061211|76061219|76061230|76061250|76061292|76061293|76061299|76069200,KG
24422500,C24,"Aluminium foil of a thickness (excluding any backing) <= 0,2 mm","['76071111', '76071119', '76071190', '76071910', '76071990', '76072010', '76072091', '76072099']",['KG'],8,True,15,15,['KG'],0,1,True,True,True,True,True,True,76071111|76071119|76071190|76071910|76071990|76072010|76072091|76072099,KG
24422630,C24,"Aluminium tubes and pipes (excluding hollow profiles, tube or pipe fittings, flexible tubing, tubes and pipes prepared for use in structures, machinery or vehicle parts, or the like)",['76081000'],['KG'],1,True,15,15,['KG'],0,1,True,True,True,True,True,True,76081000,KG
24422650,C24,"Aluminium alloy tubes and pipes (excluding hollow profiles, tubes or pipe fittings, flexible tubing, tubes and pipes prepared for use in structures, machinery or vehicle parts, or the like)","['76082020', '76082081', '76082089']",['KG'],3,True,15,15,['KG'],0,1,True,True,True,True,True,True,76082020|76082081|76082089,KG
24422670,C24,"Aluminium tube or pipe fittings (including couplings, elbows and sleeves) (excluding fittings with taps, cocks and valves, tube supports, bolts and nuts, clamps)",['76090000'],['KG'],1,True,15,15,['KG'],0,1,True,True,True,True,True,True,76090000,KG
24431130,C24,Refined unwrought lead (excluding lead powders or flakes),['78011000'],['KG'],1,True,15,15,['KG'],0,1,True,True,True,True,True,True,78011000,KG
24431150,C24,Unwrought lead containing antimony (excluding lead powders or flakes),['78019100'],['KG'],1,True,15,15,['KG'],0,1,True,True,True,True,True,True,78019100,KG
24431190,C24,"Unwrought lead (excluding lead powders or flakes, unwrought lead containing antimony, refined)","['78019910', '78019990']",['KG'],2,True,15,15,['KG'],0,1,True,True,True,True,True,True,78019910|78019990,KG
24431230,C24,"Unwrought non-alloy zinc (excluding zinc dust, powders and flakes)","['79011100', '79011210', '79011230', '79011290']",['KG'],4,True,15,15,['KG'],0,1,True,True,True,True,True,True,79011100|79011210|79011230|79011290,KG
24431250,C24,"Unwrought zinc alloys (excluding zinc dust, powders and flakes)",['79012000'],['KG'],1,True,15,15,['KG'],0,1,True,True,True,True,True,True,79012000,KG
24431330,C24,Unwrought non-alloy tin (excluding tin powders and flakes),['80011000'],['KG'],1,True,15,15,['KG'],0,1,True,True,True,True,True,True,80011000,KG
24431350,C24,Unwrought tin alloys (excluding tin powders and flakes),['80012000'],['KG'],1,True,15,15,['KG'],0,1,True,True,True,True,True,True,80012000,KG
24432100,C24,"Lead plates, sheets, strip and foil; lead powders and flakes (excluding lead powders or flakes prepared as colours; paints or the like, insulated electric strip)","['78041100', '78041900', '78042000']",['KG'],3,True,15,15,['KG'],0,1,True,True,True,True,True,True,78041100|78041900|78042000,KG
24432200,C24,"Zinc dust, powders and flakes (excluding zinc dust powders or flakes prepared as colours, paints or the like, zinc pellets)","['79031000', '79039000']",['KG'],2,True,15,15,['KG'],0,1,True,True,True,True,True,True,79031000|79039000,KG
24432300,C24,"Zinc bars, rods, profiles, wire, plates, sheets, strip and foil","['79040000', '79050000']",['KG'],2,True,15,15,['KG'],0,1,True,True,True,True,True,True,79040000|79050000,KG
24432400,C24,"Tin bars, rods, profiles and wires",['80030000'],['KG'],1,True,15,15,['KG'],0,1,True,True,True,True,True,True,80030000,KG
24441100,C24,Copper mattes; cement copper (precipitated copper) (excluding copper powder),['74010000'],['KG'],1,True,15,15,['KG'],0,1,True,True,True,True,True,True,74010000,KG
24441200,C24,"Unrefined copper, copper anodes for electrolytic refining (including blister copper) (excluding electrocopper-plating, electroplating anodes)",['74020000'],['KG'],1,True,15,15,['KG'],0,1,True,True,True,True,True,True,74020000,KG
24441330,C24,"Unwrought unalloyed refined copper (excluding rolled, extruded or forged sintered products)","['74031100', '74031200', '74031300', '74031900']",['KG'],4,True,15,15,['KG'],0,1,True,True,True,True,True,True,74031100|74031200|74031300|74031900,KG
24441370,C24,"Unwrought copper alloys (excluding rolled, extruded or forged sintered products); master alloys of copper (including alloys which are not usefully malleable) (excluding copper phosphide (phosphor copper) containing > 15 % by weight of phosphorous)","['74032100', '74032200', '74032900', '74050000']",['KG'],4,True,15,15,['KG'],0,1,True,True,True,True,True,True,74032100|74032200|74032900|74050000,KG
24442100,C24,"Copper powders and flakes excluding cement copper, powders/flake powders used in the preparation of paints such as bronzes/golds, (chemical compounds), refined copper shot","['74061000', '74062000']",['KG'],2,True,15,15,['KG'],0,1,True,True,True,True,True,True,74061000|74062000,KG
24442200,C24,"Copper and copper alloy bars, rods, profiles and hollow profiles (excluding bars and rods obtained by casting or sintering, copper wire rod in coils)","['74071000', '74072110', '74072190', '74072900']",['KG'],4,True,15,15,['KG'],0,1,True,True,True,True,True,True,74071000|74072110|74072190|74072900,KG
24442330,C24,"Copper wire, refined (transv. section > 6 mm), of copper alloy","['74081100', '74082100', '74082200', '74082900']",['KG'],4,True,15,15,['KG'],0,1,True,True,True,True,True,True,74081100|74082100|74082200|74082900,KG
24442350,C24,"Copper wire with cross-sectional dimension > 0,5 mm, <= 6 mm (excluding twine or cord reinforced with wire, stranded wire and cables)",['74081910'],['KG'],1,True,15,15,['KG'],0,1,True,True,True,True,True,True,74081910,KG
24442370,C24,"Copper wire with cross-sectional dimension <= 0,5 mm (excluding twine or cord reinforced with wire, stranded wire and cables)",['74081990'],['KG'],1,True,15,15,['KG'],0,1,True,True,True,True,True,True,74081990,KG
24442400,C24,"Copper and copper alloy plates, sheets and strip of a thickness > 0,15 mm (excluding expanded copper metal, insulated electric strip)","['74091100', '74091900', '74092100', '74092900', '74093100', '74093900', '74094000', '74099000']",['KG'],8,True,15,15,['KG'],0,1,True,True,True,True,True,True,74091100|74091900|74092100|74092900|74093100|74093900|74094000|74099000,KG
24442500,C24,"Copper foil, of a thickness (excluding any backing) <= 0,15 mm","['74101100', '74101200', '74102100', '74102200']",['KG'],4,True,15,15,['KG'],0,1,True,True,True,True,True,True,74101100|74101200|74102100|74102200,KG
24442630,C24,Copper tubes and pipes,"['74111010', '74111090', '74112110', '74112190', '74112200', '74112900']",['KG'],6,True,15,15,['KG'],0,1,True,True,True,True,True,True,74111010|74111090|74112110|74112190|74112200|74112900,KG
24442650,C24,"Copper and copper alloy tube/pipe fittings including couplings, elbows, sleeves, tees and joints excluding bolts and nuts used for assembling/fixing pipes/tubes, fittings with taps, cocks, valves","['74121000', '74122000']",['KG'],2,True,15,15,['KG'],0,1,True,True,True,True,True,True,74121000|74122000,KG
24451100,C24,"Nickel, unwrought",[],[],0,,11,11,['KG'],0,1,False,False,True,False,True,False,,
24451200,C24,"Nickel mattes, nickel oxide sinters and other intermediate products of nickel metallurgy (including impure nickel oxides, nickel speiss, impure ferro-nickel)",[],[],0,,11,11,['KG'],0,1,False,False,True,False,True,False,,
24452100,C24,Nickel powders and flakes (excluding nickel oxide sinters),['75040000'],['KG'],1,True,15,15,['KG'],0,1,True,True,True,True,True,True,75040000,KG
24452200,C24,"Nickel and nickel alloy bars, rods, profiles and wires (excluding prepared bars, rods or profiles for use in structures, insulated electric bars and wire, enamelled wire)","['75051100', '75051200', '75052100', '75052200']",['KG'],4,True,15,15,['KG'],0,1,True,True,True,True,True,True,75051100|75051200|75052100|75052200,KG
24452300,C24,"Nickel and nickel alloy plate, sheet, strip and foil (excluding expanded metal)","['75061000', '75062000']",['KG'],2,True,15,15,['KG'],0,1,True,True,True,True,True,True,75061000|75062000,KG
24452400,C24,"Nickel tubes, pipes and tube or pipe fittings","['75071100', '75071200', '75072000']",['KG'],3,True,15,15,['KG'],0,1,True,True,True,True,True,True,75071100|75071200|75072000,KG
24453013,C24,"Tungsten (wolfram) and articles thereof (excluding waste and scrap), n.e.c.",[],[],0,,14,14,['KG'],0,1,False,False,True,False,True,False,,
24453017,C24,"Molybdenum and articles thereof (excluding waste and scrap), n.e.c.","['81021000', '81029400', '81029500', '81029600', '81029900']",['KG'],5,True,15,15,['KG'],0,1,True,True,True,True,True,True,81021000|81029400|81029500|81029600|81029900,KG
24453023,C24,"Tantalum and articles thereof (excluding waste and scrap), n.e.c.",[],[],0,,11,11,['KG'],0,1,False,False,True,False,True,False,,
24453025,C24,"Magnesium and articles thereof (excluding waste and scrap), n.e.c.",[],[],0,,11,11,['KG'],0,1,False,False,True,False,True,False,,
24453027,C24,"Cobalt mattes and other intermediate products of cobalt metallurgy; cobalt and articles thereof (excluding waste and scrap), n.e.c.",[],[],0,,11,11,['KG'],0,1,False,False,True,False,True,False,,
24453030,C24,"Bismuth and articles thereof, including waste and scrap, n.e.c.; cadmium and articles thereof (excluding waste and scrap), n.e.c.",[],[],0,,11,11,['KG'],0,1,False,False,True,False,True,False,,
24453043,C24,"Titanium and articles thereof (excluding waste and scrap), n.e.c.",[],[],0,,14,14,['KG'],0,1,False,False,True,False,True,False,,
24453047,C24,"Zirconium and articles thereof (excluding waste and scrap), n.e.c.; antimony and articles thereof (excluding waste and scrap), n.e.c.",[],[],0,,11,11,['KG'],0,1,False,False,True,False,True,False,,
24453055,C24,"Beryllium, chromium, germanium, vanadium, gallium, hafnium (‘celtium’), indium, niobium (‘columbium’), rhenium and thallium, and articles of these metals, n.e.c.; waste and scrap of these metals (excluding of beryllium, chromium and thallium)",[],[],0,,11,11,['KG'],0,1,False,False,True,False,True,False,,
24453057,C24,"Manganese and articles thereof, including waste and scrap, n.e.c.; cermets and articles thereof, including waste and scrap, n.e.c.",[],[],0,,11,11,['KG'],0,1,False,False,True,False,True,False,,
24511110,C24,"Malleable iron castings for land vehicles, piston engines and other machinery and mechanical appliances",[],['KG'],0,False,15,15,['KG'],0,1,False,True,True,True,True,False,,KG
24511190,C24,Parts for other utilisation (malleable iron casting),[],['KG'],0,False,15,15,['KG'],0,1,False,True,True,True,True,False,,KG
24511210,C24,Parts of land vehicles (nodular iron castings),[],['KG'],0,False,15,15,['KG'],0,1,False,True,True,True,True,False,,KG
24511220,C24,"Ductile iron castings for transmission shafts, crankshafts, camshafts, cranks, bearing housings and plain shaft bearings (excluding for bearing housings incorporating ball or roller bearings)",[],['KG'],0,False,15,15,['KG'],0,1,False,True,True,True,True,False,,KG
24511240,C24,Other parts of piston engines and mechanical engineering (nodular iron castings),[],['KG'],0,False,15,15,['KG'],0,1,False,True,True,True,True,False,,KG
24511250,C24,Ductile iron castings for machinery and mechanical appliances excluding for piston engines,[],['KG'],0,False,15,15,['KG'],0,1,False,True,True,True,True,False,,KG
24511290,C24,"Ductile iron castings for locomotives/rolling stock/parts, used other than in land vehicles, bearing housings, plain shaft bearings, piston engines, gearing, pulleys, clutches, machinery",[],['KG'],0,False,15,15,['KG'],0,1,False,True,True,True,True,False,,KG
24511310,C24,"Grey iron castings for land vehicles (excluding for locomotives or rolling stock, construction industry vehicles)",[],['KG'],0,False,15,15,['KG'],0,1,False,True,True,True,True,False,,KG
24511320,C24,"Grey iron castings for transmission shafts, crankshafts, camshafts, cranks, bearing housings and plain shaft bearings (excluding bearing housings incorporating ball or roller bearings)",[],['KG'],0,False,15,15,['KG'],0,1,False,True,True,True,True,False,,KG
24511340,C24,Other parts of piston engines and mechanical engineering (cast iron: not ductile),[],['KG'],0,False,15,15,['KG'],0,1,False,True,True,True,True,False,,KG
24511350,C24,Grey iron castings for machinery and mechanical appliances excluding for piston engines,[],['KG'],0,False,15,15,['KG'],0,1,False,True,True,True,True,False,,KG
24511390,C24,"Grey iron castings for locomotives/rolling stock/parts, used other than in land vehicles, bearing housings, plain shaft bearings, piston engines, gearing, pulleys, clutches, machinery",[],['KG'],0,False,15,15,['KG'],0,1,False,True,True,True,True,False,,KG
24512000,C24,"Tubes, pipes and hollow profiles of cast iron excluding tubes, pipes, hollow profiles made into identifiable parts of articles, such as sections of central heating radiators and machinery parts","['73030010', '73030090']",['KG'],2,True,15,15,['KG'],0,1,True,True,True,True,True,True,73030010|73030090,KG
24513030,C24,"Tube or pipe fittings, of non-malleable cast iron","['73071110', '73071190']",['KG'],2,True,15,15,['KG'],0,1,True,True,True,True,True,True,73071110|73071190,KG
24513050,C24,Tube or pipe fittings of malleable cast iron,[],[],0,,14,14,['KG'],0,1,False,False,True,False,True,False,,
24521010,C24,"Steel castings for land vehicles excluding for locomotives or rolling stock, construction industry vehicles",[],['KG'],0,False,15,15,['KG'],0,1,False,True,True,True,True,False,,KG
24521030,C24,Steel castings for bearing housings and plain shaft bearings (excluding for bearing housings incorporating ball or roller bearings),[],['KG'],0,False,15,15,['KG'],0,1,False,True,True,True,True,False,,KG
24521040,C24,Other parts of piston engines and mechanical engineering,[],['KG'],0,False,15,15,['KG'],0,1,False,True,True,True,True,False,,KG
24521050,C24,"Steel castings for machinery and mechanical appliances excluding piston engines, turbojets, turboprops, other gas turbines, lifting or handling equipment, construction industry machinery/vehicles",[],['KG'],0,False,15,15,['KG'],0,1,False,True,True,True,True,False,,KG
24521090,C24,"Steel castings for locomotives/rolling stock/parts, use other than in land vehicles, bearing housings, plain shaft bearings, piston engines, gearing, pulleys, clutches, machinery",[],['KG'],0,False,15,15,['KG'],0,1,False,True,True,True,True,False,,KG
24523000,C24,Tube or pipe fittings of cast steel,[],[],0,,14,14,['KG'],0,1,False,False,True,False,True,False,,
24531010,C24,"Light metal castings for land vehicles excluding for locomotives or rolling stock, construction industry vehicles",[],['KG'],0,False,15,15,['KG'],0,1,False,True,True,True,True,False,,KG
24531020,C24,"Light metal castings for transmission shafts, crankshafts, camshafts, cranks, bearing housings and plain shaft bearings (excluding for bearing housings incorporating ball or roller bearings)",[],['KG'],0,False,15,15,['KG'],0,1,False,True,True,True,True,False,,KG
24531040,C24,Other parts of piston engines and mechanical engineering,[],['KG'],0,False,15,15,['KG'],0,1,False,True,True,True,True,False,,KG
24531050,C24,"Light metal castings for machinery and mechanical appliances excluding for piston engines, turbojets, gas turbines, lifting or handling equipment, construction industry machinery/vehicles",[],['KG'],0,False,15,15,['KG'],0,1,False,True,True,True,True,False,,KG
24531090,C24,Parts for other utilisation,[],['KG'],0,False,15,15,['KG'],0,1,False,True,True,True,True,False,,KG
24541010,C24,"Non-ferrous cast parts for land vehicles excluding locomotives/ rolling stock, straddle carriers, works trucks fitted with lifting or handling equipment, agricultural/road rollers, bulldozers etc.",[],['KG'],0,False,15,15,['KG'],0,1,False,True,True,True,True,False,,KG
24541020,C24,"Non-ferrous cast parts, other than of light metals, for transmission shafts, crankshafts, camshafts, cranks, bearing housings and plain shaft bearings (excluding for bearing housings incorporating ball or roller bearings)",[],['KG'],0,False,15,15,['KG'],0,1,False,True,True,True,True,False,,KG
24541040,C24,Other parts of piston engines and mechanical engineering,[],['KG'],0,False,15,15,['KG'],0,1,False,True,True,True,True,False,,KG
24541050,C24,"Non-ferrous cast parts, other than of light metals, for machinery and mechanical appliances (excluding for piston engines)",[],['KG'],0,False,15,15,['KG'],0,1,False,True,True,True,True,False,,KG
24541090,C24,Parts for other utilisation,[],['KG'],0,False,15,15,['KG'],0,1,False,True,True,True,True,False,,KG
20111250,C20,Sulphur trioxide (sulphuric anhydride); diarsenic trioxide,['28112910'],['KG'],1,True,11,11,['KG'],0,1,True,True,True,False,True,False,28112910,KG
20132530,C20,Potassium hydroxide (caustic potash),['28152000'],['KG_KOH'],1,True,14,14,['KG_KOH'],0,1,True,False,False,False,True,False,28152000,KG_KOH
20134220,C20,Phosphinates (hypophosphites) and phosphonates (phosphites),['28351000'],['KG'],1,True,13,13,['KG'],0,1,True,True,True,False,True,False,28351000,KG
20141160,C20,"Buta-1,3-diene and isoprene",['29012400'],['KG'],1,True,14,14,['KG'],0,1,True,True,True,False,True,False,29012400,KG
20143235,C20,"Palmitic acid, stearic acid, their salts and esters","['29157040', '29157050']",['KG'],2,True,14,14,['KG'],0,1,True,True,True,False,True,False,29157040|29157050,KG
20143271,C20,Acetic acid,['29152100'],['KG'],1,True,11,11,['KG'],0,1,True,True,True,False,True,False,29152100,KG
20143277,C20,Acetic anhydride,['29152400'],['KG'],1,True,13,13,['KG'],0,1,True,True,True,False,True,False,29152400,KG
20144123,C20,Hexamethylenediamine and its salts; ethylenediamine and its salts,"['29212100', '29212200']",['KG'],2,True,14,14,['KG'],0,1,True,True,True,False,True,False,29212100|29212200,KG
20146140,C20,"Aldehyde-ethers, aldehyde-phenols and aldehydes with other oxygen function",[],[],0,,3,3,['KG'],0,1,False,False,True,False,True,False,,
17125110,C17,"Uncoated, inside grey paperboard",['48045990'],['KG'],1,True,13,13,['KG'],0,1,True,True,True,False,True,False,48045990,KG
17125910,C17,Other uncoated paperboard,"['48044191', '48044198', '48044200', '48044900', '48045100', '48045200', '48045910']",['KG'],7,True,13,13,['KG'],0,1,True,True,True,False,True,False,48044191|48044198|48044200|48044900|48045100|48045200|48045910,KG
17231370,C17,"Manifold business forms and interleaved carbon sets, of paper or paperboard",['48204000'],['KG'],1,True,13,13,['KG'],0,1,True,True,True,False,True,False,48204000,KG
20157100,C20,"Mineral or chemical fertilisers containing the three fertilising elements nitrogen, phosphorus and potassium (excluding those in tablets or similar forms, or in packages with a gross weight of <= 10 kg)","['31052010', '31052090']",['KG'],2,True,12,12,['KG'],0,1,True,True,True,False,True,False,31052010|31052090,KG
23311050,C23,"Unglazed ceramic and stoneware flags and paving, hearth or wall tiles; unglazed ceramic and stoneware mosaic cubes and the like, whether or not on a backing",[],[],0,,6,6,['M2'],0,1,False,False,False,False,True,False,,
23431030,C23,Electrical insulators of ceramics (excluding insulating fittings),['85462000'],['KG'],1,True,12,12,['KG'],0,1,True,True,True,False,True,False,85462000,KG
23431050,C23,"Insulating fittings for electrical purposes, of ceramics",['85471000'],['KG'],1,True,12,12,['KG'],0,1,True,True,True,False,True,False,85471000,KG
23491250,C23,"Ceramic articles, n.e.s. (excluding of porcelain or china)",['69149000'],['KG'],1,True,12,12,['KG'],0,1,True,True,True,False,True,False,69149000,KG
23991255,C23,"Articles of asphalt or of similar materials, e.g. petroleum bitumen or coal tar pitch, in rolls",['68071000'],['M2'],1,True,12,12,['M2'],0,1,True,False,False,False,True,False,68071000,M2
171200Z0,C17,"Creped or crinkled sack kraft paper in rolls or sheets; paper and paperboard, creped, crinkled, embossed or perforated","['48084000', '48089000']",['KG'],2,False,11,11,['KG'],0,1,False,True,True,False,True,False,48084000|48089000,KG
17127336,C17,"Coated bases for paper and paperboard of a kind used for: photo-, heat- and electro-sensitive paper and having 10 % or less of mechanical and chemi-mechanical fibres, and paper and paperboard of a kind used for writing, printing or other graphic purposes, which weighs less than or equal to 150 g/m²","['48101300', '48101400', '48101900']",['KG'],3,True,11,11,['KG'],0,1,True,True,True,False,True,False,48101300|48101400|48101900,KG
20122450,C20,Other colouring matter; pigments and preparations based on inorganic or mineral colouring matter; inorganic products of a kind used as luminophores,"['32062000', '32064100', '32064200', '32064910', '32064970', '32065000']",['KG'],6,True,11,11,['KG'],0,1,True,True,True,False,True,False,32062000|32064100|32064200|32064910|32064970|32065000,KG
20132434,C20,Sulphuric acid; oleum,['28070000'],['KG_H2SO4'],1,True,11,11,"['KG_H2SO4', 'KG_SO2']",0,1,True,False,False,False,True,False,28070000,KG_H2SO4
20135275,C20,"Compounds, inorganic or organic, of mercury, not chemically defined (excluding amalgams)",['28529000'],['KG'],1,True,11,11,['KG'],0,1,True,True,True,False,True,False,28529000,KG
201434Z1,C20,Esters of orthophthalic acid,"['29173200', '29173300', '29173400']",['KG'],3,False,11,11,['KG'],0,1,False,True,True,False,True,False,29173200|29173300|29173400,KG
20145215,C20,"Tetrahydrofuran, 2-Furaldehyde, Furfuryl alcohol, Tetrahydrofurfuryl alcohol and Piperonal","['29321100', '29321200', '29321300', '29329300']",['KG'],4,True,11,11,['KG'],0,1,True,True,True,False,True,False,29321100|29321200|29321300|29329300,KG
20145225,C20,Heterocyclic compounds with oxygen only hetero-atom(s) (excluding other lactones),"['29321400', '29321900', '29329100', '29329200', '29329400', '29329500', '29329600', '29329900']",['KG'],8,True,11,11,['KG'],0,1,True,True,True,False,True,False,29321400|29321900|29329100|29329200|29329400|29329500|29329600|29329900,KG
20146135,C20,"Aldehyde-alcohols, Aldehyde-ethers, aldehyde-phenols and aldehydes with other oxygen function","['29124100', '29124200', '29124900']",['KG'],3,True,11,11,['KG'],0,1,True,True,True,False,True,False,29124100|29124200|29124900,KG
201461Z0,C20,"Acyclic aldehydes without other oxygen function (excluding methanal, ethanal)",['29121900'],['KG'],1,False,11,11,['KG'],0,1,False,True,True,False,True,False,29121900,KG
201462Z0,C20,"Aromatic ketones without other oxygen function; ketone-alcohols and ketone-aldehydes; ketone-phenols and ketones with other oxygen function; other cyclanic, cyclenic or cycloterpenic ketones without other oxygen function","['29142900', '29143100', '29143900', '29144010', '29144090', '29145000']",['KG'],6,False,11,11,['KG'],0,1,False,True,True,False,True,False,29142900|29143100|29143900|29144010|29144090|29145000,KG
20595993,C20,"Other chemical products, n.e.c.",[],[],0,,3,3,['KG'],0,1,False,False,True,False,True,False,,
20595997,C20,Biofuels (diesel substitute),[],[],0,,4,4,['KG'],0,1,False,False,True,False,True,False,,
23141162,C23,Glass fibre mats made of filaments,[],[],0,,2,2,['KG'],0,1,False,False,True,False,True,False,,
23141167,C23,Glass fibre voiles made of filaments,[],[],0,,2,2,['KG'],0,1,False,False,True,False,True,False,,
23141217,C23,Glass fibre mats made of glass wool,[],[],0,,2,2,['KG'],0,1,False,False,True,False,True,False,,
23141237,C23,Glass fibre voiles made of glass wool,[],[],0,,2,2,['KG'],0,1,False,False,True,False,True,False,,
23141297,C23,"Glass fibres, incl. glass wool, and articles thereof (excl. staple fibres, rovings, yarn, chopped strands, woven fabrics, also narrow fabrics, thin sheets ""voiles"", webs, mats, mattresses and boards and similar nonwoven products, stone or slag wool and articles thereof, electrical insulators or parts thereof, optical fibres, fibre bundles or cable, brushes of glass fibres, and dolls' wigs)",[],[],0,,10,10,['KG'],0,1,False,False,True,False,True,False,,
23651270,C23,"Articles of cellulose fibre-cement or the like, not containing asbestos (excluding corrugated and other sheets, panels, paving, tiles and similar articles)",['68118900'],['KG'],1,True,11,11,['KG'],0,1,True,True,True,False,True,False,68118900,KG
24421154,C24,Unwrought aluminium alloys (excluding aluminium powders and flakes),"['76012020', '76012080']",['KG'],2,True,10,10,['KG'],0,1,True,True,True,False,True,False,76012020|76012080,KG
23141220,C23,Mats of irregularly laminated glass fibres (excl. glass wool),"['70191400', '70191500']",['KG'],2,True,9,9,['KG'],0,1,True,True,True,False,True,False,70191400|70191500,KG
23141240,C23,"Thin sheets ""voiles"" of irregularly laminated glass fibres (excl. glass wool)",[],[],0,,8,8,['KG'],0,1,False,False,True,False,True,False,,
20145151,C20,Organo-inorganic compounds (excluding organo-sulphur compounds),"['29311000', '29312000', '29314100', '29314200', '29314300', '29314400', '29314500', '29314600', '29314700', '29314800', '29314910', '29314920', '29314930', '29314940', '29314990', '29315100', '29315200', '29315300', '29315400', '29315910', '29315990', '29319000']",['KG'],22,True,8,8,['KG'],0,1,True,True,True,False,True,False,29311000|29312000|29314100|29314200|29314300|29314400|29314500|29314600|29314700|29314800|29314910|29314920|29314930|29314940|29314990|29315100|29315200|29315300|29315400|29315910|29315990|29319000,KG
20595994,C20,"Other chemical products, n.e.c.",[],[],0,,7,7,['KG'],0,1,False,False,True,False,True,False,,
20142337,C20,"Diols and polyhydric alcohols (excluding ethylene glycol and propylene glycol, D-glucitol and tetramethylene glycol having a bio-based carbon content of 100 % by mass)","['29053920', '29053928', '29053930', '29053995', '29054100', '29054200', '29054300', '29054900']",['KG'],8,True,7,7,['KG'],0,1,True,True,True,False,True,False,29053920|29053928|29053930|29053995|29054100|29054200|29054300|29054900,KG
20142338,C20,"Butane-1,4-diol or tetramethylene glycol (1,4-butanediol) having a bio-based carbon content of 100 % by mass",['29053926'],['KG'],1,True,7,7,['KG'],0,1,True,True,True,False,True,False,29053926,KG
20143381,C20,"Oxalic, azelaic, malonic, other, cyclanic, cylenic or cycloterpenic polycarboxylic acids, salts (excluding butanedioic acid having a bio-based carbon content of 100 % by mass)","['29171100', '29171310', '29171390', '29171910', '29171980', '29172000']",['KG'],6,True,7,7,['KG'],0,1,True,True,True,False,True,False,29171100|29171310|29171390|29171910|29171980|29172000,KG
20143382,C20,"Ethane-1,2-dicarboxylic acid or butanedioic acid (succinic acid) having a bio-based carbon content of 100 % by mass",['29171920'],['KG'],1,True,7,7,['KG'],0,1,True,True,True,False,True,False,29171920,KG
20153600,C20,Mixtures of urea and ammonium nitrate in aqueous or ammoniacal solution (excluding in tablets or similar forms or in packages of a weight of <= 10 kg),['31028000'],['KG_N'],1,True,7,7,['KG_N'],0,1,True,False,False,False,True,False,31028000,KG_N
20201600,C20,"Goods of heading 3808 containing one or more of the following substances: aldrin (ISO); binapacryl (ISO); camphechlor (ISO) (toxaphene); captafol (ISO); chlordane (ISO); chlordimeform (ISO); chlorobenzilate (ISO); DDT (ISO) (clofenotane (INN), 1,1,1-trichloro-2,2-bis(p-chlorophenyl) ethane); dieldrin (ISO, INN); 4,6-dinitro-o-cresol (DNOC (ISO)) or its salts; dinoseb (ISO), its salts or its esters; ethylene dibromide (ISO) (1,2-dibromoethane); ethylene dichloride (ISO) (1,2-dichloroethane); fluoroacetamide (ISO); heptachlor (ISO); hexachlorobenzene (ISO); 1,2,3,4,5,6 - hexachlorocyclohexane (HCH (ISO)), including lindane (ISO, INN); mercury compounds; methamidophos (ISO); monocrotophos (ISO); oxirane (ethylene oxide); parathion (ISO); parathion-methyl (ISO) (methyl-parathion); pentachlorophenol (ISO), its salts or its esters; phosphamidon (ISO); 2,4,5-T (ISO) (2,4,5-trichlorophenoxyacetic acid), its salts or its esters; tributyltin compounds. Also dustable powder formulations containing a mixture of benomyl (ISO), carbofuran (ISO) and thiram (ISO).",[],[],0,,6,6,"['KG ACT. SUBST.', 'KG_ACT_SUBST']",0,1,False,False,False,False,True,False,,
20594158,C20,"Lubricating preparations obtained from petroleum or bituminous minerals, excluding the ones used for the treatment of textiles, leather, hides, furskins and other materials (excluding lubricants having a bio-based carbon content of at least 25 % by mass and which are biodegradable at a level of at least 60 %)","['34031910', '34031980']",['KG'],2,True,7,7,['KG'],0,1,True,True,True,False,True,False,34031910|34031980,KG
20594159,C20,Lubricants having a bio-based carbon content of at least 25 % by mass and which are biodegradable at a level of at least 60 %,['34031920'],['KG'],1,True,7,7,['KG'],0,1,True,True,True,False,True,False,34031920,KG
20595800,C20,"Biodiesel and mixtures thereof, not containing or containing < 70 % by weight of petroleum oils or oils obtained from bituminous minerals","['38260010', '38260090']",['KG'],2,True,7,7,['KG'],0,1,True,True,True,False,True,False,38260010|38260090,KG
201300Z0,C20,"Phosphides (excluding ferrophosphorus), whether or not chemically defined; hydrides, nitrides, azides, silicides and borides, whether or not chemically defined, other than compounds which are also carbides of heading 20.13.64.50; Other inorganic compounds n.e.c.; amalgams (excluding distilled and conductivity water and water of similar purity, liquid air and compressed air, those of precious metals)","['28500020', '28500060', '28500090', '28531000', '28539090']",['KG'],5,False,6,6,['KG'],0,1,False,True,True,False,True,False,28500020|28500060|28500090|28531000|28539090,KG
20144238,C20,"Amino-alcohols, their ethers and esters with only 1 oxygen function and their salts (excluding monoethanolamine and its salts, diethanolamine and its salts)","['29221400', '29221500', '29221600', '29221700', '29221800', '29221900']",['KG'],6,True,6,6,['KG'],0,1,True,True,True,False,True,False,29221400|29221500|29221600|29221700|29221800|29221900,KG
20201100,C20,Insecticides,[],[],0,,5,5,"['KG ACT. SUBST.', 'KG_ACT_SUBST']",0,1,False,False,False,False,True,False,,
20602150,C20,"Artificial filament tow and staple fibres (not carded, combed or otherwise processed for spinning, excluding the ones of acetate)","['55029000', '55041000', '55049000']",['KG'],3,True,6,6,['KG'],0,1,True,True,True,False,True,False,55029000|55041000|55049000,KG
23311000,C23,Ceramic tiles and flags,"['69072100', '69072200', '69072300', '69073000', '69074000']",['M2'],5,True,6,6,['M2'],0,1,True,False,False,False,True,False,69072100|69072200|69072300|69073000|69074000,M2
23991940,C23,Calcined kaolin,['25070020'],['KG'],1,False,6,6,['KG'],0,1,False,True,True,False,True,False,25070020,KG
17221270,C17,"Napkins and napkin liners for babies, of other textile materials (excl. of wadding of textile materials)",['96190050'],['KG'],1,True,4,4,['KG'],0,1,True,True,True,False,True,False,96190050,KG
20111140,C20,Helium,['28042910'],['M3'],1,True,4,4,['M3'],0,1,True,False,False,False,True,False,28042910,M3
20111190,C20,"Other rare gases (neon, krypton and xenon)",['28042990'],['M3'],1,True,4,4,['M3'],0,1,True,False,False,False,True,False,28042990,M3
20121210,C20,Manganese oxides. Manganese dioxide,['28201000'],['KG'],1,True,4,4,['KG'],0,1,True,True,True,False,True,False,28201000,KG
20121220,C20,Manganese oxides. Manganese oxide containing by weight 77 % or more of manganese,['28209010'],['KG'],1,True,4,4,['KG'],0,1,True,True,True,False,True,False,28209010,KG
20121230,C20,Manganese oxides. Manganese oxide containing by weight less than 77 % of manganese,['28209090'],['KG'],1,True,4,4,['KG'],0,1,True,True,True,False,True,False,28209090,KG
20121240,C20,"Chromium, lead and copper oxides and hydroxides","['28191000', '28199010', '28199090', '28241000', '28249000', '28255000']",['KG'],6,True,4,4,['KG'],0,1,True,True,True,False,True,False,28191000|28199010|28199090|28241000|28249000|28255000,KG
20121955,C20,Lithium oxide and hydroxide,['28252000'],['KG'],1,True,4,4,['KG'],0,1,True,True,True,False,True,False,28252000,KG
20121960,C20,Vanadium oxides and hydroxides,['28253000'],['KG'],1,True,4,4,['KG'],0,1,True,True,True,False,True,False,28253000,KG
20121965,C20,Nickel oxides and hydroxides,['28254000'],['KG'],1,True,4,4,['KG'],0,1,True,True,True,False,True,False,28254000,KG
20121970,C20,Germanium oxides and zirconium dioxide,['28256000'],['KG'],1,True,4,4,['KG'],0,1,True,True,True,False,True,False,28256000,KG
20121995,C20,"Other inorganic bases; other metal oxides, hydroxides and peroxides, n.e.c.",[],[],0,,3,3,['KG'],0,1,False,False,True,False,True,False,,
20132141,C20,Boron,['28045010'],['KG'],1,True,4,4,['KG'],0,1,True,True,True,False,True,False,28045010,KG
20132142,C20,Tellurium,['28045090'],['KG'],1,True,4,4,['KG'],0,1,True,True,True,False,True,False,28045090,KG
20132160,C20,"Silicon. Containing by weight not less than 99,99 % of silicon",['28046100'],['KG'],1,True,4,4,['KG'],0,1,True,True,True,False,True,False,28046100,KG
20132170,C20,"Silicon. Other than containing by weight not less than 99,99 % of silicon",['28046900'],['KG'],1,True,4,4,['KG'],0,1,True,True,True,False,True,False,28046900,KG
20132181,C20,Phosphorus,"['28047010', '28047090']",['KG'],2,True,4,4,['KG'],0,1,True,True,True,False,True,False,28047010|28047090,KG
20132185,C20,Arsenic; selenium,"['28048000', '28049000']",['KG'],2,True,4,4,['KG'],0,1,True,True,True,False,True,False,28048000|28049000,KG
20132210,C20,Phosphorus oxychloride,['28121200'],['KG'],1,True,4,4,['KG'],0,1,True,True,True,False,True,False,28121200,KG
20132220,C20,Phosphorus trichloride,['28121300'],['KG'],1,True,4,4,['KG'],0,1,True,True,True,False,True,False,28121300,KG
20132230,C20,Phosphorus pentachloride,['28121400'],['KG'],1,True,3,3,['KG'],0,1,True,True,True,False,True,False,28121400,KG
20132270,C20,"Phosphorus sulphides, commercial phosphorus trisulphide",['28139010'],['KG'],1,True,4,4,['KG'],0,1,True,True,True,False,True,False,28139010,KG
20132280,C20,Sulphides of non-metals (excluding phosphorus sulphides; commercial phosphorus trisulphide),"['28131000', '28139090']",['KG'],2,True,4,4,['KG'],0,1,True,True,True,False,True,False,28131000|28139090,KG
20132462,C20,Diboron trioxide,['28100010'],['KG'],1,True,4,4,['KG'],0,1,True,True,True,False,True,False,28100010,KG
20132465,C20,Oxides of boron and boric acids (excl. diboron trioxide),['28100090'],['KG'],1,True,4,4,['KG'],0,1,True,True,True,False,True,False,28100090,KG
20132469,C20,Other inorganic acids and other inorganic oxygen compounds of non-metals (excluding hydrogen fluoride),"['28111200', '28111910', '28111980']",['KG'],3,True,4,4,['KG'],0,1,True,True,True,False,True,False,28111200|28111910|28111980,KG
20132563,C20,Hydroxide and peroxide of magnesium,['28161000'],['KG'],1,True,4,4,['KG'],0,1,True,True,True,False,True,False,28161000,KG
20132565,C20,"Oxides, hydroxides and peroxides, of strontium or barium",['28164000'],['KG'],1,True,4,4,['KG'],0,1,True,True,True,False,True,False,28164000,KG
20133115,C20,"Fluorides; fluorosilicates; fluoroaluminates and other complex fluorine salts (Lithium hexafluorophosphate (1-), Lithium difluorophosphate, Lithium hexafluoroarsenate monohydrate, Lithium tetrafluoroborate)",['28269080'],['KG_F'],1,True,4,4,['KG_F'],0,1,True,False,False,False,True,False,28269080,KG_F
20133119,C20,"Fluorides; fluorosilicates; fluoroaluminates and other complex fluorine salts (excl. sodium hexafluoroaluminate ""synthetic cryolite""; hexafluorophosphate (1-), difluorophosphate, hexafluoroarsenate monohydrate and tetrafluoroborate of lithium; inorganic or organic compounds of mercury)","['28261200', '28261910', '28261990', '28263000', '28269010']",['KG_F'],5,True,4,4,['KG_F'],0,1,True,False,False,False,True,False,28261200|28261910|28261990|28263000|28269010,KG_F
20133131,C20,Magnesium chlorides,['28273100'],['KG'],1,True,4,4,['KG'],0,1,True,True,True,False,True,False,28273100,KG
20133132,C20,Nickel chlorides,['28273500'],['KG'],1,True,4,4,['KG'],0,1,True,True,True,False,True,False,28273500,KG
20133133,C20,Tin chlorides,['28273910'],['KG'],1,True,4,4,['KG'],0,1,True,True,True,False,True,False,28273910,KG
20133134,C20,Cobalt chlorides,['28273930'],['KG'],1,True,4,4,['KG'],0,1,True,True,True,False,True,False,28273930,KG
20133139,C20,Other chlorides n.e.s.,[],[],0,,3,3,['KG'],0,1,False,False,True,False,True,False,,
20133171,C20,Bromides and bromide oxides (excl. bromides of sodium or of potassium),[],[],0,,3,3,['KG'],0,1,False,False,True,False,True,False,,
20133179,C20,Bromides of sodium or of potassium; iodides and iodide oxides,"['28275100', '28276000']",['KG'],2,True,4,4,['KG'],0,1,True,True,True,False,True,False,28275100|28276000,KG
20134111,C20,"Sulphides of calcium, of antimony or of iron",['28309011'],['KG'],1,True,4,4,['KG'],0,1,True,True,True,False,True,False,28309011,KG
20134120,C20,"Sulphides; polysulphides, whether or not chemically defined; dithionites and sulphoxylates (excluding of calcium, antimony and iron)","['28301000', '28309085', '28311000', '28319000']",['KG'],4,True,4,4,['KG'],0,1,True,True,True,False,True,False,28301000|28309085|28311000|28319000,KG
20134150,C20,Sulphates of aluminium,['28332200'],['KG'],1,True,4,4,['KG'],0,1,True,True,True,False,True,False,28332200,KG
20134155,C20,Sulphates of barium,['28332700'],['KG'],1,True,4,4,['KG'],0,1,True,True,True,False,True,False,28332700,KG
20134160,C20,Sulphates of magnesium,['28332100'],['KG'],1,True,4,4,['KG'],0,1,True,True,True,False,True,False,28332100,KG
20134161,C20,Sulphates of nickel,['28332400'],['KG'],1,True,4,4,['KG'],0,1,True,True,True,False,True,False,28332400,KG
20134162,C20,Sulphates of cobalt; of titanium,['28332930'],['KG'],1,True,4,4,['KG'],0,1,True,True,True,False,True,False,28332930,KG
20134165,C20,"Sulphates (excluding those of aluminium, barium, magnesium, nickel, cobalt, titanium)","['28331100', '28331900', '28332500', '28332920', '28332960', '28332980']",['KG'],6,True,4,4,['KG'],0,1,True,True,True,False,True,False,28331100|28331900|28332500|28332920|28332960|28332980,KG
20134211,C20,Nitrates of barium; of beryllium; of cadmium; of cobalt; of nickel; of lead,[],[],0,,3,3,['KG_N'],0,1,False,False,False,False,True,False,,
20134212,C20,"Nitrates of copper and other (excluding those of potassium, of barium, of beryllium, of cadmium, of cobalt, of nickel, of lead)","['28342940', '28342980']",['KG_N'],2,True,4,4,['KG_N'],0,1,True,False,False,False,True,False,28342940|28342980,KG_N
20134350,C20,Lithium carbonates,[],[],0,,3,3,['KG'],0,1,False,False,True,False,True,False,,
20134395,C20,Other carbonates n.e.s.,[],[],0,,3,3,['KG'],0,1,False,False,True,False,True,False,,
20135115,C20,Tungstates,['28418000'],['KG'],1,True,4,4,['KG'],0,1,True,True,True,False,True,False,28418000,KG
20135120,C20,"Manganites, manganates and permanganates; molybdates","['28416100', '28416900', '28417000']",['KG'],3,True,4,4,['KG'],0,1,True,True,True,False,True,False,28416100|28416900|28417000,KG
20135178,C20,Salts of oxometallic and peroxometallic acids: zincates and vanadates,['28419030'],['KG'],1,True,4,4,['KG'],0,1,True,True,True,False,True,False,28419030,KG
20135179,C20,Other salts of oxometallic and peroxometallic acids,[],[],0,,3,3,['KG'],0,1,False,False,True,False,True,False,,
20136410,C20,"Carbides of silicon, whether or not chemically defined",['28492000'],['KG'],1,True,4,4,['KG'],0,1,True,True,True,False,True,False,28492000,KG
20136420,C20,"Carbides of boron, whether or not chemically defined",['28499010'],['KG'],1,True,4,4,['KG'],0,1,True,True,True,False,True,False,28499010,KG
20136430,C20,"Carbides of tungsten, whether or not chemically defined",['28499030'],['KG'],1,True,4,4,['KG'],0,1,True,True,True,False,True,False,28499030,KG
20136451,C20,"Carbides of aluminium, of chromium, of molybdenum, of vanadium, of tantalum; of titanium, whether or not chemically defined",['28499050'],['KG'],1,True,4,4,['KG'],0,1,True,True,True,False,True,False,28499050,KG
20136490,C20,Other carbides n.e.s.,"['28491000', '28499090']",['KG'],2,True,4,4,['KG'],0,1,True,True,True,False,True,False,28491000|28499090,KG
20136510,C20,"Compounds, inorganic or organic, of rare-earth metals or of mixtures of these metals. Cerium compounds",['28461000'],['KG'],1,True,4,4,['KG'],0,1,True,True,True,False,True,False,28461000,KG
20136520,C20,"Compounds, inorganic or organic, of rare-earth metals or of mixtures of these metals. Compounds of lanthanum, praseodymium, neodymium, samarium",['28469010'],['KG'],1,True,4,4,['KG'],0,1,True,True,True,False,True,False,28469010,KG
20136550,C20,"Compounds, inorganic or organic, of rare-earth metals or of mixtures of these metals. Compounds of europium, gadolinium, terbium, dysprosium, holmium, erbium, thulium, ytterbium, lutetium or yttrium",['28469020'],['KG'],1,True,4,4,['KG'],0,1,True,True,True,False,True,False,28469020,KG
20136585,C20,"Compounds, inorganic or organic, of rare-earth metals or of mixtures of these metals. Compounds of mixtures of metals",['28469090'],['KG'],1,True,4,4,['KG'],0,1,True,True,True,False,True,False,28469090,KG
20148000,C20,"Residual lyes from the manufacture of wood pulp, excluding tall oil",['38040000'],['KG'],1,True,4,4,['KG'],0,1,True,True,True,False,True,False,38040000,KG
20165945,C20,Sodium carboxymethyl cellulose,['39123100'],['KG'],1,True,4,4,['KG'],0,1,True,True,True,False,True,False,39123100,KG
20165950,C20,"Cellulose and its chemical derivatives, in primary forms, excluding sodium carboxymethyl cellulose and n.e.c.","['39121100', '39121200', '39122011', '39122019', '39122090', '39123920', '39123985', '39129010', '39129090']",['KG'],9,True,4,4,['KG'],0,1,True,True,True,False,True,False,39121100|39121200|39122011|39122019|39122090|39123920|39123985|39129010|39129090,KG
20165955,C20,"Natural polymers and modified natural polymers, not elsewhere specified or included, in primary forms . Alginic acid, its salts and esters",['39131000'],['KG'],1,True,4,4,['KG'],0,1,True,True,True,False,True,False,39131000,KG
20165965,C20,"Natural polymers and modified natural polymers, e.g. hardened proteins, chemical derivatives of natural rubber, n.e.s., in primary forms (excl. alginic acid and its salts and esters)",['39139000'],['KG'],1,True,4,4,['KG'],0,1,True,True,True,False,True,False,39139000,KG
20521010,C20,Adhesives based on natural polymers,"['35019010', '35030080', '35052010', '35052030', '35052050', '35052090']",['KG'],6,True,4,4,['KG'],0,1,True,True,True,False,True,False,35019010|35030080|35052010|35052030|35052050|35052090,KG
20595662,C20,"Supported catalysts with nickel or a nickel compound as the active substance, n.e.s.",['38151100'],['KG'],1,True,4,4,['KG'],0,1,True,True,True,False,True,False,38151100,KG
20595664,C20,"Supported catalysts with precious metal or a precious-metal compound as the active substance, n.e.s.",['38151200'],['KG'],1,True,4,4,['KG'],0,1,True,True,True,False,True,False,38151200,KG
20595666,C20,"Catalyst in the form of grains of which 90 % or more by weight have a particle-size not exceeding 10 micrometres, consisting of a mixture of oxides on a magnesium silicate support, containing by weight: 20% or more but not more than 35% of copper and 2% or more but not more than 3% of bismuth, and of an apparent specific gravity of 0,2 or more but not exceeding 1,0",['38151910'],['KG'],1,True,4,4,['KG'],0,1,True,True,True,False,True,False,38151910,KG
20595669,C20,"Reaction initiators, reaction accelerators and catalytic preparations, not elsewhere specified or included","['38151990', '38159010', '38159090']",['KG'],3,True,4,4,['KG'],0,1,True,True,True,False,True,False,38151990|38159010|38159090,KG
24101210,C24,"Ferro-manganese, containing by weight > 2% carbon, with a granulometry <= 5 mm and a manganese content by weight > 65%",['72021120'],['KG'],1,True,3,3,['KG'],0,1,True,True,True,False,True,False,72021120,KG
24101220,C24,"Other ferro-manganese, containing by weight > 2% carbon (excl. ferro-manganese with a granulometry of <= 5 mm and containing by weight > 65% manganese)",['72021180'],['KG'],1,True,3,3,['KG'],0,1,True,True,True,False,True,False,72021180,KG
24101225,C24,Other ferro-manganese containing by weight less or equal than 2 % of carbon,['72021900'],['KG'],1,True,3,3,['KG'],0,1,True,True,True,False,True,False,72021900,KG
24101235,C24,"Ferro-silicon, containing by weight > 55% of silicon",['72022100'],['KG'],1,True,4,4,['KG'],0,1,True,True,True,False,True,False,72022100,KG
24101236,C24,"Ferro-silicon, containing by weight <= 55% silicon and >= 4% but <= 10% of magnesium",['72022910'],['KG'],1,True,4,4,['KG'],0,1,True,True,True,False,True,False,72022910,KG
24101239,C24,"Other ferro-silicon, containing by weight <= 55% silicon (excl. that containing by weight >= 4% but <= 10% of magnesium)",['72022990'],['KG'],1,True,4,4,['KG'],0,1,True,True,True,False,True,False,72022990,KG
24101240,C24,Ferro-nickel,['72026000'],['KG'],1,True,4,4,['KG'],0,1,True,True,True,False,True,False,72026000,KG
24101250,C24,Ferro-tungsten and ferro-silico-tungsten,['72028000'],['KG'],1,True,3,3,['KG'],0,1,True,True,True,False,True,False,72028000,KG
24101255,C24,Ferro-titanium and ferro-silico-titanium,['72029100'],['KG'],1,True,4,4,['KG'],0,1,True,True,True,False,True,False,72029100,KG
24101265,C24,Ferro-vanadium,['72029200'],['KG'],1,True,4,4,['KG'],0,1,True,True,True,False,True,False,72029200,KG
24101270,C24,Ferro-niobium,['72029300'],['KG'],1,True,3,3,['KG'],0,1,True,True,True,False,True,False,72029300,KG
24101280,C24,Ferro-phosphorus,['72029910'],['KG'],1,True,3,3,['KG'],0,1,True,True,True,False,True,False,72029910,KG
24101285,C24,Ferro-silico-magnesium,['72029930'],['KG'],1,True,4,4,['KG'],0,1,True,True,True,False,True,False,72029930,KG
24101295,C24,Other ferro alloys nowhere else specified or included,"['72025000', '72029980']",['KG'],2,True,4,4,['KG'],0,1,True,True,True,False,True,False,72025000|72029980,KG
24412035,C24,"Gold (including gold plated with platinum), in powder form",['71081100'],['KG'],1,True,4,4,['KG'],0,1,True,True,True,False,True,False,71081100,KG
24412040,C24,"Gold (including gold plated with platinum), unwrought or in semi-manufactured forms",['71081200'],['KG'],1,True,4,4,['KG'],0,1,True,True,True,False,True,False,71081200,KG
24413010,C24,Platinum. Unwrought or in powder form,['71101100'],['KG'],1,True,4,4,['KG'],0,1,True,True,True,False,True,False,71101100,KG
24413015,C24,Palladium. Unwrought or in powder form,['71102100'],['KG'],1,True,4,4,['KG'],0,1,True,True,True,False,True,False,71102100,KG
24413020,C24,Rhodium. Unwrought or in powder form,['71103100'],['KG'],1,True,4,4,['KG'],0,1,True,True,True,False,True,False,71103100,KG
24413025,C24,"Iridium, osmium and ruthenium. Unwrought or in powder form",['71104100'],['KG'],1,True,4,4,['KG'],0,1,True,True,True,False,True,False,71104100,KG
24413040,C24,"Platinum in bars, rods, wire and sections; plates; sheets and strips of a thickness, excluding any backing, exceeding 0,15 mm",['71101910'],['KG'],1,True,4,4,['KG'],0,1,True,True,True,False,True,False,71101910,KG
24413045,C24,Platinum in semi-manufactured forms,['71101980'],['KG'],1,True,4,4,['KG'],0,1,True,True,True,False,True,False,71101980,KG
24413055,C24,Palladium in semi-manufactured forms,['71102900'],['KG'],1,True,4,4,['KG'],0,1,True,True,True,False,True,False,71102900,KG
24413065,C24,"Iridium, osmium and ruthenium in semi-manufactured forms",['71104900'],['KG'],1,True,4,4,['KG'],0,1,True,True,True,False,True,False,71104900,KG
24451110,C24,"Nickel, not alloyed, unwrought",['75021000'],['KG'],1,True,4,4,['KG'],0,1,True,True,True,False,True,False,75021000,KG
24451120,C24,Unwrought nickel alloys,['75022000'],['KG'],1,True,4,4,['KG'],0,1,True,True,True,False,True,False,75022000,KG
24451210,C24,Nickel mattes,['75011000'],['KG'],1,True,4,4,['KG'],0,1,True,True,True,False,True,False,75011000,KG
24451220,C24,Nickel oxide sinters and other intermediate products of nickel metallurgy,['75012000'],['KG'],1,True,4,4,['KG'],0,1,True,True,True,False,True,False,75012000,KG
24453020,C24,"Tantalum, unwrought, incl. bars and rods of tantalum obtained simply by sintering; tantalum powder",['81032000'],['KG'],1,True,4,4,['KG'],0,1,True,True,True,False,True,False,81032000,KG
24453021,C24,"Tantalum and articles thereof. Bars and rods, other than those obtained simply by sintering, profiles, wire, plates, sheets, strip and foil",['81039910'],['KG'],1,True,4,4,['KG'],0,1,True,True,True,False,True,False,81039910,KG
24453022,C24,"Other articles of tantalum (excluding waste and scrap), n.e.s.","['81039100', '81039990']",['KG'],2,True,4,4,['KG'],0,1,True,True,True,False,True,False,81039100|81039990,KG
24453024,C24,"Unwrought magnesium, containing >= 99,8% by weight of magnesium",['81041100'],['KG'],1,True,4,4,['KG'],0,1,True,True,True,False,True,False,81041100,KG
24453026,C24,"Unwrought magnesium, containing < 99,8% by weight of magnesium",['81041900'],['KG'],1,True,4,4,['KG'],0,1,True,True,True,False,True,False,81041900,KG
24453028,C24,"Other articles of magnesium (excluding waste and scrap), n.e.s.","['81043000', '81049000']",['KG'],2,True,4,4,['KG'],0,1,True,True,True,False,True,False,81043000|81049000,KG
24453031,C24,Unwrought bismuth; bismuth powders; (excluding waste and scrap),[],[],0,,3,3,['KG'],0,1,False,False,True,False,True,False,,
24453032,C24,"Articles of bismuth, n.e.s. (excluding waste and scrap)",[],[],0,,3,3,['KG'],0,1,False,False,True,False,True,False,,
24453033,C24,"Cadmium and articles thereof (excluding waste and scrap), n.e.c.",[],[],0,,3,3,['KG'],0,1,False,False,True,False,True,False,,
24453035,C24,Cobalt mattes and other intermediate products of cobalt metallurgy; unwrought cobalt; powders (excl. cobalt waste and scrap),['81052000'],['KG'],1,True,4,4,['KG'],0,1,True,True,True,False,True,False,81052000,KG
24453036,C24,"Articles of cobalt, n.e.s.",['81059000'],['KG'],1,True,4,4,['KG'],0,1,True,True,True,False,True,False,81059000,KG
24453045,C24,Antimony. Unwrought antimony; powders,['81101000'],['KG'],1,True,4,4,['KG'],0,1,True,True,True,False,True,False,81101000,KG
24453048,C24,"Zirconium and articles thereof (excluding waste and scrap), n.e.c.",[],[],0,,3,3,['KG'],0,1,False,False,True,False,True,False,,
24453060,C24,Unwrought beryllium; beryllium powders,['81121200'],['KG'],1,True,4,4,['KG'],0,1,True,True,True,False,True,False,81121200,KG
24453061,C24,"Articles of beryllium, n.e.s. (excluding waste and scrap)",['81121900'],['KG'],1,True,4,4,['KG'],0,1,True,True,True,False,True,False,81121900,KG
24453062,C24,"Unwrought hafnium ""celtium""; hafnium powders;",[],[],0,,3,3,['KG'],0,1,False,False,True,False,True,False,,
24453063,C24,"Articles of hafnium ""celtium"" and germanium, n.e.s.",[],[],0,,3,3,['KG'],0,1,False,False,True,False,True,False,,
24453064,C24,"Unwrought niobium ""columbium"" and rhenium; niobium ""columbium"" or rhenium powders",[],[],0,,3,3,['KG'],0,1,False,False,True,False,True,False,,
24453065,C24,"Articles of niobium ""columbium"" or rhenium, n.e.s.",[],[],0,,3,3,['KG'],0,1,False,False,True,False,True,False,,
24453066,C24,"Niobium ""columbium"", rhenium, gallium, indium, vanadium and germanium waste and scrap (excl. ashes and residues containing these metals)",[],[],0,,3,3,['KG'],0,1,False,False,True,False,True,False,,
24453070,C24,Unwrought indium; indium powders,['81129281'],['KG'],1,True,4,4,['KG'],0,1,True,True,True,False,True,False,81129281,KG
24453071,C24,"Articles of gallium, indium and vanadium, n.e.s.",[],[],0,,3,3,['KG'],0,1,False,False,True,False,True,False,,
24453076,C24,Unwrought vanadium; vanadium powders (excl. ash and residues containing vanadium),['81129291'],['KG'],1,True,4,4,['KG'],0,1,True,True,True,False,True,False,81129291,KG
24453079,C24,Unwrought germanium; germanium powders,['81129295'],['KG'],1,True,4,4,['KG'],0,1,True,True,True,False,True,False,81129295,KG
24453082,C24,"Chromium and thallium, and articles of these metals, n.e.c.; (excluding waste and scrap of these metals)",[],[],0,,3,3,['KG'],0,1,False,False,True,False,True,False,,
24453085,C24,Manganese. Unwrought manganese; powders,['81110011'],['KG'],1,True,4,4,['KG'],0,1,True,True,True,False,True,False,81110011,KG
24453086,C24,Manganese waste and scrap (excl. ash and residues containing manganese),['81110019'],['KG'],1,True,4,4,['KG'],0,1,True,True,True,False,True,False,81110019,KG
24453087,C24,"Articles of manganese, n.e.s.",['81110090'],['KG'],1,True,4,4,['KG'],0,1,True,True,True,False,True,False,81110090,KG
24453090,C24,"Cermets and articles thereof, n.e.s.; waste and scrap of cermets (excl. ash and residues containing cermets)",[],[],0,,3,3,['KG'],0,1,False,False,True,False,True,False,,
17221260,C17,"Sanitary towels (pads), tampons and similar articles, of other textile materials (excl. of wadding of textile materials)",['96190040'],['KG'],1,True,3,3,['KG'],0,1,True,True,True,False,True,False,96190040,KG
24413060,C24,Rhodium in semi-manufactured forms,['71103900'],['KG'],1,True,3,3,['KG'],0,1,True,True,True,False,True,False,71103900,KG
20121980,C20,Beryllium oxide and hydroxide,['28259020'],['KG'],1,True,2,2,['KG'],0,1,True,True,True,False,True,False,28259020,KG
20121981,C20,Tungsten oxides and hydroxides,['28259040'],['KG'],1,True,2,2,['KG'],0,1,True,True,True,False,True,False,28259040,KG
20132240,C20,"Chlorides and chloride oxides of phosphorus (excl. phosphorus oxy-, tri- and pentachloride)",['28121910'],['KG'],1,True,2,2,['KG'],0,1,True,True,True,False,True,False,28121910,KG
20136580,C20,"Compounds, inorganic or organic, of rare-earth metals or of mixtures of these metals. Scandium compounds",['28469030'],['KG'],1,True,2,2,['KG'],0,1,True,True,True,False,True,False,28469030,KG
24453046,C24,Antimony and articles thereof (excluding unwrought antimony; powders; waste and scrap),['81109000'],['KG'],1,True,2,2,['KG'],0,1,True,True,True,False,True,False,81109000,KG
20121996,C20,Tin oxides and hydroxides,['28259085'],['KG'],1,False,1,1,['KG'],0,1,False,True,True,False,True,False,28259085,KG
20121997,C20,"Other inorganic bases; other metal oxides, hydroxides and peroxides (excluding tin oxides and hydroxides), n.e.c.","['28259011', '28259019', '28259060', '28259085']",['KG'],4,False,1,1,['KG'],0,1,False,True,True,False,True,False,28259011|28259019|28259060|28259085,KG
201219Z0,C20,"Other inorganic bases; other metal oxides, hydroxides and peroxides, n.e.c.","['28259011', '28259019', '28259060', '28259085']",['KG'],4,False,1,1,['KG'],0,1,False,True,True,False,True,False,28259011|28259019|28259060|28259085,KG
20132310,C20,"Cerium, lanthanum, praseodymium, neodymium and samarium",['28053020'],['KG'],1,True,1,1,['KG'],0,1,True,True,True,False,True,False,28053020,KG
20132311,C20,"Europium, gadolinium, terbium, dysprosium, holmium, erbium, thulium, ytterbium, lutetium and yttrium",['28053030'],['KG'],1,True,1,1,['KG'],0,1,True,True,True,False,True,False,28053030,KG
20132312,C20,Scandium metal,['28053040'],['KG'],1,True,1,1,['KG'],0,1,True,True,True,False,True,False,28053040,KG
20132319,C20,"Alkali or alkaline-earth metals; rare-earth metals; mercury (excluding cerium, lanthanum, praseodymium, neodymium and samarium, europium, gadolinium, terbium, dysprosium, holmium, erbium, thulium, ytterbium, lutetium and yttrium and scandium metal)","['28051100', '28051200', '28051910', '28051990', '28053010', '28053080', '28054010', '28054090']",['KG'],8,True,1,1,['KG'],0,1,True,True,True,False,True,False,28051100|28051200|28051910|28051990|28053010|28053080|28054010|28054090,KG
20133135,C20,Lithium chloride,['28273985'],['KG'],1,False,1,1,['KG'],0,1,False,True,True,False,True,False,28273985,KG
20133138,C20,"Other chlorides (excluding lithium, ammonium, magnesium, nickel, tin and cobalt chloride) n.e.s.","['28272000', '28273200', '28273920', '28273985']",['KG'],4,False,1,1,['KG'],0,1,False,True,True,False,True,False,28272000|28273200|28273920|28273985,KG
20133172,C20,Lithium bromide,['28275900'],['KG'],1,False,1,1,['KG'],0,1,False,True,True,False,True,False,28275900,KG
20133173,C20,"Bromides and bromide oxides (excl. bromides of sodium, of potassium and of lithium)",['28275900'],['KG'],1,False,1,1,['KG'],0,1,False,True,True,False,True,False,28275900,KG
201331Z1,C20,"Other chlorides n.e.s. (excluding ammonium, magnesium, nickel, tin and cobalt chloride)","['28272000', '28273200', '28273920', '28273985']",['KG'],4,False,1,1,['KG'],0,1,False,True,True,False,True,False,28272000|28273200|28273920|28273985,KG
201331Z2,C20,Bromides and bromide oxides (excl. bromides of sodium or of potassium),['28275900'],['KG'],1,False,1,1,['KG'],0,1,False,True,True,False,True,False,28275900,KG
20133251,C20,Lithium perchlorate,['28299010'],['KG'],1,False,1,1,['KG'],0,1,False,True,True,False,True,False,28299010,KG
20133259,C20,Chlorates and perchlorates; bromates and perbromates; iodates and periodates (excluding lithium perchlorate),"['28291100', '28291900', '28299010', '28299040', '28299080']",['KG'],5,False,1,1,['KG'],0,1,False,True,True,False,True,False,28291100|28291900|28299010|28299040|28299080,KG
201332Z1,C20,Chlorates and perchlorates; bromates and perbromates; iodates and periodates,"['28291100', '28291900', '28299010', '28299040', '28299080']",['KG'],5,False,1,1,['KG'],0,1,False,True,True,False,True,False,28291100|28291900|28299010|28299040|28299080,KG
20134213,C20,Nitrates of barium; of beryllium; of cadmium;  of lead,['28342920'],['KG_N'],1,False,1,1,['KG_N'],0,1,False,False,False,False,True,False,28342920,KG_N
20134214,C20,Nitrate of cobalt,['28342920'],['KG_N'],1,False,1,1,['KG_N'],0,1,False,False,False,False,True,False,28342920,KG_N
20134215,C20,Nitrate of nickel,['28342920'],['KG_N'],1,False,1,1,['KG_N'],0,1,False,False,False,False,True,False,28342920,KG_N
20134281,C20,Lithium iron phosphate,['28352990'],['KG'],1,False,1,1,['KG'],0,1,False,True,True,False,True,False,28352990,KG
20134289,C20,"Phosphates (excluding calcium hydrogenorthophosphate and mono- or disodium phosphate, and lithium iron phosphate); polyphosphates (excluding sodium triphosphate)","['28352400', '28352600', '28352910', '28352930', '28352990', '28353900']",['KG'],6,False,1,1,['KG'],0,1,False,True,True,False,True,False,28352400|28352600|28352910|28352930|28352990|28353900,KG
201342Z1,C20,Nitrates of barium; of beryllium; of cadmium; of cobalt; of nickel; of lead,['28342920'],['KG_N'],1,False,1,1,['KG_N'],0,1,False,False,False,False,True,False,28342920,KG_N
201342Z2,C20,Phosphates (excluding calcium hydrogenorthophosphate and mono- or disodium phosphate); polyphosphates (excluding sodium triphosphate),"['28352400', '28352600', '28352910', '28352930', '28352990', '28353900']",['KG'],6,False,1,1,['KG'],0,1,False,True,True,False,True,False,28352400|28352600|28352910|28352930|28352990|28353900,KG
20134351,C20,"Lithium carbonates with a minimum content of 99,5% of Li2CO3 or more",['28369100'],['KG'],1,False,1,1,['KG'],0,1,False,True,True,False,True,False,28369100,KG
20134352,C20,"Lithium carbonates with a content of less than  99,5% of Li2CO3",['28369100'],['KG'],1,False,1,1,['KG'],0,1,False,True,True,False,True,False,28369100,KG
20134396,C20,Cobalt carbonates,['28369917'],['KG'],1,False,1,1,['KG'],0,1,False,True,True,False,True,False,28369917,KG
20134399,C20,Other carbonates (excluding cobalt carbonates),"['28364000', '28366000', '28369200', '28369911', '28369917', '28369990']",['KG'],6,False,1,1,['KG'],0,1,False,True,True,False,True,False,28364000|28366000|28369200|28369911|28369917|28369990,KG
201343Z1,C20,Lithium carbonates,['28369100'],['KG'],1,False,1,1,['KG'],0,1,False,True,True,False,True,False,28369100,KG
201343Z2,C20,Other carbonates n.e.s.,"['28364000', '28366000', '28369200', '28369911', '28369917', '28369990']",['KG'],6,False,1,1,['KG'],0,1,False,True,True,False,True,False,28364000|28366000|28369200|28369911|28369917|28369990,KG
20135180,C20,Tantalates,['28419085'],['KG'],1,False,1,1,['KG'],0,1,False,True,True,False,True,False,28419085,KG
20135181,C20,Other salts of oxometallic and peroxometallic acids (excluding tantalates),['28419085'],['KG'],1,False,1,1,['KG'],0,1,False,True,True,False,True,False,28419085,KG
201351Z1,C20,Other salts of oxometallic and peroxometallic acids,['28419085'],['KG'],1,False,1,1,['KG'],0,1,False,True,True,False,True,False,28419085,KG
20146361,C20,"Alcohol peroxides, ether peroxides, acetal and hemiacetal peroxides, ketone peroxides and their halogenated, sulphonated, nitrated or nitrosated derivatives","['29096010', '29096090']",['KG'],2,True,1,1,['KG'],0,1,True,True,True,False,True,False,29096010|29096090,KG
20146381,C20,Acetals and hemiacetals and their halogenated; sulphonated; nitrated or nitrosated derivatives,['29110000'],['KG'],1,True,1,1,['KG'],0,1,True,True,True,False,True,False,29110000,KG
20201110,C20,Insecticides (excluding carbofuran (ISO) and trichlorfon (ISO)),"['38086100', '38086200', '38086900', '38089110', '38089120', '38089130', '38089140', '38089190']",['KG_ACT_SUBST'],8,True,1,1,['KG ACT. SUBST.'],0,1,True,False,False,False,True,False,38086100|38086200|38086900|38089110|38089120|38089130|38089140|38089190,KG_ACT_SUBST
20201591,C20,"Other fungicides, bactericides and seeds treatments (ex: Captan,...) (excluding hazardous pesticides, carbofuran (ISO) and trichlorfon (ISO))",['38089290'],['KG_ACT_SUBST'],1,True,1,1,['KG ACT. SUBST.'],0,1,True,False,False,False,True,False,38089290,KG_ACT_SUBST
20201610,C20,"Goods of heading 3808 containing one or more of the following substances: Aldrin (ISO); binapacryl (ISO); camphechlor (ISO) (toxaphene); captafol (ISO); chlordane (ISO); chlordimeform (ISO); chlorobenzilate (ISO); DDT (ISO) (clofenotane (INN), 1,1,1-trichloro-2,2-bis(p- chlorophenyl) ethane); dieldrin (ISO, INN); 4,6-dinitro-o- cresol (DNOC (ISO)) or its salts; dinoseb (ISO), its salts or its esters; ethylene dibromide (ISO) (1,2-dibromoethane); ethylene dichloride (ISO) (1,2-dichloroethane); fluoroacetamide (ISO); heptachlor (ISO); hexachlorobenzene (ISO); 1,2,3,4,5,6 - hexachlorocyclohexane (HCH (ISO)), including lindane (ISO, INN); mercury compounds; methamidophos (ISO); monocrotophos (ISO); oxirane (ethylene oxide); parathion (ISO); parathion-methyl (ISO) (methyl-parathion); pentachlorophenol (ISO), its salts or its esters; phosphamidon (ISO); 2,4,5-T (ISO) (2,4,5- trichlorophenoxyacetic acid), its salts or its esters; tributyltin compounds. Also dustable powder formulations containing a mixture of benomyl (ISO), carbofuran (ISO), trichlorfon (ISO) and thiram (ISO)","['38085200', '38085900']",['KG_ACT_SUBST'],2,True,1,1,['KG ACT. SUBST.'],0,1,True,False,False,False,True,False,38085200|38085900,KG_ACT_SUBST
20595211,C20,"Diagnostic or laboratory reagents on a backing, prepared diagnostic or laboratory reagents whether or not on a backing, whether or not put up in the form of kits; ; certified reference materials","['38221100', '38221200', '38221300', '38221900', '38229000']",['KG'],5,True,1,1,['KG'],0,1,True,True,True,False,True,False,38221100|38221200|38221300|38221900|38229000,KG
20595980,C20,"Products containing nicotine or nicotine substitutes, intended for inhalation without combustion","['24041200', '24041990']",['KG'],2,True,1,1,['KG'],0,1,True,True,True,False,True,False,24041200|24041990,KG
20595981,C20,Nicotine containing products intended for the intake of nicotine into the human body (excluding those for oral or transdermal application),['24049900'],['KG'],1,True,1,1,['KG'],0,1,True,True,True,False,True,False,24049900,KG
20595995,C20,"Other chemical products, n.e.c.","['38248400', '38248500', '38248600', '38248700', '38248800', '38248900', '38249100', '38249200', '38249925', '38249975', '38249980', '38249985', '38249986', '38249992', '38249993', '38249996']",['KG'],16,True,1,1,['KG'],0,1,True,True,True,False,True,False,38248400|38248500|38248600|38248700|38248800|38248900|38249100|38249200|38249925|38249975|38249980|38249985|38249986|38249992|38249993|38249996,KG
23141151,C23,"Yarn and slivers of glass fibres (excl. in chopped strands of a length of <= 50 mm, and rovings) and glass fibre cakes ""textile cakes"" and chopped glass fibre strands of a length >50mm","['70191300', '70191900']",['KG'],2,True,1,1,['KG'],0,1,True,True,True,False,True,False,70191300|70191900,KG
23141252,C23,"Closed fabrics of rovings of glass fibres, mechanically bonded (excl. woven)",['70196200'],['KG'],1,True,1,1,['KG'],0,1,True,True,True,False,True,False,70196200,KG
23141253,C23,Stitched or needled fabrics of glass fibres (excl. closed fabrics of rovings),['70196910'],['KG'],1,True,1,1,['KG'],0,1,True,True,True,False,True,False,70196910,KG
23141254,C23,"Chemically bonded glass fibres and articles thereof (for example, yarn, rovings, woven fabrics)","['70197100', '70197200', '70197300']",['KG'],3,True,1,1,['KG'],0,1,True,True,True,False,True,False,70197100|70197200|70197300,KG
23141296,C23,"Glass fibres and articles thereof (excl. staple fibres, rovings, yarn, chopped strands, woven fabrics, also narrow fabrics, thin sheets ""voiles"", webs, mats, mattresses and boards and similar nonwoven products, stone or slag wool and articles thereof, electrical insulators or parts thereof, optical fibres, fibre bundles or cable, brushes of glass fibres, and dolls' wigs, glass wool and articles of glass wool)",['70199000'],['KG'],1,True,1,1,['KG'],0,1,True,True,True,False,True,False,70199000,KG
23141298,C23,Glass wool and articles of glass wool,"['70198010', '70198090']",['KG'],2,True,1,1,['KG'],0,1,True,True,True,False,True,False,70198010|70198090,KG
23201411,C23,"Articles of stone or of other mineral substances, n.e.c. containing magnesite, magnesia in the form of periclase, dolomite including in the form of dolime, or chromite",['68159100'],['KG'],1,True,1,1,['KG'],0,1,True,True,True,False,True,False,68159100,KG
23523051,C23,Dolomite ramming mix,['38160010'],['KG'],1,True,1,1,['KG'],0,1,True,True,True,False,True,False,38160010,KG
23991991,C23,"Articles of stone or other mineral substances, n.e.c.",['68159900'],['KG'],1,True,1,1,['KG'],0,1,True,True,True,False,True,False,68159900,KG
24103521,C24,"Flat-rolled products of high-speed steel, of a width >= 600 mm, not further worked than hot-rolled","['72253030', '72254015']",['KG'],2,True,1,1,['KG'],0,1,True,True,True,False,True,False,72253030|72254015,KG
24104310,C24,"Flat-rolled products of high-speed steel, of a width >= 600 mm, not further worked than cold-rolled ‘cold-reduced’",['72255020'],['KG'],1,False,1,1,['KG'],0,1,False,True,True,False,True,False,72255020,KG
24105111,C24,"Tinplate, other tinned sheet and strip, including electrolytically chromium coated steel (ECCS) (excl. tinned of a width of <600 mm and of a thickness of <0.5 mm not further worked than surface-treated)","['72101100', '72101220', '72101280', '72105000', '72107010', '72109040']",['KG'],6,False,1,1,['KG'],0,1,False,True,True,False,True,False,72101100|72101220|72101280|72105000|72107010|72109040,KG
24105240,C24,"Flat-rolled products of alloy steel other than stainless, of a width >= 600 mm, hot-rolled or cold-rolled ‘cold-reduced’ and further worked (excluding plated or coated with zinc and products of silicon-electrical steel)",['72259900'],['KG'],1,False,1,1,['KG'],0,1,False,True,True,False,True,False,72259900,KG
24322070,C24,"Tinplate of iron or non-alloy steel of a width of <600 mm and of a thickness of <0.5 mm, tinned (coated with a layer of metal containing, by weight, >= 97% of tin), not further worked than surface-treated",['72121010'],['KG'],1,False,1,1,['KG'],0,1,False,True,True,False,True,False,72121010,KG
24322080,C24,"Flat-rolled products of alloy steel other than stainless, of a width of < 600 mm, hot-rolled or cold-rolled ‘cold-reduced’ and electrolytically plated or coated with zinc (excluding products of high-speed steel or silicon-electrical steel)",['72269910'],['KG'],1,True,1,1,['KG'],0,1,True,True,True,False,True,False,72269910,KG
24322081,C24,"Flat -rolled products of alloy steel other than stainless, of a width of < 600 mm, hot-rolled or cold-rolled ‘cold-reduced’ and plated or coated with zinc (excluding electrolytically plated or coated, and products of high-speed steel or silicon-electrical steel)",['72269930'],['KG'],1,True,1,1,['KG'],0,1,True,True,True,False,True,False,72269930,KG
24453014,C24,"Tungsten powder and unwrought tungsten, incl. bars and rods obtained simply by sintering","['81011000', '81019400']",['KG'],2,True,1,1,['KG'],0,1,True,True,True,False,True,False,81011000|81019400,KG
24453015,C24,"Tungsten and articles thereof; bars and rods, other than those obtained simply by sintering, profiles, wire, plates, sheets, strip and foil","['81019600', '81019910', '81019990']",['KG'],3,True,1,1,['KG'],0,1,True,True,True,False,True,False,81019600|81019910|81019990,KG
24453034,C24,Unwrought cadmium; cadmium powders (excluding waste and scrap),['81126910'],['KG'],1,True,1,1,['KG'],0,1,True,True,True,False,True,False,81126910,KG
24453037,C24,"Other cadmium and articles thereof (excluding waste and scrap, cadmium powders and unwrought cadmium), n.e.c.",['81126990'],['KG'],1,True,1,1,['KG'],0,1,True,True,True,False,True,False,81126990,KG
24453038,C24,"Bismuth and articles thereof containing more than 99,99 % of bismuth, by weight (excluding waste and scrap)","['81061010', '81061090']",['KG'],2,False,1,1,['KG'],0,1,False,True,True,False,True,False,81061010|81061090,KG
24453039,C24,"Bismuth and articles thereof containing <= 99,99 % of bismuth, by weight (excluding waste and scrap)","['81069010', '81069090']",['KG'],2,False,1,1,['KG'],0,1,False,True,True,False,True,False,81069010|81069090,KG
24453041,C24,"Titanium, unwrought; powders",['81082000'],['KG'],1,True,1,1,['KG'],0,1,True,True,True,False,True,False,81082000,KG
24453042,C24,"Titanium and articles thereof; bars and rods, profiles, wire, plates, sheets, strip and foil, tubes and pipes, other (excluding waste and scrap)","['81089030', '81089050', '81089060', '81089090']",['KG'],4,True,1,1,['KG'],0,1,True,True,True,False,True,False,81089030|81089050|81089060|81089090,KG
24453049,C24,Unwrought zirconium; zirconium powders (excluding waste and scrap),"['81092100', '81092900']",['KG'],2,True,1,1,['KG'],0,1,True,True,True,False,True,False,81092100|81092900,KG
24453050,C24,"Other zirconium and articles thereof (excluding waste and scrap, zirconium powders and unwrought zirconium), n.e.c.","['81099100', '81099900']",['KG'],2,True,1,1,['KG'],0,1,True,True,True,False,True,False,81099100|81099900,KG
24453058,C24,"Germanium and articles thereof (excluding waste and scrap, germanium powders and unwrought germanium), n.e.c.",['81129940'],['KG'],1,True,1,1,['KG'],0,1,True,True,True,False,True,False,81129940,KG
24453059,C24,Unwrought niobium; niobium powders (excluding waste and scrap),['81129240'],['KG'],1,True,1,1,['KG'],0,1,True,True,True,False,True,False,81129240,KG
24453067,C24,"Niobium (columbium) and articles thereof (excluding waste and scrap, niobium powders and unrought niobium), n.e.c.",['81129950'],['KG'],1,True,1,1,['KG'],0,1,True,True,True,False,True,False,81129950,KG
24453068,C24,Unwrought hafnium; hafnium powders (excluding waste and scrap),['81123100'],['KG'],1,False,1,1,['KG'],0,1,False,True,True,False,True,False,81123100,KG
24453069,C24,"Other hafnium and articles thereof (excluding waste and scrap. hafnium powders and unwrought hafnium), n.e.c.",['81123900'],['KG'],1,True,1,1,['KG'],0,1,True,True,True,False,True,False,81123900,KG
24453072,C24,"Indium and articles thereof (other than unwrought, waste and scrap and powders) n.e.c.",['81129970'],['KG'],1,False,1,1,['KG'],0,1,False,True,True,False,True,False,81129970,KG
24453074,C24,"Gallium and articles thereof (other than unwrought, waste and scrap and powders) n.e.c.",['81129970'],['KG'],1,False,1,1,['KG'],0,1,False,True,True,False,True,False,81129970,KG
24453075,C24,"Vanadium and articles thereof (other than unwrought, waste and scrap and powders) n.e.c.",['81129970'],['KG'],1,False,1,1,['KG'],0,1,False,True,True,False,True,False,81129970,KG
24453091,C24,Cermets unwrought,['81130020'],['KG'],1,True,1,1,['KG'],0,1,True,True,True,False,True,False,81130020,KG
24453092,C24,Cermets and articles thereof (excluding unwrought),['81130090'],['KG'],1,True,1,1,['KG'],0,1,True,True,True,False,True,False,81130090,KG
24453093,C24,Chromium unwrought; powders,"['81122110', '81122190']",['KG'],2,True,1,1,['KG'],0,1,True,True,True,False,True,False,81122110|81122190,KG
24453094,C24,Chromium and articles thereof  (excluding unwrought and powders),['81122900'],['KG'],1,True,1,1,['KG'],0,1,True,True,True,False,True,False,81122900,KG
24453095,C24,Thallium unwrought; powders,['81125100'],['KG'],1,True,1,1,['KG'],0,1,True,True,True,False,True,False,81125100,KG
24453096,C24,Thallium and articles thereof (excluding unwrought and powders),['81125900'],['KG'],1,True,1,1,['KG'],0,1,True,True,True,False,True,False,81125900,KG
24453097,C24,Unwrought rhenium; rhenium powders (excluding waste and scrap),['81124190'],['KG'],1,True,1,1,['KG'],0,1,True,True,True,False,True,False,81124190,KG
24453098,C24,"Other rhenium and articles thereof (excluding waste and scrap, rhenium powders and unwrought rhenium), n.e.c.",['81124900'],['KG'],1,True,1,1,['KG'],0,1,True,True,True,False,True,False,81124900,KG
244530Z1,C24,"Articles of gallium, indium and vanadium (other than unwrought, waste and scrap and powders), n.e.s.",['81129970'],['KG'],1,False,1,1,['KG'],0,1,False,True,True,False,True,False,81129970,KG
24513051,C24,Tube or pipe fittings of cast iron (excl. of non-malleable cast iron),['73071910'],['KG'],1,True,1,1,['KG'],0,1,True,True,True,False,True,False,73071910,KG
24523010,C24,Cast tube or pipe fittings of steel,['73071990'],['KG'],1,True,1,1,['KG'],0,1,True,True,True,False,True,False,73071990,KG
