prodcom_code,sector,product,cn8_codes,cn8_component_count,production_years_observed,extra_eu_import_years_observed,production_change_2008_2022_pct,extra_eu_import_change_2008_2022_pct,extra_eu_import_increase_tonnes,import_share_2008_pct,import_share_2022_pct,endpoint_pattern,clear_production_down_trend,clear_import_up_trend,both_clear_expected_trends
17121100,C17,Newsprint in rolls or sheets,48010000,1,15,15,-57.64358499952645,-34.00929405692473,-422628.94,12.755983801370313,18.553098694192148,Output down; imports not up,True,False,False
17121200,C17,Handmade paper and paperboard,48021000,1,15,15,-86.11423926443238,22.423062055142285,667.646,3.330646776684053,23.29887940301984,Output down; imports up,True,False,False
17121300,C17,"Paper and paperboard used as a base for photo-sensitive, heat-sensitive or electro-sensitive paper; carbonising base paper; wallpaper base",48022000|48024010|48024090,3,15,15,-50.249998872807126,-88.69438513715588,-31741.692,4.840721921797164,1.1427952187040678,Output down; imports not up,False,False,False
17121410,C17,"Graphic paper, paperboard : mechanical fibres <= 10 %, weight < 40 g/m²",48025400,1,15,15,-10.646900006898385,-60.20483440465598,-3034.249,5.015673369721744,2.297748866532856,Output down; imports not up,False,False,False
17121435,C17,"Graphic paper, paperboard : mechanical fibres <= 10 %, weight >= 40 g/m² but <= 150 g/m², in rolls",48025515|48025525|48025530|48025590,4,15,15,-11.088561661548313,-4.777234920526274,-4235.598999999985,2.3330789313471834,2.4945598856277975,Output down; imports not up,False,False,False
17121439,C17,"Graphic paper, paperboard : mechanical fibres <= 10 %, weight >= 40 g/m² but <= 150 g/m², sheets",48025620|48025680|48025700,3,15,15,-27.91899062305664,-21.531360389312958,-95294.088,7.386357465527466,7.988626787916037,Output down; imports not up,True,False,False
17121450,C17,"Graphic paper, paperboard : mechanical fibres <= 10 %, weight > 150 g/m²",48025810|48025890,2,15,15,-40.21331691440933,-54.66233113868984,-26843.606,3.5836623138981185,2.7413188416772036,Output down; imports not up,True,False,False
17121470,C17,"Graphic paper, paperboard : mechanical fibres > 10 %",48026115|48026180|48026200|48026900,4,15,15,-60.0,-13.214746237213637,-56410.23999999994,6.642007671616466,13.371886256134504,Output down; imports not up,True,False,False
17122030,C17,"Cellulose wadding for household or sanitary purposes, in rolls of a width > 36 cm or in rectangular (including square sheets) with at least one side > 36 cm in an unfolded state",48030010,1,15,15,-0.44728239597746633,-34.66482389746906,-3975.197,1.4069513693107907,0.9278511695381101,Output down; imports not up,False,False,False
17122055,C17,"Creped paper and webs of cellulose fibres for household/ sanitary purposes, in rolls, width > 36 cm, rectangular sheets min. one side > 36 cm in unfolded state, weight <= 25 g/m²/ply",48030031,1,15,15,50.14384886320036,174.49173958386822,92402.769,11.004016972225326,18.4371910532601,Imports up; output not down,False,True,False
17122057,C17,"Creped paper and webs of cellulose fibres for household/sanitary purposes, in rolls, width > 36 cm, rectangular sheets min. one side > 36 cm in unfolded state, weight > 25 g/m²/ply",48030039,1,15,15,43.92791169043908,-37.81864763776591,-6846.306,11.037778171766117,5.087613082007502,Neither expected direction,False,False,False
17122090,C17,Paper stock for household : others,48030090,1,15,15,103.05387004131168,101.99720338605039,50535.157,19.897836181504996,19.8148077646042,Imports up; output not down,False,True,False
17123100,C17,"Uncoated, unbleached kraftliner in rolls or sheets (excluding for writing, printing or other graphic purposes, punch card stock and punch card tape paper)",48041111|48041115|48041119|48041190,4,15,15,21.72150287491896,-56.99024419846157,-561904.687,25.534024967272845,10.80670457602242,Neither expected direction,False,False,False
17123200,C17,"Uncoated kraftliner in rolls or sheets (excluding unbleached, for writing; printing or other graphic purposes, punch card stock and punch card tape paper",48041912|48041919|48041930|48041990,4,15,13,21.06898076351915,,,,5.442804270359487,Missing / zero baseline,False,False,False
17123300,C17,Semi-chemical fluting,48051100,1,15,15,7.2597932980552615,9.961966887153185,3650.58,1.6710624674315646,1.7124402798727965,Imports up; output not down,False,True,False
17123400,C17,Recycled fluting and other fluting,48051200|48051910|48051990,3,15,15,132.489522736553,63.41292086146812,137295.53500000003,4.764813321085232,3.397200442906034,Imports up; output not down,False,True,False
17123520,C17,"Uncoated testliner (recycled liner board), weight <= 150 g/m², in rolls or sheets",48052400,1,15,15,72.76216115049496,81.22753542384287,136501.399,3.1250114237091,3.273125488241796,Imports up; output not down,False,True,False
17123540,C17,"Uncoated testliner (recycled liner board), weight > 150 g/m², in rolls or sheets",48052500,1,15,15,64.10137167103738,24.488990265258217,16724.248,5.165235341364937,3.967873536420484,Imports up; output not down,False,False,False
17124120,C17,"Uncoated, unbleached sack kraft paper (excluding for writing, printing or other graphic purposes, punch card stock and punch card tape paper)",48042110|48042190,2,15,15,16.910177753082834,57.33634013497442,37653.665,5.620682108514614,7.420034531967144,Imports up; output not down,False,True,False
17124140,C17,"Uncoated sack kraft paper (excluding unbleached, for writing, printing or other graphic purposes, punch card stock and punch card tape paper)",48042910|48042990,2,15,15,31.073530872743472,-65.31021074579637,-21501.263,9.543621467332857,2.7164400581112713,Neither expected direction,False,False,False
17124160,C17,"Uncoated kraft paper and paperboard weighing <= 150 g/m² (excluding kraftliner, sack kraft paper, for writing, printing and other graphic purposes, etc.)",48043151|48043158|48043180|48043951|48043958|48043980,6,15,15,43.442795885611154,42.2875035822259,36292.419,6.607616390270809,6.557888434773712,Imports up; output not down,False,True,False
17124220,C17,Sulphite wrapping paper in rolls or sheets,48053000,1,15,11,-53.07878245929406,,,,1.3476010449933655,Missing / zero baseline,True,False,False
17124240,C17,"Other uncoated paper and paperboard, in rolls or sheets, weight <= 150 g/m² (excluding products of HS 4802, fluting paper, testliner, sulphite wrapping paper, filter or felt paper and paperboard)",48059100,1,15,15,-41.892858424192795,-8.529610073599914,-5842.512,2.538320957306005,3.9383447536611818,Output down; imports not up,True,False,False
17124260,C17,"Other uncoated paper and paperboard, in rolls or sheets, weight > 150 g/m² and < 225 g/m² (excluding products of HS 4802, fluting paper, testliner, sulphite wrapping paper, filter or felt paper and paperboard)",48059200,1,15,15,104.04164049152489,25.995311527418252,12473.276000000007,7.543301198575146,4.796364473368036,Imports up; output not down,False,False,False
17124280,C17,"Other uncoated paper and paperboard, in rolls or sheets, weight >= 225 g/m² (excluding products of HS 4802, fluting paper, testliner, sulphite wrapping paper, filter or felt paper and paperboard)",48059320|48059380,2,15,15,-24.10482318910376,-40.30859647664384,-40992.272999999994,3.0540905260102416,2.4178014229366895,Output down; imports not up,True,False,False
17124330,C17,Uncoated filter paper and paperboard in rolls or sheets,48054000,1,15,15,-21.09723851009865,32.764494870824,4746.344999999998,7.752861473849059,12.38953109008875,Output down; imports up,True,False,False
17124360,C17,Uncoated felt paper and paperboard in rolls or sheets,48055000,1,15,15,-77.72847852769208,-42.532651782382466,-1208.174,6.567673653082751,15.353119510297105,Output down; imports not up,True,False,False
17124400,C17,"Cigarette paper (excluding in the form of booklets or tubes), in rolls > 5 cm wide",48139010|48139090,2,15,15,-23.07473625440131,-51.25258045957561,-1211.57,1.1237604090820275,0.7150686912105222,Output down; imports not up,False,False,False
17126000,C17,"Vegetable parchment, greaseproof papers, tracing papers and glassine and other glazed transparent or translucent papers",48061000|48062000|48063000|48064010|48064090,5,15,15,20.51931946019694,217.47118045336,54625.779,3.8306772927809196,9.496271394045413,Imports up; output not down,False,True,False
17127100,C17,Composite paper and paperboard in rolls or sheets (including strawpaper and paperboard) (excluding surface coated or impregnated),48070030|48070080,2,15,15,167.31204828136813,-14.604909515356901,-3085.3789999999963,4.915237753813603,1.6245559752243988,Neither expected direction,False,False,False
17127360,C17,"Lightweight coated paper for writing, printing, graphic purposes, m.f. > 10 %",48102200,1,15,11,-54.91221335800345,,,,5.853805409897495,Missing / zero baseline,True,False,False
17127375,C17,"Other coated mechanical graphic paper for writing, printing, graphic purposes, m.f. > 10 %, rolls",48102930,1,15,15,-51.515151515151516,-54.04370161012437,-87454.08,4.267633896561743,4.054093952935132,Output down; imports not up,False,False,False
17127379,C17,"Other coated mechanical graphic paper for writing, printing, graphic purposes, m.f. > 10 %, sheets",48102980,1,15,15,-16.660730940614677,-85.07401494268197,-175259.503,14.907345875732414,3.0421766640341663,Output down; imports not up,False,False,False
17127400,C17,"Kraft paper (other than that of a kind used for writing, printing or other graphic purposes), coated with kaolin or with other inorganic substances",48103100,1,15,15,103.25071211923391,-98.40898498757511,-63966.782999999996,42.977676176816225,0.5865235842711307,Neither expected direction,False,False,False
17127500,C17,"Kraft paperboard (other than that of a kind used for writing, printing or other graphic purposes), coated with kaolin or with other inorganic substances",48103210|48103290,2,15,15,131.8840579710145,9.57389527370822,8680.544,72.43723927425924,55.39433780630736,Imports up; output not down,False,False,False
17127600,C17,"Carbon paper, self-copy paper and other copying or transfer paper, in rolls or sheets",48092000|48099000,2,15,11,-69.14698108249458,,,,5.86457533827968,Missing / zero baseline,True,False,False
17127710,C17,"Tarred, bituminised or asphalted paper and paperboard in rolls or sheets",48111000,1,15,15,-40.0,-93.32054385076857,-17112.134,31.432813190653704,4.8555691682569,Output down; imports not up,True,False,False
17127733,C17,Self-adhesive paper and paperboard in rolls or sheets,48114120|48114190,2,15,15,170.73325638578544,-7.621001043074182,-7281.155,20.999776220079784,8.31594841950121,Neither expected direction,False,False,False
17127735,C17,Gummed paper and paperboard in rolls or sheets (excluding self-adhesives),48114900,1,15,15,-14.404846306504393,58.511480925149485,5013.668,14.453930092612397,23.832396948312578,Output down; imports up,True,False,False
17127755,C17,"Bleached paper and paperboard in rolls or sheets, coated, impregnated or covered with plastics weighing > 150 g/m² (excluding adhesives)",48115100,1,15,15,87.40019619832748,-65.98191492208608,-67311.114,18.326291318367634,3.9137525512252025,Neither expected direction,False,False,False
17127759,C17,"Paper and paperboard in rolls or sheets, coated, impregnated or covered with plastics (excluding adhesives, bleached and weighing > 150 g/m²)",48115900,1,15,15,-12.305349207809279,44.21164116286198,41048.892000000014,7.818284312282625,12.24022472316556,Output down; imports up,False,True,False
17127770,C17,"Paper and paperboard in rolls or sheets, coated, impregnated or covered with wax, paraffin wax, stearin, oil or glycerol",48116000,1,15,15,-29.93447271701274,-48.820216968253504,-3227.195999999999,3.0545015185479936,2.2497011833212297,Output down; imports not up,True,False,False
17127780,C17,"Other paper, paperboard, coated..., n.e.c.",48119000,1,15,15,105.24252584661716,44.723720050714924,22101.661,9.208704880640934,6.6746190219268815,Imports up; output not down,False,True,False
17127820,C17,"Kraft paper and paperboard, coated on one or both sides with kaolin or other inorganic substances, in rolls or in square or rectangular sheets, of any size (excluding that for writing, printing or other graphic purposes; paper and paperboard bleached uniformly in the mass and containing > 95 % chemically processed wood fibres by weight in relation to the total fibre content)",48103900,1,15,15,77.0,-19.653999633030384,-36728.708,82.36926311634373,67.95623205099228,Neither expected direction,False,False,False
17127850,C17,"Multi-ply paper and paperboard, coated, others",48109290,1,15,15,-13.321464496211133,27.381266728282448,44272.222,6.869537630024588,9.779872290275264,Output down; imports up,False,False,False
17127953,C17,"Multi-ply paper and paperboard, coated, of which each layer in bleached",48109210,1,15,15,66.00128816077384,227.73916334248452,125737.238,4.845031641183912,9.134428743237194,Imports up; output not down,False,True,False
17127955,C17,"Multi-ply paper and paperboard, coated, with one bleached outer layer",48109230,1,15,15,39.18950289800358,64.41215381114584,42049.378000000004,2.9957194635146496,3.519470703114881,Imports up; output not down,False,True,False
17127970,C17,"Paper/paperboard in rolls or sheets, coated on one/both sides with kaolin or other inorganic substances excluding of a kind used for any graphic purposes, multi-ply paper/paperboard",48109910|48109980,2,15,11,-61.73239690257519,,,,5.3653571562913305,Missing / zero baseline,True,False,False
17211100,C17,Corrugated paper and paperboard in rolls or sheets,48081000,1,15,15,39.67869078543585,-19.639172659773152,-9737.679,0.693312840328697,0.40005902661985737,Neither expected direction,False,False,False
17211230,C17,"Sacks and bags, with a base width >= 40 cm, of paper, paperboard, cellulose wadding or webs of cellulose fibres",48193000,1,15,15,-34.71003798553745,130.85706109903558,21026.513,1.348816180106879,4.611510321529781,Output down; imports up,False,True,False
17211250,C17,"Sacks and bags of paper, paperboard, cellulose wadding or webs of cellulose fibres (excluding those with a base width >= 40 cm)",48194000,1,15,15,61.800113253002806,122.0701113775108,129358.521,11.623107228338238,15.290656175823791,Imports up; output not down,False,True,False
17211300,C17,"Cartons, boxes and cases, of corrugated paper or paperboard",48191000,1,15,15,13.958065207382674,37.86082997754321,69780.091,0.8013438517010789,0.9677994511128781,Imports up; output not down,False,True,False
17211400,C17,"Folding cartons, boxes and cases of non-corrugated paper or paperboard",48192000,1,15,15,37.43295170923824,33.227922094473385,45131.253,2.203427703931325,2.13745055937535,Imports up; output not down,False,True,False
17211530,C17,"Other packaging containers, including record sleeves, n.e.c.",48195000,1,15,15,-5.837822107156809,63.990658521877286,30130.31,3.5282174093651513,5.9879889873563075,Output down; imports up,False,False,False
17211550,C17,"Box files, letter trays, storage boxes and similar articles of paper or paperboard of a kind used in offices, shops or the like",48196000,1,15,15,26.845417828462793,-26.55521801396523,-6779.728,11.889259157225917,7.24671843044381,Neither expected direction,False,False,False
17221120,C17,Toilet paper,48181010|48181090,2,15,15,34.233544514738476,101.64401813151196,50860.152,1.8006464300591534,2.6806691381628682,Imports up; output not down,False,True,False
17221140,C17,"Handkerchiefs and cleansing or facial tissues of paper pulp, paper, cellulose wadding or webs of cellulose fibres",48182010,1,15,15,45.08830221464075,-25.494743595983493,-7024.363,5.966643445103878,3.155566418665699,Neither expected direction,False,False,False
17221160,C17,"Hand towels of paper pulp, paper, cellulose wadding or webs of cellulose fibres",48182091|48182099,2,15,15,39.7483775743199,43.306236262409215,16415.477,2.514994398179325,2.577373451033776,Imports up; output not down,False,False,False
17221180,C17,"Tablecloths and serviettes of paper pulp, paper, cellulose wadding or webs of cellulose fibres",48183000,1,15,15,10.145536216327589,-10.191944716543333,-1351.565,2.2485181801436647,1.8409907678823938,Neither expected direction,False,False,False
17221210,C17,"Sanitary towels and tampons, napkins and napkin liners for babies and similar sanitary articles, of wadding",96190030,1,15,9,49.193652709975424,,,,1.1471946515297393,Missing / zero baseline,False,False,False
17221220,C17,"Sanitary towels, tampons and similar articles of paper pulp, paper, cellulose wadding or webs of cellulose fibres",96190071|96190075|96190079,3,15,9,16.709528435500488,,,,4.769209190299843,Missing / zero baseline,False,False,False
17221230,C17,"Napkins and napkin liners for babies and similar sanitary articles of paper pulp, paper, cellulose wadding or webs of cellulose fibers, (excluding toilet paper, sanitary towels, tampons and similar articles)",96190081|96190089,2,15,9,51.78044319679089,,,,1.8666018156310487,Missing / zero baseline,False,False,False
17221240,C17,Wadding; other articles of wadding,56012110|56012190|56012210|56012290|56012900,5,15,14,31.84312415026762,,,,9.147429149273366,Missing / zero baseline,False,True,False
17221250,C17,"Articles of apparel and clothing accessories of paper pulp; paper; cellulose wadding or webs of cellulose fibres (excluding handkerchiefs, headgear)",48185000,1,15,15,75.0,-41.31061328119302,-5409.593,89.11188578531511,73.29602406409717,Neither expected direction,False,False,False
17221290,C17,"Household, sanitary or hospital articles of paper, etc., n.e.c.",48189010|48189090,2,15,15,20.090827616877238,72.05574378272416,19366.918,6.556795489840329,9.134834317622339,Imports up; output not down,False,True,False
17221300,C17,"Trays, dishes, plates, cups and the like of paper or paperboard",48236100|48236910|48236990,3,15,15,41.0033283244855,492.69630361246806,171611.084,12.063700676922368,36.57453869789452,Imports up; output not down,False,True,False
17231100,C17,"Carbon paper, self-copy paper and other copying or transfer papers; duplicator stencil and offset plates of paper; gummed or adhesive paper",48162000|48169000,2,15,15,-65.0,-84.93173082608237,-21058.522,19.868357172951153,9.645064126705089,Output down; imports not up,False,False,False
17231230,C17,Envelopes of paper or paperboard,48171000,1,15,15,-37.12775036220252,-30.042062183342278,-6392.499,3.0489471637496286,3.3809453556197986,Output down; imports not up,True,False,False
17231250,C17,"Letter cards, plain postcards and correspondence cards of paper or paperboard",48172000,1,15,15,-52.840372767378504,20.77666575564723,191.57,11.96293121422239,25.81626450581809,Output down; imports up,False,False,False
17231270,C17,"Boxes, pouches, wallets and writing compendiums of paper or paperboard, containing an assortment of paper stationery",48173000,1,15,15,-7.947155757452718,-31.890095376730876,-1304.369,4.381702336041757,3.279396447307174,Output down; imports not up,False,False,False
17231313,C17,"Registers, account books, order books and receipt books, of paper or paperboard",48201010,1,15,15,-39.492170502646495,98.91994739149499,1692.2730000000004,3.6554104454889256,11.089878375847942,Output down; imports up,True,False,False
17231315,C17,"Notebooks, letter pads, memorandum pads, of paper or paperboard",48201030,1,15,15,-33.31073377390994,42.25519559613042,15095.492,14.69915378542839,26.878104272401202,Output down; imports up,False,True,False
17231317,C17,"Diaries, of paper or paperboard",48201050,1,15,15,-46.48925834290433,-8.824443725780206,-1774.445,23.011279860199473,33.742958901051885,Output down; imports not up,True,False,False
17231330,C17,"Exercise books, of paper or paperboard",48202000,1,15,15,23.891545726209372,-13.015721979791229,-3508.057,17.200991904458053,12.72907967640479,Neither expected direction,False,False,False
17231350,C17,"Binders, folders and file covers, of paper or paperboard (excluding book covers)",48203000,1,15,15,-21.843279203791855,-31.648222639415636,-7091.04,8.832055991315704,7.8105954691331965,Output down; imports not up,True,False,False
17231380,C17,"Albums for samples, collections, stamps or photographs, of paper or paperboard",48205000,1,15,15,-35.17540745941861,-63.1021890371717,-13684.554,52.917608060861475,39.014666341486915,Output down; imports not up,False,False,False
17231400,C17,"Other paper and paperboard, of a kind used for writing or printing or other graphic purposes, printed, embossed or perforated",48239040,1,15,15,31.546707395467966,31.124694037005483,2196.540000000001,1.203308126907038,1.1994941133331383,Imports up; output not down,False,False,False
17241100,C17,Wallpaper and similar wall coverings; window transparencies of paper,48142000|48149010|48149070,3,15,11,23.168850243047245,,,,3.1205300317137206,Missing / zero baseline,False,False,False
17241200,C17,Textile wall coverings,59050010|59050030|59050050|59050070|59050090,5,15,15,-39.37012838981612,56.654698890184484,135.07500000000002,12.629610598748787,27.192930724801656,Output down; imports up,True,False,False
17291120,C17,Self-adhesive printed labels of paper or paperboard,48211010,1,15,15,902.5135809586365,-11.17199549150083,-1631.803,2.8204107494717,0.25649656999958864,Neither expected direction,False,False,False
17291140,C17,Printed labels of paper or paperboard (excluding self-adhesive),48211090,1,15,15,1240.4374330877117,-39.53492660196203,-5874.864,5.880633461642387,0.28104823148267,Neither expected direction,False,False,False
17291160,C17,Self-adhesive labels of paper or paperboard (excluding printed),48219010,1,15,15,250.76526372724808,127.45918329783494,6613.221,4.664142603554913,3.0749528528691696,Imports up; output not down,False,True,False
17291180,C17,"Labels of paper or paperboard (excluding printed, self-adhesive)",48219090,1,15,15,1224.4805919082053,11.71061765225334,476.07899999999955,30.620689759063374,3.588896225703641,Imports up; output not down,False,False,False
17291200,C17,"Filter blocks, slabs and plates of paper pulp",48120000,1,15,15,274.26754050955265,38.39309047460646,947.5909999999996,57.36731712101779,33.225154671104306,Imports up; output not down,False,False,False
17291910,C17,Cigarette paper in rolls of a width <= 5 cm or in the form of booklets or tubes,48131000|48132000,2,15,15,-6.624721569370651,136.54161936506847,4256.557999999999,1.5167912068462703,3.755062439157858,Output down; imports up,True,False,False
17291920,C17,"Bobbins, spools, cops and similar supports of paper pulp, paper or paperboard used for winding textile yarn",48221000,1,15,15,-13.246657104520432,-66.4310293255201,-2820.522,2.8402754387308704,1.118512852568613,Output down; imports not up,False,False,False
17291930,C17,"Bobbins, spools, cops and similar supports of paper pulp, paper or paperboard (excluding of a kind used for winding textile yarn)",48229000,1,15,15,20.43009053717433,185.75258526567455,11548.528,0.8250612851743552,1.9357537887633638,Imports up; output not down,False,True,False
17291951,C17,Filter paper and paperboard cut to shape,48232000,1,15,15,53.790346352691486,-33.11118334879373,-3465.235,8.207688512874915,3.743427206825113,Neither expected direction,False,False,False
17291955,C17,"Rolls, sheets and dials of paper or paperboard, printed for self-recording apparatus",48234000,1,15,15,1.62565389637781,23.352260581890306,490.514,7.148149892537784,8.54576003962627,Imports up; output not down,False,False,False
17291957,C17,Moulded or pressed articles of paper pulp,48237010|48237090,2,15,15,92.502826560253,426.3245187664023,57909.467,5.066076217000479,12.732644018461848,Imports up; output not down,False,True,False
17291985,C17,Other articles of paper and paperboard n.e.c.,48239085,1,15,15,302.61500114789027,39.74179629042158,25816.805000000008,6.854928428219126,2.4907225429367412,Imports up; output not down,False,False,False
19103000,C19,"Pitch and pitch coke, obtained from coal tar or from other mineral tars",27081000|27082000,2,15,15,63.30626244432844,-82.16323539379151,-77583.128,11.386987583900583,1.3841127662414465,Neither expected direction,False,False,False
20111230,C20,Carbon dioxide,28112100,1,15,15,81.15763023305385,8.95795399211119,16837.435,4.638716013986048,2.8425245584572454,Imports up; output not down,False,False,False
20111270,C20,Nitrogen oxides,28112930,1,15,15,97.31586813609306,3185.781306017926,12440.476,3.1134486470730156,34.85870448283072,Imports up; output not down,False,True,False
20111290,C20,"Inorganic oxygen compounds of non metals (excluding sulphur trioxide (sulphuric anhydride); diarsenic trioxide, nitrogen oxides, silicon dioxide, sulphur dioxide, carbon dioxide)",28112990,1,15,15,-24.533719360464968,-66.74539744734795,-2316.666,0.05782077956359205,0.025487265281235814,Output down; imports not up,False,False,False
20111300,C20,Liquid air; compressed air,28539030,1,15,6,120.39117125402026,,,,0.0007377036488022097,Missing / zero baseline,False,False,False
20121130,C20,Zinc oxide; zinc peroxide,28170000,1,15,15,18.40108166613279,9.02282670301313,5269.412,14.825143929874901,13.813083069871272,Imports up; output not down,False,False,False
20121910,C20,Iron oxides and hydroxides; earth colours containing 70 % or more by weight of combined iron evaluated as Fe2O3,28211000|28212000,2,15,15,32.42462715490333,1.022746042793199,1005.492,24.555430991272036,19.890804918586817,Imports up; output not down,False,False,False
20121930,C20,Cobalt oxides and hydroxides; commercial cobalt oxides,28220000,1,15,15,-33.333333333333336,8.63858264400088,108.703,9.490952225327101,14.594206113645647,Output down; imports up,False,False,False
20121973,C20,Molybdenum oxides and hydroxides,28257000,1,15,15,791.966924191212,-27.73906174039864,-1141.185,83.23891226934283,28.689949660625896,Neither expected direction,False,False,False
20121975,C20,Antimony oxides,28258000,1,15,15,40.09011529572199,-48.09585737447355,-4677.237,31.72676820983256,14.688500978096362,Neither expected direction,False,False,False
20122110,C20,Disperse dyes and preparations based thereon,32041100,1,15,15,-40.635932549137486,-33.193881634385946,-2831.066,9.623823558610278,10.701187222813862,Output down; imports not up,False,False,False
20122120,C20,Acid and mordant dyes and preparations based thereon,32041200,1,15,15,-9.290889179743878,-21.275420428649717,-5752.928999999996,43.39086531256695,39.94820269756051,Output down; imports not up,False,False,False
20122130,C20,Basic dyes and preparations based thereon,32041300,1,15,15,-59.26007883582145,-20.10711658189187,-1362.417,31.510395303730153,47.43011227701387,Output down; imports not up,False,False,False
20122140,C20,Direct dyes and preparations based thereon,32041400,1,15,15,-59.21526268191777,88.924466954074,10942.731,21.803135602667933,56.36192046145427,Output down; imports up,True,True,True
20122150,C20,Other synthetic organic colouring matters,32041500|32041600|32041700|32041800|32041900|32049000,6,15,1,-18.092135249656483,,,,36.17722971993288,Missing / zero baseline,False,False,False
20122160,C20,Synthetic organic products used as fluorescent brightening agents,32042000,1,15,15,-40.83005419842134,-52.67062791687018,-19227.576,22.88119576057195,19.180651200793527,Output down; imports not up,True,False,False
20122170,C20,Colour lakes; preparations based on colour lakes,32050000,1,15,15,-11.425654166666666,27.70317383374019,190.3099999999999,2.7826875896146146,3.963254944157956,Output down; imports up,False,False,False
20122250,C20,"Tanning extracts of vegetable origin; tannins and their salts, ethers, esters and other derivatives",32011000|32012000|32019020|32019090,4,15,15,-47.873559186081074,-24.030985646000826,-8477.561,38.00240053885172,47.18315810348383,Output down; imports not up,False,False,False
20122270,C20,Colouring matter of vegetable or animal origin and preparations based thereon (including dyeing extracts) (excluding animal black),32030010|32030090,2,15,15,-65.84155986703007,14.138805625174754,1563.55,8.628727644983723,23.98634171385183,Output down; imports up,False,True,False
20122330,C20,Synthetic organic tanning substances,32021000,1,15,15,67.07401698779964,-62.20946102270841,-5323.923,9.266657582706125,2.2579372960511503,Neither expected direction,False,False,False
20122350,C20,Inorganic tanning substances; tanning preparations; enzymatic preparations for pre-tanning,32029000,1,15,15,-33.24407509874662,42.75296353271196,3307.241,6.063636951524688,12.129376400527308,Output down; imports up,False,True,False
20132111,C20,Chlorine,28011000,1,15,15,-41.066741309436715,-93.25668825466305,-13761.426,0.2890450439619157,0.033158235000996635,Output down; imports not up,False,False,False
20132116,C20,Iodine; fluorine; bromine,28012000|28013010|28013090,3,15,15,45.55662412601045,-37.76107890321807,-15494.141,99.5333710698796,98.9154810776818,Neither expected direction,False,False,False
20132120,C20,"Sulphur, sublimed or precipitated; colloidal sulphur",28020000,1,15,15,-43.32414262956522,-95.27001198033572,-6918.413,0.3373725098616418,0.028243377101072168,Output down; imports not up,True,False,False
20132130,C20,"Carbon (carbon blacks and other forms of carbon, n.e.c.)",28030000,1,15,14,-22.072117113410084,,,,38.209882044072884,Missing / zero baseline,False,True,False
20132237,C20,Halides and halide-oxides of non-metals (excluding chlorides and chloride oxides of phosphorus),28121100|28121500|28121600|28121700|28121990|28129000,6,15,3,-46.406158867022775,,,,14.391720816471498,Missing / zero baseline,False,False,False
20132415,C20,Chlorosulphuric acid,28062000,1,15,15,-30.236280000000004,-22.880883077373028,-1400.405,28.97866826953921,31.084256068397863,Output down; imports not up,False,False,False
20132550,C20,Peroxides of sodium or potassium,28153000,1,15,15,114.90705433746426,-75.95620027118991,-148.445,19.687712494018687,2.6694086001653115,Neither expected direction,False,False,False
20132580,C20,Hydrazine and hydroxylamine and their inorganic salts,28251000,1,15,15,-22.797510913291752,-30.372530262334895,-1155.693,7.794296418420568,7.083702876806873,Output down; imports not up,False,False,False
20133150,C20,Chloride oxides and chloride hydroxides of copper and other metals,28274100|28274910|28274990,3,15,15,-50.690400346735245,-11.792193812852048,-1599.446,5.279228164978846,9.066215057158628,Output down; imports not up,True,False,False
20134135,C20,Thiosulphates,28323000,1,15,15,150.02531506315015,-94.16068936161788,-28536.621,43.108577605979896,1.7389059466326902,Neither expected direction,False,False,False
20134173,C20,Alums,28333000,1,15,15,-17.602686748025466,-59.29729729729729,-1502.89,16.370100555498322,8.81687051992195,Output down; imports not up,False,False,False
20134175,C20,Peroxosulphates (persulphates),28334000,1,15,15,50.0,-20.20540469057124,-2817.419,25.84887466769173,15.643218560448995,Neither expected direction,False,False,False
20134320,C20,Sodium hydrogencarbonate (sodium bicarbonate),28363000,1,15,15,-17.915821281482035,391.9168088303452,346465.417,4.61441800408615,22.475340184835627,Output down; imports up,False,True,False
20134340,C20,Calcium carbonate,28365000,1,15,15,-21.820478356194673,-70.6314677671855,-1188958.744,26.674178343150846,12.022504302111022,Output down; imports not up,False,False,False
20135125,C20,Chromates and dichromates; peroxochromates,28413000|28415000,2,15,15,-88.53463851950998,-24.37345481418658,-11840.21,58.20130910323333,90.18117933364083,Output down; imports not up,True,False,False
20135183,C20,Silver nitrate,28432100,1,15,15,50.628875555443976,-21.810569555257132,-80.069,47.96071806971406,32.3594598677402,Neither expected direction,False,False,False
20135185,C20,Colloidal precious metals; compounds and amalgams of precious metals (excluding silver nitrate),28431010|28431090|28432900|28433000|28439010|28439090,6,15,15,92.33014843766098,-87.37076725130296,-3868.574000000001,73.4389585316743,15.365851714926904,Neither expected direction,False,False,False
20135250,C20,Distilled and conductivity water and water of similar purity,28539010,1,15,6,104.79815132834891,,,,0.12872694425588355,Missing / zero baseline,False,False,False
20135270,C20,"Compounds, inorganic or organic, of mercury, chemically defined as mercury (excluding amalgams)",28521000,1,15,11,-99.99488191188843,,,,93.00552563474855,Missing / zero baseline,True,True,True
20136220,C20,Cyanides; cyanide oxides and complex cyanides,28371100|28371900|28372000,3,15,15,0.984822842863875,-30.779288777207693,-1300.34,2.7655613805683585,1.912307196215353,Neither expected direction,False,False,False
20136270,C20,Double or complex silicates,28421000,1,15,15,-85.60784678471332,66.52663086152204,21181.414,2.784210191777568,24.889827695105314,Output down; imports up,True,False,False
20136280,C20,Salts of inorganic acids or peroxoacids (excluding azides and double or complex silicates),28429010|28429080,2,15,15,-22.956473672344302,107.49884747436016,6097.684,5.1797451207350225,12.825550665468498,Output down; imports up,True,False,False
20136600,C20,"Sulphur (excluding crude, sublimed, precipitated and colloidal)",25030090,1,15,15,95.49592760236081,548.5124065254416,66305.913,2.4745198161994053,7.763478073175216,Imports up; output not down,False,True,False
20136700,C20,Roasted iron pyrites,26012000,1,15,15,158.88157370015142,-99.98972275980485,-192405.424,32.690615352519735,0.0019280330260592119,Neither expected direction,False,False,False
20141120,C20,Saturated acyclic hydrocarbons,29011000,1,15,15,-26.627470187758473,139.66284227283222,1044796.532,35.901157500693216,64.65770175059264,Output down; imports up,True,True,True
20141130,C20,Ethylene,29012100,1,15,15,-23.9080477224481,-13.626811715315823,-197261.052,10.811068383661782,12.09513666757746,Output down; imports not up,True,False,False
20141140,C20,Propene (propylene),29012200,1,15,15,-17.951445274733068,-19.89533741612115,-126101.31399999994,5.718489466982866,5.590581417230744,Output down; imports not up,False,False,False
20141150,C20,Butene (butylene) and isomers thereof,29012300,1,15,14,62.21023500661174,,,,0.002333245558381386,Missing / zero baseline,False,False,False
20141190,C20,"Unsaturated acyclic hydrocarbons (excluding ethylene, propene, butene, buta-1,3-diene and isoprene)",29012900,1,15,15,-28.210391952119785,3.4769524656903306,14118.073,26.491387097143065,34.18695930209654,Output down; imports up,True,False,False
20141213,C20,Cyclohexane,29021100,1,15,15,-67.8046917125444,-15.132996046438086,-79049.384,41.2019539156115,64.87710728136553,Output down; imports not up,True,False,False
20141215,C20,Cyclanes; cyclenes and cycloterpenes (excluding cyclohexane),29021900,1,15,14,-13.568704668628683,,,,42.879498091953266,Missing / zero baseline,False,True,False
20141223,C20,Benzene,29022000,1,15,15,14.671603437500004,-20.145547997260906,-184223.502,16.00260013951268,11.712918465334718,Neither expected direction,False,False,False
20141225,C20,Toluene,29023000,1,15,15,-28.215101465090044,-83.09956044973342,-116856.76,8.429277574632396,2.1212269714011684,Output down; imports not up,True,False,False
20141243,C20,o-Xylene,29024100,1,15,15,-78.71094688595556,92.51067906254863,84401.748,11.989862478532766,55.195383038358145,Output down; imports up,True,True,True
20141245,C20,p-Xylene,29024300,1,15,15,-40.551873237257055,257.375798052278,458400.452,16.01142075105876,53.40236405985877,Output down; imports up,True,True,True
20141247,C20,m-Xylene and mixed xylene isomers,29024200|29024400,2,15,15,-13.501591695054271,-58.37688588072907,-30060.774,5.274074046549507,2.609284146160407,Output down; imports not up,False,False,False
20141250,C20,Styrene,29025000,1,15,15,-25.603668830669623,18.67271633030665,98809.78000000006,11.600400761174257,17.30927444100594,Output down; imports up,False,False,False
20141260,C20,Ethylbenzene,29026000,1,15,15,-51.062247544663485,-72.26266470512985,-110715.941,11.10835830749494,6.614387595387392,Output down; imports not up,True,False,False
20141270,C20,Cumene,29027000,1,15,15,-51.21639190596339,-58.23027611349647,-70996.973,7.557256095803528,6.541788004390165,Output down; imports not up,True,False,False
20141290,C20,Other cyclic hydrocarbons,29029000,1,15,14,11.380334158959403,,,,3.8263640254424813,Missing / zero baseline,False,False,False
20141313,C20,Chloromethane (methyl chloride) and chloroethane (ethyl chloride),29031100,1,15,15,-25.0,-25.904864506505344,-312.594,0.3007676591642163,0.29714972216836977,Output down; imports not up,False,False,False
20141315,C20,Dichloromethane (methylene chloride),29031200,1,15,15,-17.593737124021423,-85.95807458352714,-18710.36,11.357196302366328,2.1365574733403907,Output down; imports not up,False,False,False
20141323,C20,Chloroform (trichloromethane),29031300,1,15,15,-52.38095238095239,-97.17899836508674,-31359.276,13.319707356435083,0.9021138233167535,Output down; imports not up,True,False,False
20141325,C20,Carbon tetrachloride,29031400,1,15,15,37.2445331639597,-99.98949874355245,-3780.103,14.640333042888953,0.001312317000782465,Neither expected direction,False,False,False
20141353,C20,"1,2-Dichloroethane (ethylene dichloride)",29031500,1,15,15,-31.21085655842285,182.93808651776988,189404.582,7.258377440741829,24.35196539271669,Output down; imports up,True,True,True
20141357,C20,"Saturated chlorinated derivatives of acyclic hydrocarbons, n.e.c.",29031900,1,15,7,-63.852144644125,,,,3.1416599876114955,Missing / zero baseline,False,False,False
20141371,C20,Vinyl chloride (chloroethylene),29032100,1,15,15,-3.4480964586440566,-51.76235058487882,-88284.157,17.070579632026988,9.325071221217863,Output down; imports not up,False,False,False
20141374,C20,Trichloroethylene; tetrachloroethylene (perchloroethylene),29032200|29032300,2,15,15,-40.78237584809199,-92.94231556198791,-39012.194,17.159326608715013,2.409221118478646,Output down; imports not up,True,False,False
20141379,C20,"Unsaturated chlorinated derivatives of acyclic hydrocarbons (excluding vinyl chloride, trichloroethylene, tetrachloroethylene)",29032900,1,15,15,184.61492815392822,-35.15932203389831,-829.76,3.7126405515649825,0.870773524913524,Neither expected direction,False,False,False
20141450,C20,Derivatives of hydrocarbons containing only sulpho groups; their salts and ethyl esters,29041000,1,15,15,-4.971480882073043,-74.29566123721044,-32886.626,18.903558501805904,5.931165028366302,Output down; imports not up,False,False,False
20141470,C20,Derivatives of hydrocarbons containing only nitro or only nitroso groups,29042000,1,15,15,24.073613704255603,-8.136666985110475,-1192.396,17.647289253612968,13.693279878068795,Neither expected direction,False,True,False
20141490,C20,"Derivatives of hydrocarbons (excluding those containing only sulpho groups; their salts and ethyl esters, those containing only nitro or only nitroso groups)",29043100|29043200|29043300|29043400|29043500|29043600|29049100|29049900,8,15,0,51.85054167853407,,,,,Missing / zero baseline,False,False,False
20141910,C20,Fluorinated; brominated or iodinated derivatives of acyclic hydrocarbons,29034100|29034200|29034300|29034400|29034500|29034600|29034700|29034800|29034910|29034930|29034990|29035100|29035900|29036100|29036200|29036911|29036919|29036980,18,15,1,-56.86633212768981,,,,72.78793090311414,Missing / zero baseline,True,False,False
20141930,C20,Halogenated derivatives of acyclic hydrocarbons containing >= 2 different halogens,29037100|29037200|29037300|29037400|29037500|29037610|29037620|29037690|29037760|29037790|29037800|29037930|29037980,13,15,1,-43.59469368958654,,,,,Missing / zero baseline,True,False,False
20141950,C20,"Halogenated derivatives of cyclanic, cyclenic or cycloterpenic hydrocarbons",29038100|29038200|29038300|29038910|29038980,5,15,6,-50.18691529816286,,,,16.761373725894092,Missing / zero baseline,False,False,False
20141970,C20,Halogenated derivatives of aromatic hydrocarbons,29039100|29039200|29039300|29039400|29039910|29039980,6,15,6,77.37639732691403,,,,12.269353205221634,Missing / zero baseline,False,False,False
20142100,C20,Industrial fatty alcohols,38237000,1,15,15,-15.897924582661705,22.560713857206082,48136.62200000003,36.27005290514854,45.33642272126128,Output down; imports up,False,False,False
20142210,C20,Methanol (methyl alcohol),29051100,1,15,15,-38.27460256244799,-0.1786308453103791,-10602.338,78.89572412236434,85.80683519574941,Output down; imports not up,False,False,False
20142220,C20,Propan-1-ol (propyl alcohol) and propan-2-ol (isopropyl alcohol),29051200,1,15,15,65.84983931592248,1.7204402973228117,2153.884000000015,27.772112322430115,19.082655044937972,Imports up; output not down,False,False,False
20142230,C20,Butan-1-ol (n-butyl alcohol),29051300,1,15,15,0.2097992356798084,0.9335623497725987,992.7389999999851,21.03630344337748,21.156094338538647,Imports up; output not down,False,False,False
20142240,C20,Butanols (excluding butan-1-ol (n-butyl alcohol)),29051410|29051490,2,15,15,-76.08597735411315,-69.66848115760862,-38194.798,17.271989857976397,20.936624720836072,Output down; imports not up,True,False,False
20142263,C20,Octanol (octyl alcohol) and isomers thereof,29051620|29051685,2,15,14,-44.411251449270075,,,,5.711336533363315,Missing / zero baseline,True,False,False
20142265,C20,"Lauryl alcohol; cetyl alcohol; stearyl alcohol and other saturated monohydric alcohols (excluding methyl, propyl and isopropyl, n-butyl, other butanols, octyl)",29051700|29051900,2,15,15,16.71627166666667,5.0335723394762555,2928.1370000000147,13.911052109891248,12.695401165137403,Imports up; output not down,False,False,False
20142270,C20,Unsaturated monohydric alcohols,29052200|29052910|29052990,3,15,14,-48.320449047063526,,,,70.30413710883454,Missing / zero baseline,True,True,True
20142310,C20,Ethylene glycol (ethanediol),29053100,1,15,15,-21.861179623467574,72.52224810971937,334504.286,26.492768535043272,44.31289808293732,Output down; imports up,False,True,False
20142320,C20,"Propylene glycol (propane-1,2-diol)",29053200,1,15,15,39.916993369202515,62.76737174783062,18520.356,4.907304660435978,5.6633475168451035,Imports up; output not down,False,False,False
20142333,C20,D-glucitol (sorbitol),29054411|29054419|29054491|29054499,4,15,15,-11.92743787917977,183.20274602732093,2628.5930000000008,0.31492139237862443,1.005632549346038,Output down; imports up,False,True,False
20142350,C20,"Halogenated, sulphonated, nitrated or nitrosated derivatives of acyclic alcohols",29055100|29055991|29055998,3,15,13,24.8932856259485,,,,33.57365891490949,Missing / zero baseline,False,False,False
20142360,C20,"Glycerol (including synthetic; excluding crude, waters and lyes)",29054500,1,15,15,81.39064940909768,690.016667092832,79877.047,3.231880032440235,12.698846355460164,Imports up; output not down,False,True,False
20142373,C20,"Cyclanic, cyclenic or cycloterpenic alcohols and their halogenated, sulphonated, nitrated or nitrosated derivatives",29061100|29061200|29061310|29061390|29061900,5,15,15,169.36026936026937,54.77392586862892,5619.658,25.675177200888132,16.561838785165403,Imports up; output not down,False,True,False
20142375,C20,"Aromatic alcohols and their halogenated, sulphonated, nitrated or nitrosated derivatives",29062100|29062900,2,15,15,54.23022665674109,28.916092335526542,3332.3700000000017,37.204225955720474,33.12027682855015,Imports up; output not down,False,True,False
20142410,C20,Monophenols,29071100|29071200|29071300|29071510|29071590|29071910|29071990,7,15,15,-67.22569967886969,52.57207025787702,94139.92300000005,3.699713021392698,15.171361704661859,Output down; imports up,False,False,False
20142433,C20,"4,4-Isopropylidenediphenol (bisphenol A; diphenylolpropane) and its salts",29072300,1,15,15,-7.674978996057725,158.38000623136156,35583.236,9.396761929458412,22.495711261430507,Output down; imports up,False,True,False
20142439,C20,"Polyphenols (including salts; excluding 4,4 isopropylidenediphenol) and phenol-alcohols",29072100|29072200|29072900,3,15,15,3.1800397800325397,-5.603739002932551,-840.785,60.75527750734265,58.614778703910055,Neither expected direction,False,False,False
20142450,C20,"Halogenated, sulphonated, nitrated or nitrosated derivatives of phenols or phenol-alcohols",29081100|29081900|29089100|29089200|29089900,5,15,10,-83.86657089459814,,,,,Missing / zero baseline,False,False,False
20143120,C20,Industrial stearic acid,38231100,1,15,15,-21.710325365852945,61.49396522754205,34768.073,15.571499779112964,27.559650982760637,Output down; imports up,True,True,True
20143130,C20,Industrial oleic acid,38231200,1,15,15,-6.878666422989399,153.1219396871376,30765.107,16.701364925260023,35.274985282092366,Output down; imports up,False,True,False
20143150,C20,Industrial tall oil fatty acids,38231300,1,15,15,-7.778001478369124,-37.183403439646455,-2793.366,4.644841853781832,3.211374370609354,Output down; imports not up,False,False,False
20143195,C20,"Industrial monocarboxylic fatty acids distilled (excluding stearic, oleic tall oil)",38231910,1,15,15,-0.3254670034074425,57.630000514180104,63886.371,21.644724247026115,30.403612020521795,Output down; imports up,False,True,False
20143197,C20,"Industrial monocarboxylic fatty acids (excluding stearic, oleic, tall oil, distilled)",38231930|38231990,2,15,15,-73.49556181078995,264.7638434790593,1365531.1749999998,52.03614308145841,93.72286626743538,Output down; imports up,True,True,True
20143215,C20,Ethyl acetate,29153100,1,15,15,-30.72758525921807,14.19789018594666,41351.359,81.76335595522822,88.08267086180663,Output down; imports up,False,False,False
20143219,C20,Esters of acetic acid (excluding ethyl acetate),29153200|29153300|29153600|29153900,4,15,14,-41.89524272954984,,,,58.87704105461311,Missing / zero baseline,True,True,True
20143220,C20,"Mono-, di- or tri-chloroacetic acids; propionic, butanoic and pentanoic acids; their salts and esters",29154000|29155000|29156011|29156019|29156090,5,15,15,-18.504002310552792,62.55233480794891,35632.31200000001,13.400764147969552,23.585629607238904,Output down; imports up,False,True,False
20143250,C20,"Formic acid, its salts and esters",29151100|29151200|29151300,3,15,15,-14.755645224281777,89.52121899715078,45733.92000000001,12.676209104911466,24.399192825301963,Output down; imports up,False,True,False
20143278,C20,Salts of acetic acid,29152900,1,15,15,29.27964718032929,53.1486921624202,6200.699,15.86269075928558,18.256743307781754,Imports up; output not down,False,True,False
20143280,C20,Lauric acid and others; salts and esters,29159030|29159070,2,15,11,6.3905449020496885,,,,42.64346865611661,Missing / zero baseline,False,True,False
20143310,C20,Acrylic acid and its salts and other monocarboxylic acid,29161100|29161600|29161910|29161940|29161995|29162000,6,15,10,-54.160287796152716,,,,10.966715941766756,Missing / zero baseline,True,True,True
20143320,C20,Esters of acrylic acid,29161200,1,15,14,-35.61635495949979,,,,33.869201881632165,Missing / zero baseline,False,True,False
20143330,C20,Methacrylic acid and its salts,29161300,1,15,15,75.0,3.0898410540625365,590.963,32.34786726651558,21.976850687645324,Imports up; output not down,False,False,False
20143340,C20,Esters of methacrylic acid,29161400,1,15,14,-75.60231665545561,,,,72.01825333901753,Missing / zero baseline,False,True,False
20143350,C20,"Oleic, linoleic or linolenic acids; their salts and esters",29161500,1,15,15,195.51665670740977,100.06069518882713,3059.759,7.378343767940494,5.1169904157438975,Imports up; output not down,False,False,False
20143363,C20,Benzoic acid; its salts and esters,29163100,1,15,15,178.59859404871264,108.58038395082713,9813.304,13.597231069613056,10.540122509040032,Imports up; output not down,False,True,False
20143365,C20,Benzoyl peroxide and benzoyl chloride,29163200,1,15,14,164.92024178740627,,,,8.30642050363799,Missing / zero baseline,False,False,False
20143370,C20,"Aromatic monocarboxylic acids, (anhydrides), halides, peroxides, peroxyacids, derivatives excluding benzoic acid, phenylacetic acids their salts/esters, benzoyl peroxide, benzoyl chloride",29163990,1,15,11,2811.668706452355,,,,8.581845713641956,Missing / zero baseline,False,False,False
20143385,C20,Adipic acid; its salts and esters,29171200,1,15,14,-5.68819281380597,,,,14.48569870984735,Missing / zero baseline,False,False,False
20143387,C20,Maleic anhydride,29171400,1,15,15,-79.90767800057694,141.75182340584436,34448.599,10.819503682846495,59.34538410792211,Output down; imports up,True,True,True
20143430,C20,Phthalic anhydride; terephthalic acid and its salts,29173500|29173600,2,15,15,158.01739026336782,-8.405380187563372,-63437.161,41.019244373058626,19.80027378691377,Neither expected direction,False,False,False
20143440,C20,"Aromatic polycarboxylic acids, their anhydrides, halides, peroxides, peroxyacids and their halogenated, sulphonated, nitrated or nitrosated derivatives (excluding esters of orthophthalic acid, phthalic anhydride, terephthalic acid and its salts)",29173700|29173920|29173995,3,15,14,-26.445185020867733,,,,38.54235844378343,Missing / zero baseline,False,True,False
20143473,C20,Citric acid and its salts and esters,29181400|29181500,2,15,15,52.424738753371905,56.325563716922986,121488.93,39.66932438359157,40.27565182822124,Imports up; output not down,False,True,False
20143475,C20,"Carboxylic acid with alcohol, phenol, aldehyde or ketone functions",29181100|29181200|29181300|29181600|29181700|29181800|29181930|29181940|29181998|29182900|29183000|29189100|29189940|29189990,14,15,6,70.092922103531,,,,29.982720964726326,Missing / zero baseline,False,False,False
20144113,C20,Methylamine; di- or trimethylamine and their salts,29211100,1,15,14,-31.88838342733523,,,,11.983000825157701,Missing / zero baseline,True,True,True
20144119,C20,Other acylic monoamines and their derivatives; salts thereof,29211200|29211300|29211400|29211940|29211950|29211999,6,15,6,-7.772077028566438,,,,25.696103816443355,Missing / zero baseline,False,False,False
20144129,C20,Other acyclic polyamines and their derivatives; salts thereof,29212900,1,15,15,1.2710714752775853,137.35912786667362,10351.263,7.77318978413932,16.495722382041638,Imports up; output not down,False,False,False
20144130,C20,"Cyclanic, cyclenic or cycloterpenic mono- or polyamines, and their derivatives; salts thereof",29213010|29213091|29213099,3,15,15,-11.907728230398916,698.2542917671122,9558.403,1.3712799111369747,11.189037868953593,Output down; imports up,False,True,False
20144151,C20,Aniline and its salts (excluding derivatives),29214100,1,15,15,-14.906219298183876,45.32786864853415,123892.261,32.42697467836727,45.04185222004248,Output down; imports up,False,True,False
20144153,C20,Aniline derivatives and their salts,29214200,1,15,14,-72.11141921844599,,,,72.54591771523467,Missing / zero baseline,True,False,False
20144159,C20,Other aromatic monoamines and their derivatives; salts thereof,29214300|29214400|29214500|29214600|29214900,5,15,14,-38.44329195425556,,,,20.144993031911245,Missing / zero baseline,False,False,False
20144170,C20,Aromatic polyamines and their derivatives; salts thereof,29215111|29215119|29215190|29215950|29215990,5,15,14,-57.462724691990786,,,,56.893256009174415,Missing / zero baseline,False,False,False
20144233,C20,Monoethanolamine and its salts,29221100,1,15,15,-20.014000749308835,82.81439509584574,17848.44,16.075194564068365,30.44864180880517,Output down; imports up,False,False,False
20144235,C20,Diethanolamine and its salts,29221200,1,15,15,42.79711140483242,-32.634924835033985,-2466.67,10.708209947572326,5.354520670336072,Neither expected direction,False,False,False
20144290,C20,"Oxygen-function amino-compounds (excluding amino-alcohols, their esters and ethers and salts thereof, lysine and its salts and esters, glutamic acid its salts and esters)",29222100|29222900|29223100|29223900|29224300|29224400|29224920|29224985|29225000,9,15,14,-6.073712557881528,,,,54.797736021442475,Missing / zero baseline,False,True,False
20144310,C20,Ureines and their derivatives; salts thereof,29242100,1,15,14,-82.073912,,,,10.883565769355512,Missing / zero baseline,False,False,False
20144320,C20,Saccharin and its salts,29251100,1,15,15,220.00000000000003,-35.418089462499346,-1708.303,96.01851391031703,82.95581801820371,Neither expected direction,False,False,False
20144330,C20,"Imides and their derivatives, and salts thereof (excluding saccharin and its salts)",29251200|29251920|29251995,3,15,9,495.49744382722236,,,,9.612226055182731,Missing / zero baseline,False,False,False
20144340,C20,Imines and their derivatives; and salts thereof,29252100|29252900,2,15,15,70.5834557320397,69.36086964808091,14266.238,55.616028483178845,55.43840382654246,Imports up; output not down,False,True,False
20144350,C20,Acrylonitrile,29261000,1,15,15,-0.3994080019693258,-19.045223188075266,-24718.3,17.725834420115785,14.901957836473049,Output down; imports not up,False,False,False
20144360,C20,1-Cyanoguanidine (dicyandiamide),29262000,1,15,15,20.8375,-3.3780082404719414,-144.29499999999953,21.071844353677065,17.591966857768572,Neither expected direction,False,True,False
20144370,C20,"Nitrile-function compounds (excluding acrylonitrile, 1-cyanoguanidine (dicyandiamide))",29263000|29264000|29269020|29269070,4,15,6,-22.73002676930085,,,,23.63942492454861,Missing / zero baseline,False,False,False
20144420,C20,"Diazo-, azo- or azoxy-compounds",29270000,1,15,15,-10.058265826291057,-0.26226037289915904,-47.937,90.79985329671811,91.62781755922359,Output down; imports not up,False,False,False
20144430,C20,Organic derivatives of hydrazine or of hydroxylamine,29280010|29280090,2,15,15,-39.766613496537076,92.2019810796489,11431.469,3.9835670745402716,11.691010732147312,Output down; imports up,False,True,False
20144450,C20,Isocyanates,29291000,1,15,14,-5.0604792973518276,,,,11.367952257015146,Missing / zero baseline,False,True,False
20144490,C20,Compounds with other nitrogen function (excluding isocyanates),29299000,1,15,15,46.14477393595644,65.30685339781085,5005.161,23.72983705231185,26.031290243601152,Imports up; output not down,False,False,False
20145133,C20,"Thiocarbamates and dithiocarbamates; thiuram mono-, di- or tetrasulphides; methionine",29302000|29303000|29304010|29304090,4,15,15,-13.68655601238552,160.03178495499276,48155.11,6.097235406274071,16.361049243611568,Output down; imports up,False,True,False
20145139,C20,Other organo-sulphur compounds,29301000|29306000|29307000|29308000|29309013|29309016|29309030|29309040|29309050|29309098,10,15,0,123.75599542806816,,,,,Missing / zero baseline,False,False,False
20145230,C20,Heterocyclic compounds with nitrogen only hetero-atom(s); containing an unfused imidazole ring (excluding hydantoin and its derivatives),29332910|29332990,2,15,15,-8.939388805482018,19.999404151869783,1006.938,39.3449632978363,46.08619120934243,Output down; imports up,False,True,False
20145260,C20,Melamine,29336100,1,15,15,-53.29482221572882,219.17128028578685,126815.352,15.265833438064817,55.18062012882811,Output down; imports up,False,True,False
20145280,C20,"Compounds containing in the structure an unfused pyridine ring or a quinoline or isoquinoline ring-system, not further fused; lactames; other heterocyclic compounds with nitrogen hetero-atom(s) only (excluding compounds containing in the structure an unfused pyrazole ring, an unfused imidazole ring, a pyrimidine ring, a piperazine ring or an unfused triazine ring)",29333100|29333200|29333300|29333400|29333500|29333600|29333700|29333910|29333920|29333925|29333935|29333940|29333945|29333950|29333955|29333999|29334100|29334910|29334930|29334990|29337100|29337200|29337900|29339110|29339190|29339200|29339920|29339950|29339980,29,15,1,-64.30704902023714,,,,19.453451689258635,Missing / zero baseline,True,False,False
20145290,C20,"Nucleic acids and other heterocyclic compounds - thiazole, benzothiazole, other cycles",29341000|29342020|29342080|29349100|29349200|29349960|29349990|29398000,8,15,1,-1.4713538755228184,,,,31.433372873499962,Missing / zero baseline,False,False,False
20145350,C20,Phosphoric esters; and their salts (including lactophosphates; their halogenated; sulphonated; nitrated or nitrosated derivatives),29191000|29199000,2,15,14,-9.054567663603763,,,,58.63703021524499,Missing / zero baseline,False,True,False
20145380,C20,"Esters of other inorganic acids of non-metals (excluding esters of hydrogen halides) and their salts; their halogenated, sulphonated, nitrated or nitrosated derivatives",29201100|29201900|29202100|29202200|29202300|29202400|29202900|29203000|29209010|29209070,10,15,6,-26.541782841092164,,,,44.539304828286106,Missing / zero baseline,False,False,False
20146111,C20,Methanal (formaldehyde),29121100,1,15,15,5.3891085463635635,-43.12170660702821,-16072.965,4.138094960942267,2.276687397700941,Neither expected direction,False,False,False
20146113,C20,Ethanal (acetaldehyde),29121200,1,15,15,-8.387354511102863,-96.40653374742183,-4066.524,6.050817456386733,0.25199007254606265,Output down; imports not up,False,False,False
20146120,C20,Cyclic aldehydes; without other oxygen function,29122100|29122900,2,15,15,-2.5575575959607577,-4.896123267806784,-412.764,29.715375595749148,29.210538520758483,Output down; imports not up,False,False,False
20146150,C20,Cyclic polymers of aldehydes,29125000,1,15,15,747.0000000000001,-52.699428198006856,-1612.866,88.44097673746569,29.936798359842783,Neither expected direction,False,False,False
20146160,C20,Paraformaldehyde,29126000,1,15,15,-32.85541721738514,-14.274357838795392,-128.926,0.7523589894579279,0.9585650995761349,Output down; imports not up,False,False,False
20146170,C20,"Halogenated, sulphonated, nitrated or nitrosated derivatives of cyclic polymers of aldehydes or paraformaldehyde",29130000,1,15,15,0.0,74.3517924396708,1066.056,32.33794938878614,45.45311731798069,Imports up; output not down,False,False,False
20146211,C20,Acetone,29141100,1,15,15,-33.563187089155356,64.41479939347225,30570.619,3.019116451095721,7.1530840365706645,Output down; imports up,True,True,True
20146213,C20,Butanone (methyl ethyl ketone),29141200,1,15,15,-39.251836625410995,8.818534589922544,5119.014,27.184690990642103,40.0753282635834,Output down; imports up,True,False,False
20146219,C20,"Acyclic ketones; without other oxygen function (excluding acetone, butanone (methyl ethyl ketone), 4-methylpentan-2-one (methyl isobutyl ketone))",29141910|29141990,2,15,15,-5.015552007207957,17.46235539934924,2051.576,28.497205501413948,33.014578420072276,Output down; imports up,False,False,False
20146233,C20,Cyclohexanone and methylcyclohexanones,29142200,1,15,15,-56.473884122091874,-14.614597864219448,-2462.019,15.56711469268091,26.56156329916609,Output down; imports not up,True,False,False
20146235,C20,Ionones and methylionones,29142300,1,15,15,94.17175633635281,1.6931674742457048,33.266,38.43144496223988,24.637163436170987,Imports up; output not down,False,False,False
20146260,C20,Quinones,29146100|29146200|29146910|29146980,4,15,6,153.30101761943192,,,,17.46513963185504,Missing / zero baseline,False,False,False
20146270,C20,Halogenated; sulphonated; nitrated or nitrosated derivatives of ketones and quinones,29147100|29147900,2,15,6,35.62499999999999,,,,47.21666416128252,Missing / zero baseline,False,False,False
20146310,C20,"Acyclic ethers and their halogenated, sulphonated, nitrated or nitrosated derivatives",29091100|29091910|29091990,3,15,15,-38.6356174663917,-46.46142245729924,-630093.686,31.616202454218744,28.743112625468815,Output down; imports not up,False,False,False
20146323,C20,"Cyclanic, cyclenic or cycloterpenic ethers and their halogenated, sulphonated, nitrated or nitrosated derivatives",29092000,1,15,15,65.07013308481524,-3.3281185673116553,-16.168,1.6531883718309905,0.9748531997272092,Neither expected direction,False,False,False
20146325,C20,"Aromatic ethers and their halogenated, sulphonated, nitrated or nitrosated derivatives",29093010|29093031|29093035|29093038|29093090,5,15,3,-40.0,,,,,Missing / zero baseline,False,False,False
20146333,C20,"2,2-Oxydiethanol (diethylene glycol; digol)",29094100,1,15,15,-4.323675302682817,54.2642582766246,92107.64299999997,73.021594390971,81.35758450595291,Output down; imports up,False,True,False
20146339,C20,"Ether-alcohols and their halogenated, sulphonated, nitrated or nitrosated derivatives (excluding 2,2-Oxydiethanol)",29094300|29094400|29094911|29094980,4,15,14,-36.359688703700144,,,,22.331321521108187,Missing / zero baseline,True,False,False
20146350,C20,"Ether-phenols; ether-alcohol-phenols and their halogenated, sulphonated, nitrated or nitrosated derivatives",29095000,1,15,14,-83.96551996724091,,,,35.86483385464534,Missing / zero baseline,True,True,True
20146373,C20,Oxirane (ethylene oxide),29101000,1,15,15,14.05464489636319,-83.45818259749768,-22458.082,3.3616011790213896,0.5019739413457887,Neither expected direction,False,False,False
20146375,C20,Methyloxirane (propylene oxide),29102000,1,15,15,-8.029943954602292,-59.29050061937846,-44033.869,4.044048725311437,1.8313302991078575,Output down; imports not up,False,False,False
20146379,C20,"Epoxides, epoxyalcohols, -phenols, epoxyethers, with a 3-membered ring and their halogenated, sulphonated, nitrated/nitrosated derivatives excluding oxirane, methyloxirane (propylene oxide)",29103000|29104000|29105000|29109000,4,15,6,-62.442063596778596,,,,36.794318940654456,Missing / zero baseline,True,False,False
20146430,C20,"Other organic compounds, n.e.c.",29420000,1,15,15,328.2770523364202,-34.3754347583179,-2033.528,5.354895190067073,0.8594993654394791,Neither expected direction,False,False,False
20146450,C20,Rennet and concentrates thereof,35071000,1,15,15,126.93971044005879,480.8892230576441,959.374,2.4535359326794013,6.048758397805633,Imports up; output not down,False,True,False
20146470,C20,Enzymes; prepared enzymes (not elsewhere specified or included) (excluding rennet and concentrates),35079030|35079090,2,15,13,49.39363735656113,,,,13.383001375604705,Missing / zero baseline,False,True,False
20147120,C20,Activated natural mineral products; animal black,38029000,1,15,15,-36.081083184232355,5.342248848455666,5649.286000000015,10.83478269403076,16.684836739760033,Output down; imports up,True,False,False
20147130,C20,Tall oil; whether or not refined,38030010|38030090,2,15,15,24.378109452736307,69.75471274981864,52877.56000000001,15.865258839903309,20.46860660489771,Imports up; output not down,False,True,False
20147140,C20,"Gum, wood or sulphate turpentine oils, pine oil and other alike",38051010|38051030|38051090|38059010|38059090,5,15,15,12.733945360061982,-29.1688095255615,-6580.315999999996,36.83079770403111,26.811378094004855,Neither expected direction,False,False,False
20147150,C20,Rosin and resin acids; and derivatives; rosin spirit and oils; run gums,38061000|38062000|38063000|38069000,4,15,13,35.079902869385,,,,19.110482785308655,Missing / zero baseline,False,False,False
20147170,C20,"Wood tar; wood tar oils; wood creosote; wood naphtha; vegetable pitch; brewers’ pitch and similar preparations based on rosin, resin acids or on vegetable pitch",38070010|38070090,2,15,15,-17.76439060231375,-9.297025515346757,-9408.032,31.615489760424452,33.77141530720968,Output down; imports not up,False,False,False
20147200,C20,Wood charcoal whether or not agglomerated (including shell or nut charcoal),44021000|44022000|44029000,3,15,1,31.799832326010645,,,,66.00840854530027,Missing / zero baseline,False,False,False
20147320,C20,"Benzol (benzene), toluol (toluene) and xylol (xylenes)",27071000|27072000|27073000,3,15,10,49.77040939483006,,,,15.26740572040541,Missing / zero baseline,False,False,False
20147340,C20,"Naphthalene and other aromatic hydrocarbon mixtures (excluding benzene, toluene, xylene)",27074000|27075000,2,15,10,35.342074429782585,,,,29.835016443274156,Missing / zero baseline,False,True,False
20147360,C20,Phenols,27079980,1,15,15,-49.79202972700191,22.702720385674958,659.2870000000005,1.988040267399631,4.722976778014126,Output down; imports up,False,False,False
20147390,C20,"Other oils and oil products, n.e.c.",27079100|27079911|27079919|27079920|27079950|27079991|27079999,7,15,10,205.27238478428472,,,,66.02475678474845,Missing / zero baseline,False,True,False
20152030,C20,Ammonium chloride,28271000,1,15,15,-36.582624057546454,79.19187378209291,4632.883,11.005750693804202,25.89497198125943,Output down; imports up,False,True,False
20156000,C20,Sodium nitrate,31025000,1,15,9,170.81865364582617,,,,30.22665174447325,Missing / zero baseline,False,False,False
20157200,C20,Diammonium hydrogenorthophosphate (diammonium phosphate) (excluding in tablets or similar forms or in packages of a weight of <= 10 kg),31053000,1,15,15,-79.53966449275363,50.79665682840155,246816.841,33.46612099702464,78.75577415517672,Output down; imports up,True,False,False
20157300,C20,Ammonium dihydrogenorthophosphate (monoammonium phosphate),31054000,1,15,15,-14.032482863785056,-7.46378650514038,-33205.595,85.17228422246868,86.07829923197365,Output down; imports not up,False,False,False
20157400,C20,Other mineral or chemical fertilisers containing the two fertilising elements nitrogen and phosphorus,31055100|31055900,2,15,15,-0.020980463944286765,238.5811627669742,457229.94300000014,11.326829519679553,30.196045574058104,Output down; imports up,False,True,False
20157500,C20,Mineral or chemical fertilisers containing the two fertilising elements phosphorus and potassium,31056000,1,15,12,-19.694224259079363,,,,5.334629173515044,Missing / zero baseline,False,True,False
20157930,C20,Fertilisers in tablets or similar forms or in packages of a gross weight of <= 10 kg),31051000,1,15,15,108.86934974141323,-62.18219159916407,-12899.7,21.310170406625137,4.674129494725761,Neither expected direction,False,False,False
20157980,C20,"Other fertilisers, n.e.c.",31059020|31059080,2,15,9,21.894759497628115,,,,3.6357726338833243,Missing / zero baseline,False,False,False
20158000,C20,Animal or vegetable fertilisers,31010000,1,15,15,164.58412580105107,254.0854525410202,75135.101,0.9120710767180575,1.216844622055375,Imports up; output not down,False,True,False
20161035,C20,"Linear polyethylene having a specific gravity < 0,94, in primary forms",39011010,1,15,15,51.83480601225432,-21.256564254013412,-207915.05,29.872093028880904,18.09396342261775,Neither expected direction,False,False,False
20161039,C20,"Polyethylene having a specific gravity < 0,94, in primary forms (excluding linear)",39011090,1,15,15,-23.78254437540691,130.9094199388713,517318.48700000014,7.796519913878641,20.393404522459335,Output down; imports up,False,False,False
20161050,C20,"Polyethylene having a specific gravity of >= 0,94, in primary forms",39012010|39012090,2,15,15,-6.44691440425037,79.75204380820982,732146.9069999999,12.560717143060543,21.63065953412804,Output down; imports up,True,True,True
20161070,C20,"Ethylene-vinyl acetate copolymers, in primary forms",39013000,1,15,15,-7.4074074074074066,107.2630450177591,48482.522,7.723800060844534,15.779852800127788,Output down; imports up,False,True,False
20161090,C20,"Polymers of ethylene, in primary forms (excluding polyethylene, ethylene-vinyl acetate copolymers)",39014000|39019030|39019080,3,15,6,-6.9631074196533245,,,,57.35046104563876,Missing / zero baseline,False,False,False
20162035,C20,"Expansible polystyrene, in primary forms",39031100,1,15,15,-11.567844514159143,121.95912305786503,115665.04199999997,4.827151177224472,11.292750521673415,Output down; imports up,False,False,False
20162039,C20,"Polystyrene, in primary forms (excluding expansible polystyrene)",39031900,1,15,15,-20.12277636526517,-15.025500525646507,-19249.861999999986,6.4525772269184465,6.836192258599129,Output down; imports not up,False,False,False
20162050,C20,"Styrene-acrylonitrile (SAN) copolymers, in primary forms",39032000,1,15,15,20.9277805778568,209.60604903008488,28175.57,9.702598852495049,21.57499622546529,Imports up; output not down,False,True,False
20162070,C20,"Acrylonitrile-butadiene-styrene (ABS) copolymers, in primary forms",39033000,1,15,15,-0.10721398965393147,1.7741183555202822,4198.89899999997,28.086417066513647,28.464813860911637,Output down; imports up,False,False,False
20162090,C20,"Polymers of styrene, in primary forms (excluding polystyrene, styrene-acrylonitrile (SAN) copolymers, acrylonitrile-butadiene-styrene (ABS) copolymers)",39039010|39039020|39039090,3,15,15,25.646995031823995,2.1924126145954625,1730.709,11.892721995657709,9.892313430514465,Imports up; output not down,False,True,False
20163010,C20,"Polyvinyl chloride, not mixed with any other substances, in primary forms",39041000,1,15,15,-35.50720469118718,65.0999019935256,211843.007,4.483713068880166,10.727834506257985,Output down; imports up,True,True,True
20163023,C20,"Non-plasticised polyvinyl chloride mixed with any other substance, in primary forms",39042100,1,15,15,-30.1840568127932,47.11083381180221,18461.557999999994,8.894675035933012,17.061999759482543,Output down; imports up,False,False,False
20163025,C20,"Plasticised polyvinyl chloride mixed with any other substance, in primary forms",39042200,1,15,15,-24.206286467015637,17.924381288156034,7753.624,4.244214152665457,6.451205553493373,Output down; imports up,False,False,False
20163040,C20,"Vinyl chloride-vinyl acetate copolymers and other vinyl chloride copolymers, in primary forms",39043000|39044000,2,15,15,-5.551439999999996,23.063533919889,1557.188,1.3870997381474137,1.799784226559098,Output down; imports up,False,False,False
20163060,C20,Fluoropolymers,39046100|39046910|39046920|39046980,4,15,12,43.07950998552306,,,,39.35223148235231,Missing / zero baseline,False,True,False
20163090,C20,"Polymers of halogenated olefins, in primary forms, n.e.c.",39045010|39045090|39049000,3,15,15,-20.043639485822563,14.926867842706692,1126.534,6.589271862000043,9.205911491169402,Output down; imports up,True,True,True
20164013,C20,"Polyacetals, in primary forms",39071000,1,15,15,-11.715137509605189,178.7950519632839,87444.73,17.898549012027054,40.77371604083499,Output down; imports up,False,True,False
20164015,C20,"Polyethylene glycols and other polyether alcohols, in primary forms",39072100|39072911|39072920,3,15,1,-6.017840781028183,,,,15.407152457783033,Missing / zero baseline,False,False,False
20164020,C20,"Polyethers, in primary forms (excluding polyacetals, polyether alcohols)",39072991|39072999,2,15,1,-49.18408702369217,,,,35.349911519087904,Missing / zero baseline,True,False,False
20164030,C20,"Epoxide resins, in primary forms",39073000,1,15,15,-16.145749902095464,12.117839976266076,16751.206,16.245514958115322,20.593535483096037,Output down; imports up,False,True,False
20164040,C20,"Polycarbonates, in primary forms",39074000,1,15,15,20.842059426092273,32.80759103432216,35610.169,10.829652334658421,11.77570775432639,Imports up; output not down,False,False,False
20164050,C20,"Alkyd resins, in primary forms",39075000,1,15,15,-45.7644282823646,-11.648437815913514,-1325.096,2.0151235324555365,3.241613650704109,Output down; imports not up,False,False,False
20164062,C20,Polyethylene terephthalate in primary forms having a viscosity number of >= 78 ml/g,39076100,1,15,6,75.85579993227121,,,,34.312376900461246,Missing / zero baseline,False,False,False
20164064,C20,Other polyethylene terephthalate in primary forms,39076900,1,15,6,-60.18841920003205,,,,49.560714287507494,Missing / zero baseline,True,False,False
20164070,C20,"Unsaturated liquid polyesters, in primary forms (excluding polyacetals, polyethers, epoxide resins, polycarbonates, alkyd resins, polyethylene terephthalate)",39079110,1,15,15,-28.937972852280357,127.47966073625258,65190.438,7.0379329749739705,19.50743257551409,Output down; imports up,False,True,False
20164080,C20,"Unsaturated polyesters, in primary forms (excluding liquid polyesters, polyacetals, polyethers, epoxide resins, polycarbonates, alkyd resins, polyethylene terephthalate)",39079190,1,15,15,-29.63192,-70.30228691299114,-20699.908000000003,10.536683777945381,4.735204078654278,Output down; imports not up,False,False,False
20164090,C20,"Polyesters, in primary forms (excluding polyacetals, polyethers, epoxide resins, polycarbonates, alkyd resins, polyethylene terephthalate, other unsaturated polyesters)",39077000|39079905|39079910|39079980,4,15,6,12.929742558374556,,,,27.442916466912155,Missing / zero baseline,False,False,False
20165130,C20,"Polypropylene, in primary forms",39021000,1,15,15,1.2628470310023232,163.54662552963984,933202.843,5.701846779275472,13.597146239380706,Imports up; output not down,False,True,False
20165150,C20,"Polymers of propylene or of other olefins, in primary forms (excluding polypropylene)",39022000|39023000|39029010|39029020|39029090,5,15,15,45.56379716935641,218.94077927752616,418769.0049999999,10.716766793814184,20.82323876766655,Imports up; output not down,False,True,False
20165230,C20,"Polymers of vinyl acetate, in aqueous dispersion, in primary forms",39051200|39052100,2,15,15,-16.162997632634013,-41.030305660450274,-10362.184,2.2984819168382145,1.6278156873571439,Output down; imports not up,False,False,False
20165250,C20,"Polymers of vinyl acetate, in primary forms (excluding in aqueous dispersion)",39051900|39052900,2,15,15,-24.891960276950076,9.506696819382787,4405.203,14.822387906920039,20.237086009339215,Output down; imports up,False,True,False
20165270,C20,"Polymers of vinyl esters or other vinyl polymers, in primary forms (excluding vinyl acetate)",39053000|39059100|39059910|39059990,4,15,15,-18.033711511148496,35.78180750942395,50274.094,40.50916614198128,53.007545353831034,Output down; imports up,False,True,False
20165350,C20,"Polymethyl methacrylate, in primary forms",39061000,1,15,15,-57.78974107636232,171.60239237731722,34449.05499999999,10.798115762558258,43.78592872174614,Output down; imports up,False,True,False
20165390,C20,"Acrylic polymers, in primary forms (excluding polymethyl methacrylate)",39069010|39069020|39069030|39069040|39069050|39069060|39069090,7,15,15,68.39547443648515,43.63844658152192,143228.836,12.137981618429576,10.54160384411529,Imports up; output not down,False,True,False
20165450,C20,"Polyamide -6, -11, -12, -6,6, -6,9, -6,10 or -6,12, in primary forms",39081000,1,15,15,22.157381436532763,10.216577452371478,26919.91800000003,13.401009363564564,12.251557518401215,Imports up; output not down,False,True,False
20165490,C20,"Polyamides, in primary forms (excluding polyamide -6, -11, -12, -6,6, -6,9, -6,10 or -6,12)",39089000,1,15,15,43.35568198923703,75.70099389259659,35962.848,19.564079247515483,22.96460568364553,Imports up; output not down,False,True,False
20165550,C20,"Urea resins and thiourea resins, in primary forms",39091000,1,15,15,-22.72727171598533,96.66052263748162,70084.839,1.9432352194457443,4.801415040277411,Output down; imports up,False,True,False
20165570,C20,"Melamine resins, in primary forms",39092000,1,15,15,1.6960597658251642,284.38918542178953,60422.134,2.800213571487677,9.81982918100901,Imports up; output not down,False,True,False
20165630,C20,"Amino resins, in primary forms (excluding urea and thiourea resins, melamine resins)",39093100|39093900,2,15,6,235.0173950989639,,,,16.13679077237455,Missing / zero baseline,False,False,False
20165650,C20,"Phenolic resins, in primary forms",39094000,1,15,15,-8.998609663550216,42.08314751056961,14154.33,3.394378507246043,5.200651637862087,Output down; imports up,False,True,False
20165670,C20,"Polyurethanes, in primary forms",39095010|39095090,2,15,15,-49.851411417580074,-3.4297102109801303,-2732.779,2.171690069087274,4.0995732851907505,Output down; imports not up,False,True,False
20165700,C20,"Silicones, in primary forms",39100000,1,15,15,-16.880356817329634,57.56085488116387,78252.222,14.952683272955342,24.996737574589062,Output down; imports up,True,True,True
20165920,C20,"Petroleum resins, coumarone-indene resins, polyterpenes, polysulphides, polysulphones, etc., n.e.c., in primary forms",39111000|39112000|39119011|39119013|39119019|39119092|39119099,7,15,1,-25.30996677824667,,,,40.48501426523485,Missing / zero baseline,False,False,False
20165970,C20,"Ion-exchangers based on synthetic or natural polymers, in primary forms",39140000,1,15,15,143.75285117286003,31.40726277406083,8744.265,27.547934865002293,17.01095547047139,Imports up; output not down,False,True,False
20171050,C20,Synthetic latex rubber,40021100|40024100|40025100|40029100,4,15,15,-39.21195361880869,-62.3969218760019,-35168.067,3.2044063639293245,2.006750446565472,Output down; imports not up,False,False,False
20171090,C20,Synthetic rubber (excluding latex),40021910|40021920|40021930|40021990|40022000|40023100|40023900|40024900|40025900|40026000|40027000|40028000|40029910|40029990,14,15,15,-7.9976635398960605,31.69064816606879,297763.60999999987,33.38393386549354,41.76982761278259,Output down; imports up,False,True,False
20301150,C20,"Paints and varnishes, based on acrylic or vinyl polymers dispersed or dissolved in an aqueous medium (including enamels and lacquers)",32091000,1,15,15,0.014668274252405133,18.593304920248265,8906.933999999992,1.4187713926764012,1.6778990181367863,Imports up; output not down,False,True,False
20301170,C20,"Other paints, varnishes dispersed or dissolved in an aqueous medium",32099000,1,15,15,-5.698362488780218,12.22967976691871,5495.875,4.950034156951056,5.836181400150842,Output down; imports up,False,True,False
20301225,C20,"Paints and varnishes, based on polyesters dispersed/dissolved in a non-aqueous medium, weight of the solvent > 50 % of the weight of the solution including enamels and lacquers",32081010,1,15,15,-8.829851430979351,-56.58719738113662,-7934.289,6.562824723524916,3.2362997048478523,Output down; imports not up,False,False,False
20301229,C20,"Paints and varnishes, based on polyesters dispersed/dissolved in a non-aqueous medium including enamels and lacquers excluding weight of the solvent > 50 % of the weight of the solution",32081090,1,15,15,-28.89943441529522,-35.75598658764781,-8059.015,3.0581162885321356,2.771381200092459,Output down; imports not up,True,False,False
20301230,C20,"Paints and varnishes, based on acrylic or vinyl polymers dispersed/dissolved in non-aqueous medium, weight of the solvent > 50 % of the solution weight including enamels and lacquers",32082010,1,15,15,12.204669340945173,80.68107678859332,5705.819,4.357471123828389,6.834992321824247,Imports up; output not down,False,True,False
20301250,C20,Other paints and varnishes based on acrylic or vinyl polymers,32082090,1,15,15,3.059390220271596,-31.620110658765622,-12247.628999999997,11.095392202134462,7.647311095315792,Neither expected direction,False,False,False
20301270,C20,Paints and varnishes: solutions n.e.c.,32089011|32089013|32089019,3,15,15,20.13215137987874,93.04718296661238,5858.567000000001,2.18833400204945,3.470462773834064,Imports up; output not down,False,True,False
20301290,C20,Other paints and varnishes based on synthetic polymers n.e.c.,32089091|32089099,2,15,15,-18.557044522182288,-23.336355894903082,-17668.871,5.80017315932578,5.478449056280903,Output down; imports not up,False,False,False
20302130,C20,"Prepared pigments, opacifiers, colours and similar preparations for ceramics, enamelling or glass",32071000,1,15,15,-49.687842794450646,-39.647635270967015,-3581.539,2.024054107540868,2.4182033341615217,Output down; imports not up,False,False,False
20302150,C20,"Vitrifiable enamels and glazes, engobes (slips) and similar preparations for ceramics, enamelling or glass",32072010|32072090,2,15,15,-1.26142813630985,118.15029420497822,1237.505,0.09839706712577952,0.21713739228934145,Output down; imports up,False,False,False
20302170,C20,Liquid lustres and similar preparations; glass frit and other glass in powder; granules or flakes,32073000|32074040|32074085,3,15,13,-27.442797517609662,,,,7.927997210664725,Missing / zero baseline,False,True,False
20302213,C20,Oil paints and varnishes (including enamels and lacquers),32100010,1,15,15,8.5129765660384,-65.94179251673712,-2370.3140000000003,13.045102848238221,4.496878351907037,Neither expected direction,False,False,False
20302215,C20,"Prepared water pigments for finishing leather; paints and varnishes (including enamels, lacquers and distempers) (excluding of oil)",32100090,1,15,15,-37.80190983655185,-9.92042703407775,-1132.223,4.4618198549430925,6.335205692571539,Output down; imports not up,True,False,False
20302220,C20,Prepared driers,32110000,1,15,15,-14.163679562715448,-40.457037730580325,-2462.9839999999995,30.33636243499351,23.199587120980365,Output down; imports not up,False,False,False
20302230,C20,Stamping foils,32121000,1,15,13,7.174875636953693,,,,34.66158348305814,Missing / zero baseline,False,True,False
20302240,C20,"Pigments, including metallic powders and flakes, dispersed in non-aqueous media, in liquid or paste form, of a kind used in the manufacture of paints; colorants and other colouring matter, n.e.c. put up for retail sale",32129000,1,15,13,-29.213336910310893,,,,12.606979604397713,Missing / zero baseline,True,False,False
20302253,C20,"Glaziers’ putty, grafting putty, resin cements, caulking compounds and other mastics",32141010,1,15,15,32.88011672048552,-65.27132058834968,-162932.038,28.899499746773802,9.602860601939582,Neither expected direction,False,False,False
20302255,C20,Painters’ fillings,32141090,1,15,15,-1.1020287576241183,75.9631525991065,15307.088,2.1725292456602254,3.801099734604967,Output down; imports up,False,True,False
20302260,C20,"Non-refractory surfacing preparations for façades, indoor walls, floors, ceilings or the like",32149000,1,15,15,-20.189654488021237,61.275001806986175,118736.06,3.1985150808884732,6.258984847896869,Output down; imports up,False,True,False
20302273,C20,Organic composite solvents and thinners used in conjunction with coatings and inks; based on butyl acetate,38140010,1,15,15,26.605434422002272,229.25389709573895,1292.279,0.48313805429763457,1.2468213568702868,Imports up; output not down,False,True,False
20302279,C20,Organic composite solvents and thinners used in conjunction with coatings and inks (excluding those based on butyl acetate),38140090,1,15,15,-13.383262280594533,-24.181555712308178,-15330.584,7.806821986654111,6.900726703365047,Output down; imports not up,False,False,False
20302350,C20,"Artists’, students’, or signboard painters’ colours, amusement colours and modifying tints in sets of tablets, tubes, jars, bottles or pans",32131000,1,15,15,55.33001656189003,79.68082416077935,6777.427,24.155594087642093,26.92289900075654,Imports up; output not down,False,True,False
20302370,C20,"Artists’, students’ or signboard painters’ colours, amusement colours and modifying tints in tablets, tubes, jars, bottles or pans (excluding in sets)",32139000,1,15,15,74.89095257621952,48.33825838445696,2348.347999999999,22.070787620148593,19.368936140842468,Imports up; output not down,False,True,False
20302450,C20,Black printing inks,32151100,1,15,14,-50.386514125605984,-16.6169199854305,-2116.363,6.298784424244239,10.150876750612193,Output down; imports not up,True,False,False
20302470,C20,Printing inks (excluding black),32151900,1,15,14,-21.726940130098306,-49.854013319984105,-32417.798,6.778211105861571,4.450902850585147,Output down; imports not up,True,False,False
20411000,C20,"Glycerol (glycerine), crude; glycerol waters and glycerol lyes",15200000,1,15,15,68.97378705260917,730.9295252025132,125013.318,4.398754528924181,18.451338185355024,Imports up; output not down,False,True,False
20412020,C20,Anionic organic surface-active agents (excluding soap),34023100|34023910|34023990,3,15,1,-1.5873167185221138,,,,6.0887862777091435,Missing / zero baseline,False,False,False
20412030,C20,Cationic organic surface-active agents (excluding soap),34024100,1,15,1,-64.81864212100454,,,,1.7125916586860273,Missing / zero baseline,True,False,False
20412050,C20,Non-ionic organic surface-active agents (excluding soap),34024200,1,15,1,26.775685678928298,,,,5.569112132510219,Missing / zero baseline,False,False,False
20412090,C20,"Organic surface-active agents (excluding soap, anionic, cationic, non-ionic)",34024900,1,15,1,35.216865964777334,,,,7.0520929472935965,Missing / zero baseline,False,False,False
20413120,C20,"Soap and organic surface-active products in bars, etc., n.e.c.",34011900,1,15,15,-19.35101061273493,92.33261850259669,34097.533,15.529479254091074,30.48002619272297,Output down; imports up,False,True,False
20413150,C20,"Soap in the form of flakes, wafers, granules or powders",34012010,1,15,15,53.424503556662614,-78.12548080254436,-93715.95799999998,76.35261181115649,31.523083988859646,Neither expected direction,False,False,False
20413180,C20,"Soap in forms excluding bars, cakes or moulded shapes, paper, wadding, felt and non-wovens impregnated or coated with soap/detergent, flakes, granules or powders",34012090,1,15,15,83.45300761746601,51.97864097214613,11887.589,4.934938366433423,4.123178597144281,Imports up; output not down,False,True,False
20413240,C20,"Surface-active preparations, whether or not containing soap, p.r.s. (excluding those for use as soap)",34025010,1,15,1,112.12921341651887,,,,0.8411063898580059,Missing / zero baseline,False,False,False
20413250,C20,"Washing preparations and cleaning preparations, with or without soap, p.r.s. including auxiliary washing preparations excluding those for use as soap, surface-active preparations",34025090,1,15,1,3.7709664870913207,,,,6.470738021561337,Missing / zero baseline,False,False,False
20413260,C20,"Surface-active preparations, whether or not containing soap, n.p.r.s. (excluding those for use as soap)",34029010,1,15,15,-12.15146807535259,96.98282283745637,31031.556000000008,4.78569488022875,10.12878317225211,Output down; imports up,False,True,False
20413270,C20,"Washing preparations and cleaning preparations, with or without soap, n.p.r.s. including auxiliary washing preparations excluding those for use as soap, surface-active preparations",34029090,1,15,15,1.3913527720183172,35.70545489408241,34531.321,6.438412921785202,8.43361377951061,Imports up; output not down,False,False,False
20414270,C20,Artificial and prepared waxes of polyethylene glycol,34042000,1,15,15,33.469660000000005,181.94203424840208,19018.902999999995,17.291496328503356,30.634128746274605,Imports up; output not down,False,True,False
20414280,C20,Artificial and prepared waxes (including sealing waxes) (excluding of polyethylene glycol),34049000,1,15,13,47.770283757538934,,,,25.143840513756317,Missing / zero baseline,False,True,False
20414330,C20,"Polishes, creams and similar preparations, for footwear or leather (excluding artificial and prepared waxes)",34051000,1,15,15,32.694982006560444,-52.781385469424634,-2916.294,23.400276065076547,9.80474305287945,Neither expected direction,False,False,False
20414350,C20,"Polishes, creams and similar preparations, for the maintenance of wooden furniture, floors or other woodwork (excluding artificial and prepared waxes)",34052000,1,15,15,-94.46530333333334,-79.06966677949751,-5991.673999999999,2.4636749122087727,8.719239020323712,Output down; imports not up,False,False,False
20414370,C20,"Polishes and similar preparations, for coachwork (excluding artificial and prepared waxes, metal polishes)",34053000,1,15,15,-48.71624583431681,-21.620102572205944,-1346.332,9.074257628955891,13.234200334259821,Output down; imports not up,False,False,False
20414383,C20,Metal polishes,34059010,1,15,15,-14.565743369162565,-50.59417144161266,-3338.635,19.022004472735272,11.95961822462315,Output down; imports not up,False,False,False
20414389,C20,"Other polishes, creams and similar preparations, n.e.c.",34059090,1,15,15,-32.87969966484653,15.950107147529291,1961.7670000000019,17.107709270298727,26.282451294262692,Output down; imports up,False,False,False
20414400,C20,Scouring pastes and powders and other scouring preparations,34054000,1,15,15,-55.36757761250289,1.5718466646932772,63.456000000000465,1.3857085621829317,3.098734591299664,Output down; imports up,True,False,False
20421915,C20,"Soap and organic surface-active products in bars, etc., for toilet use",34011100,1,15,15,-19.701160964830457,4.284266747992138,5088.515,19.252707042149687,23.643816055448394,Output down; imports up,False,False,False
20421930,C20,"Organic surface-active products and preparations for washing the skin; whether or not containing soap, p.r.s.",34013000,1,15,15,237.55355642857143,223.0948563449547,58451.129,8.556536051566066,8.220154734310174,Imports up; output not down,False,True,False
20511130,C20,Propellant powders,36010000,1,15,15,32.85137805627363,103.30938815335867,1660.186,15.103912213686648,21.400074276929807,Imports up; output not down,False,True,False
20511150,C20,Prepared explosives (excluding propellant powders),36020000,1,15,15,44.40603919702293,59.20352794745285,2501.487,0.7569135754689286,0.8338288336352613,Imports up; output not down,False,True,False
20511300,C20,Fireworks,36041000,1,15,15,-40.0,-20.16212067967421,-20094.705,90.88137293550636,92.98827275763882,Output down; imports not up,True,False,False
20511400,C20,"Signalling flares, rain rockets, fog signals and other pyrotechnic articles (excluding fireworks)",36049000,1,15,15,-8.052499395773571,-78.29986444045905,-2789.832,53.91779881620271,21.63838465366125,Output down; imports not up,False,False,False
20512000,C20,Matches (excluding Bengal matches and other pyrotechnic products),36050000,1,15,15,-74.14871558862825,-30.324038257413722,-2465.465,34.44570569716369,58.613267158706634,Output down; imports not up,True,False,False
20521080,C20,"Prepared glues and other prepared adhesives, n.e.c.",35061000|35069110|35069190|35069900,4,15,6,57.24732271691138,,,,4.268237444671358,Missing / zero baseline,False,False,False
20531020,C20,Essential oils,33011210|33011290|33011310|33011390|33011920|33011980|33012410|33012490|33012510|33012590|33012911|33012931|33012942|33012949|33012971|33012979|33012991,17,15,1,46.4251567009488,,,,47.50715075090086,Missing / zero baseline,False,False,False
20531030,C20,Resinoids,33013000,1,15,15,112.34127489701447,-10.876112871585942,-18.019,9.633516438468476,4.282793875026975,Neither expected direction,False,False,False
20531050,C20,"Concentrates of essential oils in fats... aqueous distillates, etc.",33019010|33019021|33019030|33019090,4,15,15,210.8374245150742,44.43396659440315,3697.936000000001,68.31171046331743,50.042160253592655,Imports up; output not down,False,False,False
20531075,C20,Mixtures of odoriferous substances of a kind used in the food or drink industries,33021010|33021021|33021029|33021040|33021090,5,15,15,61.55007741415941,-3.69899033045189,-1893.195,17.87043922579189,11.481378603172613,Neither expected direction,False,False,False
20531079,C20,Mixtures of odoriferous substances (excluding those of a kind used in the food or drink industries),33029010|33029090,2,15,15,36.58864385996825,20.660026395789856,9980.854000000007,23.073141942540733,20.94601205168704,Imports up; output not down,False,True,False
20591200,C20,"Chemical preparations for photographic uses, unmixed products for photographic uses put up in measured portions or p.r.s. in form ready to use (excluding varnishes, glues and adhesives)",37071000|37079020|37079090,3,15,10,-49.34983403184652,,,,21.16114529121247,Missing / zero baseline,False,False,False
20592000,C20,Animal or vegetable fats and oils chemically modified,15180010|15180031|15180039|15180091|15180095|15180099,6,15,15,106.92433879547912,1500.1407213930331,2258130.775,29.828685713943745,76.6745460506775,Imports up; output not down,False,True,False
20593000,C20,Inks (excluding printing ink),32159020|32159070,2,15,6,-13.73060125638692,,,,56.63793978762539,Missing / zero baseline,True,False,False
20594155,C20,"Lubricating preparations containing as basic constituents < 70% by weight of petroleum oils or of oils obtained from bituminous minerals for textiles, leather, hides, furskins and other materials",34031100,1,15,15,-23.371705180024836,-42.60207160648256,-776.5250000000002,1.0285479877783623,0.7724209938240061,Output down; imports not up,False,False,False
20594175,C20,"Lubricating preparations not containing petroleum oil or bituminous mineral oils, used for treatment of textiles, leather, hides, furskins and other materials",34039100,1,15,15,31.792157599592464,-43.99195749831962,-2489.039,6.939279688388997,3.071567050311343,Neither expected direction,False,False,False
20594179,C20,"Lubricating preparations not containing petroleum oil or bituminous mineral oils, excluding the ones used for treatment of textiles, leather, hides, furskins or other materials",34039900,1,15,13,16.60682464224399,,,,6.599193564864054,Missing / zero baseline,False,False,False
20594250,C20,Anti-knock preparations,38111110|38111190|38111900,3,15,15,10.1096803854144,902.4530968006711,25112.075000000004,4.045025421269292,27.734638055873408,Imports up; output not down,False,True,False
20594270,C20,Additives for lubricating oils,38112100|38112900,2,15,15,39.74512833333333,19.382058599751396,36456.89399999997,13.550653274371882,11.809288925208902,Imports up; output not down,False,True,False
20594290,C20,"Additives for mineral oils or for other liquids used for the same purpose as mineral oils (including gasoline) (excluding anti-knock preparations, additives for lubricating oils)",38119000,1,15,15,105.63694653854108,-36.38105283400085,-23103.669,19.384554851963266,6.924052809239174,Neither expected direction,False,False,False
20594330,C20,Hydraulic brake fluids and other prepared liquids for hydraulic transmission; not containing or containing < 70 % by weight of petroleum oils or oils obtained from bituminous mineral,38190000,1,15,15,38.72497951745784,49.750217280333445,8461.508,14.600958506552496,15.580577146230773,Imports up; output not down,False,True,False
20594350,C20,Anti-freezing preparations and prepared de-icing fluids,38200000,1,15,15,165.0422892625898,-84.95974684954642,-102149.926,25.29669560455327,1.8853748237411758,Neither expected direction,False,False,False
20595100,C20,"Peptones and their derivatives; other protein substances and their derivatives; hide powder including glutelins and prolamins, globulins, glycinin, keratins, nucleoproteids, protein isolates",35040010|35040090,2,15,14,45.010662745578344,,,,34.282317894798965,Missing / zero baseline,False,True,False
20595230,C20,Modelling pastes; dental wax and dental impression compounds; other preparations for use in dentistry with a basis of plaster (including modelling pastes for children’s amusement),34070000,1,15,15,-60.330005590170124,138.02658010681697,15111.513,9.933195241525855,39.82212225007621,Output down; imports up,True,True,True
20595250,C20,Preparations and charges for fire-extinguishers; charged fire-extinguishing grenades,38130000,1,15,15,8.942267751894462,-57.24156109139948,-5935.188,22.541237008401264,10.250915320371321,Neither expected direction,False,False,False
20595270,C20,Prepared culture media for development of micro-organisms,38210000,1,15,15,714.5251003036753,105.53156679437991,6272.294,37.70028134121753,13.24698762635278,Imports up; output not down,False,True,False
20595300,C20,"Chemical elements doped for use in electronics, in the form of discs, wafers or similar forms; chemical compounds doped for use in electronics",38180010|38180090,2,15,15,-49.08555535991209,-8.495511369415931,-394.206,49.6064660542628,63.88784648482793,Output down; imports not up,True,False,False
20595400,C20,Activated carbon,38021000,1,15,15,-0.9077536802463926,55.1244724924465,78956.708,48.61839781878266,59.69802558101731,Output down; imports up,False,True,False
20595550,C20,"Finishing agents, etc., with amylaceous basis",38091010|38091030|38091050|38091090,4,15,11,-94.75756860700724,-87.6082043119242,-900.438,1.9927558605975761,4.585752744599823,Output down; imports not up,True,False,False
20595570,C20,"Finishing agents, etc, used in the textile industry (excluding with amylaceous basis)",38099100,1,15,15,-21.710957154935485,188.07626414527522,55794.208,2.664566460153563,9.151261841508749,Output down; imports up,False,True,False
20595580,C20,"Finishing agents, etc, used in the paper industry (excluding with amylaceous basis)",38099200,1,15,15,-0.5492404600272227,-92.23182102070152,-205063.195,22.161255068724156,2.175491158048942,Output down; imports not up,False,False,False
20595590,C20,"Finishing agents, dye carriers and other preparations, n.e.c.",38099300,1,15,15,33.33333333333333,-53.942797383885,-1624.811,1.6458474603591784,0.5747150174092224,Neither expected direction,False,False,False
20595620,C20,Pickling preparations for metal surfaces,38101000|38109010|38109090,3,15,15,-29.8354783465679,-43.42790196724189,-5784.914,7.225887401888534,5.908784823952631,Output down; imports not up,False,False,False
20595630,C20,Prepared rubber accelerators,38121000,1,15,15,-48.38796185854898,108.97064611370789,7835.567,8.490228732691556,27.307219336308734,Output down; imports up,False,True,False
20595640,C20,Compound plasticisers for rubber or plastics,38122010|38122090,2,15,15,-58.39872695944368,13.60792330675813,2293.146,6.805580106003739,16.62664166484924,Output down; imports up,True,True,True
20595650,C20,Anti-oxidising preparations and other compounds stabilisers for rubber or plastics,38123100|38123910|38123990,3,15,6,-56.87173873665953,,,,19.647700965117476,Missing / zero baseline,True,False,False
20595670,C20,"Mixed alkylbenzenes, mixed alkylnaphthalenes other than HS 2707 or 2902",38170050|38170080,2,15,15,-42.50551597972942,25.087586667238646,15761.112000000008,14.675952695635027,27.231260305677843,Output down; imports up,True,False,False
20595720,C20,Prepared binders for foundry moulds or cores,38241000,1,15,15,16.04013615569375,42.74112320083323,4635.521,2.830778118199593,3.459609155289078,Imports up; output not down,False,False,False
20595730,C20,"Naphthenic acids, their water-insoluble salts and their esters",38249930,1,15,6,119.327079910994,,,,32.43389645147992,Missing / zero baseline,False,False,False
20595740,C20,Non-agglomerated metal carbides mixed together or with metallic binders,38243000,1,15,15,-37.69236185202393,4.5319092477112966,102.471,19.015640576724508,28.26030890393589,Output down; imports up,False,False,False
20595750,C20,"Prepared additives for cements, mortars or concretes",38244000,1,15,15,-29.969237554299454,96.03842025253897,51955.19400000001,2.4634787515070853,6.603362500486808,Output down; imports up,False,True,False
20595770,C20,Sorbitol (excluding D-glucitol),38246011|38246019|38246091|38246099,4,15,10,91.37811,17.763604605968663,113.802,1.056464651506769,0.6527430493414961,Imports up; output not down,False,False,False
20595940,C20,Anti-scaling and similar compounds,38249945,1,15,6,16.863461056050166,,,,1.7914285533924896,Missing / zero baseline,False,False,False
20595953,C20,Preparations for electroplating,38249950,1,15,6,-12.076212038810608,,,,6.846848958519109,Missing / zero baseline,False,False,False
20595957,C20,"Mixtures of mono-, di- and tri-, fatty acid esters of glycerol (emulsifiers for fats)",38249955,1,15,6,94.3233391706445,,,,5.5366310878522,Missing / zero baseline,False,False,False
20595963,C20,Products and preparations for pharmaceutical or surgical uses,38249961|38249962|38249964,3,15,6,33.632035787063245,,,,1.7420119482834275,Missing / zero baseline,False,False,False
20595965,C20,Auxiliary products for foundries (excluding prepared binders for foundry moulds or cores),38249965,1,15,6,-19.2347869629941,,,,1.115679465933297,Missing / zero baseline,False,False,False
20595967,C20,"Fire-proofing, water-proofing and similar protective preparations used in the building industry",38249970,1,15,6,108.78177030116008,,,,3.8396830579837036,Missing / zero baseline,False,False,False
20595971,C20,"Mixtures containing halogenated derivatives of methane, ethane or propane",38271100|38271200|38271300|38271400|38272000|38273100|38273200|38273900|38274000|38275100|38275900|38276100|38276200|38276300|38276400|38276500|38276800|38276900|38279000,19,15,0,608.9905117375348,,,,,Missing / zero baseline,False,False,False
20595975,C20,"Mixtures and preparations containing oxirane (ethylene oxide), polybrominated biphenyls (PBBs), polychlorinated biphenyls (PCBs), polychlorinated terphenyls (PCTs) or tris(2,3-dibromopropyl) phosphate",38248100|38248200|38248300,3,15,15,-90.0,-74.13961433002203,-1649.384,35.7398750140569,58.98765118177083,Output down; imports not up,False,False,False
20596020,C20,Caseinates and other casein derivatives (excluding casein glues),35019090,1,15,15,5.399709320249668,-86.28879035508812,-5886.837,12.573093633070897,1.836468863028557,Neither expected direction,False,False,False
20596050,C20,Albumins; albuminates and other derivatives (excluding egg albumin),35022010|35022091|35022099|35029020|35029070|35029090,6,15,15,233.33333333333334,517.3707654264439,26747.158,30.10994172101007,44.380313400804276,Imports up; output not down,False,True,False
20596080,C20,"Gelatin and its derivatives (excluding casein glues, bone glues and isinglass)",35030010,1,15,15,-4.28556043158943,79.8964827381723,13820.79,9.940762018060594,17.18159515988482,Output down; imports up,False,True,False
20601110,C20,"Aramids staple, not carded, combed or otherwise processed for spinning",55031100,1,15,15,-87.44706416666666,145.02913621425418,2956.709,1.6705356579511252,24.903663864058167,Output down; imports up,False,True,False
20601120,C20,"Other polyamide tow and staple, not carded, combed or otherwise processed for spinning",55011100|55011900|55031900,3,15,1,-32.05854289183225,,,,14.784524322590618,Missing / zero baseline,False,False,False
20601130,C20,"Polyester tow and staple, not carded, combed or otherwise processed for spinning",55012000|55032000,2,15,15,-14.2749647161878,94.29421215686904,314432.83300000004,57.64917547506018,75.52139849579483,Output down; imports up,False,True,False
20601140,C20,"Acrylic tow and staple, not carded, combed or otherwise processed for spinning",55013000|55033000,2,15,15,-94.58549320866896,44.91683430182722,12838.982999999993,9.352836578768182,73.41504155326483,Output down; imports up,True,False,False
20601150,C20,"Polypropylene synthetic tow and staple not carded, combed or otherwise processed for spinning",55014000|55034000,2,15,15,-25.55806919487642,41.11316837667056,8731.84,7.326053929734945,13.032281356154428,Output down; imports up,True,True,True
20601190,C20,"Other synthetic tow and staple not carded, combed or otherwise processed for spinning",55019000|55039000,2,15,14,-57.04969777777777,,,,22.780483909957265,Missing / zero baseline,False,False,False
20601220,C20,High-tenacity filament yarn of aramids (excluding sewing thread and yarn put up for retail sale),54021100,1,15,15,25.067993996611214,270.4332827899924,3567.015,3.9607702968532776,10.88538378824674,Imports up; output not down,False,True,False
20601240,C20,"High-tenacity filament yarn of nylon or other polyamides (excluding sewing thread, yarn put up for retail sale and high-tenacity filament yarn of aramids)",54021900,1,15,15,9.709177153469772,5.141973205069306,2898.123,43.59618317274,42.55358038328854,Imports up; output not down,False,False,False
20601260,C20,High-tenacity filament yarn of polyesters (excluding that put up for retail sale),54022000,1,15,15,6.03276322255728,74.72349593243568,74793.133,46.933550420845805,59.3063531877704,Imports up; output not down,False,True,False
20601310,C20,"Polyamide textile filament yarn, n.p.r.s. (excluding sewing thread)",54023100|54024500|54025100,3,15,15,-69.79457978729117,44.13808538831212,9416.758999999996,10.32001539732906,35.44782363432464,Output down; imports up,True,True,True
20601320,C20,"Polyamide carpet filament yarn, n.p.r.s. (excluding sewing thread)",54023200,1,15,15,42.85714285714286,-48.72600796675035,-4426.273,17.78248396929724,7.2036736457134,Neither expected direction,False,False,False
20601330,C20,"Polyester textile filament yarn, n.p.r.s. (excluding sewing thread)",54023300|54024600|54024700|54025200,4,15,15,-88.52960949399635,14.511813645764926,32682.63699999997,46.268264789556376,89.57959371002602,Output down; imports up,True,True,True
20601340,C20,"Polypropylene filament yarn, n.p.r.s. (excluding sewing thread)",54023400|54024800|54025300,3,15,6,-74.93883599163365,,,,52.57733865447208,Missing / zero baseline,True,False,False
20601350,C20,"Elastomeric filament yarn, n.p.r.s.",54024400,1,15,15,-82.57204845876782,161.46109490684717,8873.594999999998,32.38233833548555,87.78208493222569,Output down; imports up,False,True,False
20601390,C20,"Other synthetic filament yarn, n.p.r.s. (excluding sewing thread)",54023900|54024900|54025900,3,15,6,-57.888807586213396,,,,71.18089759227063,Missing / zero baseline,False,False,False
20601420,C20,Polypropylene monofilament of >= 67 decitex and with a cross-sectional dimension of <= 1 mm (excluding elastomers),54041200,1,15,15,-47.65437281628766,-47.29694029874499,-297.196,1.6179906724046151,1.6288588662352175,Output down; imports not up,True,False,False
20601440,C20,"Synthetic monofilament of >= 67 decitex and with a cross-sectional dimension of <= 1 mm (excluding polypropylene monofilament); strip and the like (for example, artificial straw), of synthetic textile materials, of an apparent width <= 5 mm",54041100|54041900|54049010|54049090,4,15,14,16.606615881528054,,,,37.62630838045392,Missing / zero baseline,False,True,False
20602140,C20,"Artificial filament tow, of acetate",55021000,1,15,6,-25.0,,,,34.745625779062465,Missing / zero baseline,False,False,False
20602200,C20,"High tenacity filament yarn of viscose rayon, n.p.r.s. (excluding sewing thread)",54031000,1,15,15,-51.735877970683106,-86.16774046670461,-3784.918,11.69978685212447,3.658461538832083,Output down; imports not up,True,False,False
20602320,C20,"Yarn of viscose rayon filament, including monofilament of < 67 decitex, single, n.p.r.s. (excluding sewing thread and high-tenacity yarn)",54033100|54033200,2,15,15,-60.754580000000004,-25.64274187568444,-1822.453,32.14846765682559,47.304848761365015,Output down; imports not up,False,False,False
20602340,C20,"Filament yarn of cellulose acetate, including monofilament of < 67 decitex, single, n.p.r.s. (excluding sewing thread and high-tenacity yarn)",54033300,1,15,15,456.51166666666666,214.9752994630318,2602.276,30.95512082853855,20.239178184822848,Imports up; output not down,False,False,False
20602390,C20,"Other artificial filament yarn, including artificial monofilament of < 67 decitex, single, n.p.r.s. (excluding sewing thread)",54033900,1,15,15,-100.0,-40.94309711286089,-779.966,27.194860813704498,100.0,Output down; imports not up,False,False,False
20602400,C20,Artificial monofilament of >= 67 decitex and of which the cross-sectional dimension <= 1 mm; strip and the like of artificial textile materials of an apparent width <= 5 mm,54050000,1,15,15,-99.86666666666667,176.28891457727113,221.128,4.013361340101457,98.85897827209375,Output down; imports up,True,False,False
23111130,C23,"Wired sheets or profiles, of cast or rolled glass, whether or not with absorbent, reflecting or non-reflecting layer, but not otherwise worked",70032000|70033000,2,15,15,-94.03702352538423,2.4982825658640406,71.642,0.9291346583829624,13.882773303231001,Output down; imports up,True,True,True
23121190,C23,"Other glass of HS 7003, 7004 or 7005, bent, edge-worked, engraved, etc.",70060090,1,15,15,-10.176859477282019,-36.96139656536144,-27785.412,9.281315041094787,6.699107029028034,Output down; imports not up,False,False,False
23121250,C23,"Laminated safety glass, of size and shape suitable for incorporation in motor vehicles, aircraft, spacecraft, vessels and other vehicles",70072120|70072180,2,15,15,-13.593626327164909,28.208846542192312,19891.19,13.218663825055051,18.43479703367911,Output down; imports up,False,True,False
23121390,C23,"Other glass mirrors, whether or not framed",70099100|70099200,2,15,15,-47.20802176221003,29.529675581648227,42186.417,18.602768993576575,35.92824074798117,Output down; imports up,True,True,True
23131110,C23,"Glass preserving jars, stoppers, lids and other closures (including stoppers and closures of any material presented with the containers for which they are intended)",70102000|70109010,2,15,15,24.57485798763832,152.82162120075688,92485.958,4.42711596988068,8.593084315087905,Imports up; output not down,False,True,False
23141110,C23,Glass fibre threads cut into lengths of at least 3 mm but <= 50 mm (chopped strands),70191100,1,15,15,67.14193631017518,199.08992861727216,176172.235,29.12016347534176,42.36874154309308,Imports up; output not down,False,True,False
23141130,C23,Glass fibre filaments (including rovings),70191200,1,15,15,-16.607467697860912,31.773040576740176,59129.062,43.69242799798637,55.07912263390312,Output down; imports up,False,True,False
23191110,C23,"Glass in the mass (excluding glass in the form of powder, granules or flakes)",70010091|70010099,2,15,15,-95.38326944429716,769.9659409407641,38171.56199999999,1.5029172005855913,74.19538057057007,Output down; imports up,True,True,True
23191130,C23,"Unworked glass in balls or rods (excluding glass balls as toys, glass balls which have been ground after shaping, used as stoppers for bottles, glass microspheres <= 1 mm in diameter)",70021000|70022010|70022090,3,15,15,-7.08082011667448,4.153643668606266,179.886,6.360430753960421,7.075035527824588,Output down; imports up,False,False,False
23191150,C23,Unworked glass tubes (including tubes which have had fluorescent material added to them in the mass) (excluding tubes coated inside with fluorescent material),70023100|70023200|70023900,3,15,15,74.72435990044708,-2.905926706253381,-504.25500000000744,8.654758702560867,5.001771049013637,Neither expected direction,False,False,False
23191200,C23,"Paving blocks, bricks, tiles and other articles of pressed or moulded glass; leaded lights and the like; multicellular or foam glass in blocks, plates or similar forms",70169010|70169040|70169070,3,15,14,59.2685839715831,,,,8.99421133382961,Missing / zero baseline,False,False,False
23192100,C23,"Open glass envelopes for electric lamps, cathode-ray tubes or the like",70111000|70112000|70119000,3,15,15,-94.56265514104219,-86.83870725357552,-17520.489,26.776282050380274,46.953438734492956,Output down; imports not up,True,False,False
23192200,C23,"Clock or watch glasses, glasses for spectacles, not optically worked",70151000|70159000,2,15,15,-29.90469842798269,-80.39738344317318,-492.2369999999999,10.922481431933202,3.315397879237064,Output down; imports not up,False,False,False
23192330,C23,"Laboratory, hygienic or pharmaceutical glassware whether or not graduated",70171000|70172000|70179000,3,15,15,-28.88960766821963,-18.64818304439243,-1880.259,11.350210341591936,12.776037945289424,Output down; imports not up,False,False,False
23192500,C23,"Glass electrical insulators (excluding insulating fittings (other than insulators) for electrical machinery, appliances or equipment)",85461000,1,15,15,16.666666666666675,41.603771974906834,1487.069,16.567633219820507,19.42115225450023,Imports up; output not down,False,False,False
23192640,C23,"Signalling glassware and optical elements of glass, not optically worked; glass cubes and other glass smallwares, for mosaic or similar decorative purposes (excluding finished panels and other decorative motifs made from mosaic cubes)",70140000|70161000,2,15,15,-49.49613648149648,-74.79271275116703,-36253.24399999999,30.417532933797446,17.910688646939764,Output down; imports not up,False,False,False
23192670,C23,"Glass smallware (including beads, imitation pearls/stones, etc.)",70181011|70181019|70181030|70181051|70181059|70181090|70182000|70189010|70189090,9,15,15,58.089002932468794,52.227263351006535,19044.869,18.73823293948852,18.169684174292197,Imports up; output not down,False,True,False
23201100,C23,"Ceramic goods of siliceous fossil meals or earths including bricks, blocks, slabs, panels, tiles, hollow bricks, cylinder shells and pipes excluding filter plates containing kieselguhr and quartz",69010000,1,15,15,-34.46018108597132,-49.17322609838338,-20573.144,13.49582935429151,10.79314624640718,Output down; imports not up,False,False,False
23201210,C23,"Refractory ceramic constructional goods containing >50 % of MgO, CaO or Cr2O3 including bricks, blocks and tiles excluding goods of siliceous fossil meals or earths, tubing and piping",69021000,1,15,15,-50.554387553561384,54.1879487445321,31083.205,4.311073395406549,12.318414124805935,Output down; imports up,True,True,True
23201233,C23,"Refractory bricks, blocks, tiles and similar refractory ceramic constructional goods containing, by weight, >= 93% silica (excl. those of siliceous fossil meals or similar siliceous earths)",69022010,1,15,15,43.138256168095836,-57.2238023795693,-13692.912,14.621540905723212,4.868718165148933,Neither expected direction,False,False,False
23201235,C23,"Refractory bricks, blocks, tiles and similar refractory ceramic constructional goods containing, by weight, > 7 % but < 45 % alumina, but > 50 % by weight combined with silica",69022091,1,15,15,-37.717522020172886,-60.953121672261645,-30153.836,7.561229760979905,4.8779774448486615,Output down; imports not up,True,False,False
23201237,C23,"Refractory bricks, blocks..., weight > 50 % Al2O3 and/or SiO2: others",69022099,1,15,15,-28.43696913773983,5.248979734442694,2983.667,12.368289076008773,17.18948910665341,Output down; imports up,False,False,False
23201290,C23,"Refractory bricks, blocks, tiles, etc., n.e.c.",69029000,1,15,15,471.4059437531988,-49.072074576164496,-27435.451000000012,28.537252647110147,3.43680820054795,Neither expected direction,False,False,False
23201300,C23,"Refractory cements, mortars, concretes and similar compositions (including refractory plastics, ramming mixes, gunning mixes) (excluding carbonaceous pastes)",38160090,1,15,1,1.0562149907059615,,,,3.7154268078803283,Missing / zero baseline,False,False,False
23201430,C23,"Refractory ceramic goods, n.e.c., by weight > 25 % graphite or other forms of carbon",69031000|69039010,2,15,15,-82.64135500303891,-45.677305185277405,-924.579,1.5687800680637543,4.750688187134018,Output down; imports not up,True,False,False
23201455,C23,"Refractory ceramic goods, n.e.c., alumina or silica or mixture > 50 % : alumina < 45 %",69032010,1,15,15,-36.65155920102683,75.314320621945,1666.846,1.5079328795288778,4.064809202467755,Output down; imports up,True,False,False
23201459,C23,"Refractory ceramic goods, n.e.c., alumina or silica or mixture > 50 % : alumina >= 45 %",69032090,1,15,15,-12.950964059368141,28.649345892379397,5695.661,14.752772660656191,20.36711270692586,Output down; imports up,False,True,False
23201490,C23,"Refractory ceramic goods, n.e.c.",69039090,1,15,15,-40.87520828261803,-36.522792084865884,-5146.198,4.0972149852047215,4.385600106570339,Output down; imports not up,True,False,False
23321130,C23,"Non-refractory clay flooring blocks, support or filler tiles and the like (excluding of siliceous fossil meals or earths)",69049000,1,15,15,-67.47875227717668,-77.96419879858249,-121008.484,4.178147152677469,2.8696938760072603,Output down; imports not up,False,False,False
23321270,C23,"Non-refractory clay constructional products (including chimneypots, cowls, chimney liners and flue-blocks, architectural ornaments, ventilator grills, clay-lath; excluding pipes, guttering and the like)",69059000,1,15,15,-55.10915686847391,-78.89266542952811,-6686.951,3.5841195076161956,1.7178459241823543,Output down; imports not up,True,False,False
23321300,C23,"Ceramic pipes, conduits, guttering and pipe fittings: drain pipes and guttering with fittings",69060000,1,15,15,-79.8245800265844,65.92262454295108,8657.909,3.647263372558154,23.740090978071464,Output down; imports up,True,True,True
23411130,C23,"Porcelain or china tableware and kitchenware (excluding electro-thermic apparatus, coffee or spice mills with metal working parts)",69111000,1,15,15,-14.509861925549705,-36.858594866977754,-130926.978,68.44523912501357,61.56879083636806,Output down; imports not up,False,False,False
23411150,C23,"Household and toilet articles, n.e.c., of porcelain or china",69119000,1,15,15,-48.553054662379424,-64.88706640763591,-5082.467,38.63695814127992,30.057106187082816,Output down; imports not up,False,False,False
23411210,C23,"Ceramic tableware, other household articles : common pottery",69120021|69120081,2,15,7,-65.57113188488405,,,,21.86175946614736,Missing / zero baseline,False,False,False
23411230,C23,"Ceramic tableware, other household articles : stoneware",69120023|69120083,2,15,7,67.07402015448302,,,,63.100229906730796,Missing / zero baseline,False,False,False
23411250,C23,"Ceramic tableware, other household articles : earthenware or fine pottery",69120025|69120085,2,15,7,-1.7500148523007408,,,,47.161668712840616,Missing / zero baseline,False,False,False
23411290,C23,"Ceramic tableware, other household articles : others",69120029|69120089,2,15,7,44.03112880461841,,,,62.49201096491136,Missing / zero baseline,False,False,False
23441100,C23,"Ceramic wares for laboratory, chemical, technical use, of porcelain or china",69091100,1,15,15,-72.860406353984,4.934207421808634,83.651,7.2115603235377606,23.106687263337125,Output down; imports up,False,False,False
23441210,C23,"Ceramic wares for laboratory, chemical, technical use, other material than porcelain or china",69091200|69091900,2,15,15,65.70260768477792,242.92000312718477,43190.132,22.5075201684221,37.54212056248211,Imports up; output not down,False,True,False
23441230,C23,Permanent magnets and articles intended to become permanent magnets (excluding of metal),85051910|85051990,2,15,15,91.76694059060179,62.11270150588211,23629.34,86.4854123460167,84.39895453288787,Imports up; output not down,False,True,False
23491100,C23,Ceramic articles for use in agriculture and for the conveyance or packing of goods,69099000,1,15,15,140.0,133.1544745840984,1089.9,14.067539133213016,13.721347129002332,Imports up; output not down,False,False,False
23491230,C23,"Other ceramic articles of porcelain/china including non-refractory firebrick cheeks, parts of stoves/fireplaces, flower-pots, handles and knobs, signs/motifs for shops, radiator humidifiers",69141000,1,15,15,-98.7613478118305,-73.04054649852318,-4539.245,2.2664299387571165,33.54295255388964,Output down; imports not up,True,False,False
23511100,C23,Cement clinker,25231000,1,15,15,-29.97319489735829,-30.814493075832615,-2632041.034,37.06733826155669,36.785829783514664,Output down; imports not up,False,False,False
23511210,C23,Portland cement,25232100|25232900,2,15,15,-30.871565011073677,74.80830431400875,1647221.0049999994,1.0388563276248992,2.585936049882172,Output down; imports up,False,False,False
23511290,C23,Other hydraulic cements,25233000|25239000,2,15,13,-3.536853240566773,,,,1.3680899976991772,Missing / zero baseline,False,True,False
23521033,C23,Quicklime,25221000,1,15,15,-16.706407289152903,251.31086439736507,247482.646,0.4536260867057204,1.8857522764293604,Output down; imports up,False,False,False
23521035,C23,Slaked lime,25222000,1,15,15,-30.307418638335893,57.738370805492025,32725.872999999992,0.9619667484808135,2.1511203590821744,Output down; imports up,False,False,False
23521050,C23,Hydraulic lime,25223000,1,15,15,-27.94355123793022,-58.134977995826766,-4878.449,0.380995448219491,0.22171348085353457,Output down; imports not up,False,False,False
23522000,C23,"Plasters consisting of calcined gypsum or calcium sulphate (including for use in building, for use in dressing woven fabrics or surfacing paper, for use in dentistry)",25202000,1,15,13,-28.492864252289362,,,,3.297467087607892,Missing / zero baseline,False,False,False
23523030,C23,"Calcined and sintered dolomite, crude, roughly trimmed or merely cut into rectangular or square blocks or slabs",25182000,1,15,15,-26.731496426534807,142.16267817764145,82069.455,2.885946648945903,8.94349152816685,Output down; imports up,False,True,False
23611130,C23,"Building blocks and bricks of cement, concrete or artificial stone",68101110|68101190,2,15,15,-11.903545959874739,-12.391034650411159,-48938.474,0.5244134870999312,0.5215267377238189,Output down; imports not up,False,False,False
23611150,C23,"Tiles, flagstones and similar articles of cement, concrete or artificial stone (excluding building blocks and bricks)",68101900,1,15,12,-1.5497434809016997,,,,0.17197157356425638,Missing / zero baseline,False,True,False
23611200,C23,"Prefabricated structural components for building or civil engineering, of cement, concrete or artificial stone",68109100,1,15,12,-8.308205323795804,,,,0.2694357599661362,Missing / zero baseline,False,True,False
23631000,C23,Ready-mixed concrete,38245010,1,15,15,-29.826889642894294,-80.19050600368645,-279479.31,0.04526963858186605,0.012783530419381545,Output down; imports not up,False,False,False
23641000,C23,Factory made mortars,38245090,1,15,15,-16.74833857000737,51.941401454339406,30800.42,0.10274204715507618,0.18735420015924184,Output down; imports up,False,True,False
23651220,C23,"Articles of asbestos-cement, of cellulose fibre-cement or similar mixtures of fibres (asbestos, cellulose or other vegetable fibres, synthetic polymer, glass or metallic fibres, etc.) and cement or other hydraulic binders, containing asbestos",68114000,1,15,15,-99.04465190830781,-97.40156541453105,-2385.302,1.2830929263968065,3.4145116476733093,Output down; imports not up,True,False,False
23691100,C23,"Articles of plaster or compositions based on plaster, n.e.c.",68099000,1,15,15,-7.565702319011647,44.594389474412075,5352.892,1.367947680443189,2.1234802783131563,Output down; imports up,False,True,False
23701100,C23,"Worked monumental/building stone and articles thereof, in marble, travertine and alabaster (excluding tiles, cubes/similar articles, largest surface area of which is capable of being enclosed in a square the side of which is < 7 cm, setts, kerbstones, flagstones)",68022100|68029100,2,15,12,-42.87079367214235,,,,11.745311756210759,Missing / zero baseline,False,True,False
23701210,C23,"Natural stone setts, kerbstones and flagstones (excluding of slate)",68010000,1,15,15,-36.940237313119006,-63.630704870106435,-1053573.323,31.027480120007766,20.6002352804831,Output down; imports not up,False,False,False
23701230,C23,"Tiles, cubes and similar articles of natural stone, whether or not rectangular (including square), the largest surface area of which is capable of being enclosed in a square the side of which is < 7 cm; artificially coloured granules, chippings and powder of natural stone",68021000,1,15,15,-75.23809521002052,-58.9502739262145,-33498.693,1.272163891600244,2.0914631676431767,Output down; imports not up,False,False,False
23701270,C23,"Worked monumental or building stone and articles thereof (excluding of granite or slate, tiles; cubes and similar articles; of which the largest surface area is capable of being enclosed in a square the side of which is < 7 cm)",68022900|68029200|68029910|68029990,4,15,12,57.3242849987583,,,,4.060427808175823,Missing / zero baseline,False,False,False
23701280,C23,Worked slate and articles of slate or of agglomerated slate,68030010|68030090,2,15,14,14.59058351536191,-38.210530840428966,-61612.862,18.762959778673036,11.074839625057244,Neither expected direction,False,False,False
23911110,C23,"Millstones and grindstones, without frameworks, for milling, grinding or pulping",68041000,1,15,15,36.36309081851869,-52.293029441283856,-1025.904,17.422610583934183,6.873977964238801,Neither expected direction,False,False,False
23911120,C23,"Millstones, grindstones, grinding wheels and the like, without frameworks, of agglomerated synthetic or natural diamond (excluding millstones and grindstones for milling, grinding or pulping)",68042100,1,15,15,20.750036039746945,87.32555356288225,7081.361000000001,44.85816807277541,55.7919452956194,Imports up; output not down,False,True,False
23911130,C23,"Millstones, grindstones, grinding wheels and the like, without frameworks, of artificial abrasives, with binder of synthetic or artificial resin, reinforced (excluding millstones and grindstones for milling, grinding or pulping)",68042218,1,15,15,-3.911501814899776,44.618415525758024,4464.577999999998,8.61422306233264,12.424334732532024,Output down; imports up,False,True,False
23911140,C23,"Millstones, grindstones, grinding wheels and the like, without frameworks, of artificial abrasives, with binder of synthetic or artificial resin, non-reinforced (excluding millstones and grindstones for milling, grinding or pulping)",68042212,1,15,15,-76.0,-12.92693906224438,-120.897,1.0284605527980557,3.633103385262004,Output down; imports not up,True,False,False
23911150,C23,"Millstones, grindstones, grinding wheels and the like, without frameworks, of artificial abrasives, with binder of ceramics or silicates (excluding millstones and grindstones for milling, grinding or pulping)",68042230,1,15,15,-39.533390962970586,-11.199464296620166,-463.9480000000005,6.417285210436711,9.149225035922711,Output down; imports not up,False,False,False
23911190,C23,"Other millstones, grindstones, grinding wheels and the like, without frameworks; hand sharpening or polishing stones",68042250|68042290|68042300|68043000,4,15,15,-81.49618428190124,19.597920242699796,3848.463,10.933546869655348,44.24095952869446,Output down; imports up,True,False,False
23991100,C23,"Fabricated asbestos fibres; mixtures with a basis of asbestos and magnesium carbonate; articles of such mixtures, or of asbestos; friction material for brakes, clutches and the like, not mounted",68128010|68128090|68129100|68129910|68129990|68132000|68138100|68138900,8,15,15,-23.59544124355978,-27.359061696542362,-4405.752,14.093054583607918,13.492509806633267,Output down; imports not up,True,False,False
23991290,C23,Products based on bitumen (excluding in rolls),68079000,1,15,15,-84.89003791577035,-44.402597594832535,-19318.382,1.0837821615821552,3.875259616502466,Output down; imports not up,True,False,False
23991310,C23,Bituminous mixtures based on natural and artificial aggregate and bitumen or natural asphalt as a binder,27150000,1,15,15,33.95757895001075,-46.070398710983355,-74493.979,0.19818343754032877,0.07988068390370523,Neither expected direction,False,False,False
23991320,C23,Pre-coated aggregates,25173000,1,15,15,29.397269395416558,69.55309083271398,89740.94500000004,0.6479421278854229,0.8473140994372415,Imports up; output not down,False,False,False
23991400,C23,"Artificial graphite, colloidal, semi-colloidal graphite, and preparations",38011000|38012010|38012090|38013000|38019000,5,15,15,-19.57974152573796,52.556891158091055,64356.885,42.874587496324644,58.74179985283226,Output down; imports up,False,False,False
23991500,C23,Artificial corundum (excluding mechanical mixtures),28181011|28181019|28181091|28181099,4,15,15,-32.08420528581198,-0.7952134864876448,-1951.935,37.12743758257221,46.310817479369945,Output down; imports not up,False,False,False
23991910,C23,"Slag wool, rock wool and similar mineral wools and mixtures thereof, in bulk, sheets or rolls",68061000,1,15,15,13.697335445359471,147.0230887426825,152569.054,4.179143136486655,8.655585545373015,Imports up; output not down,False,True,False
23991920,C23,"Exfoliated vermiculite, expanded clays, foamed slag and similar expanded mineral materials and mixtures thereof",68062010|68062090,2,15,15,-31.075434051807893,-1.7887448440434106,-1806.154,3.362753052008138,4.7241168494548065,Output down; imports not up,False,False,False
23991930,C23,Mixtures and articles of heat/sound-insulating materials n.e.c.,68069000,1,15,15,7.689172995093263,-16.603171196120126,-9467.882,3.696214844466889,2.886496058820212,Neither expected direction,False,False,False
23991950,C23,Worked mica and articles of mica,68141000|68149000,2,15,15,-73.58122397643768,47.077826500384305,2334.87,28.93798906486681,69.3915556043039,Output down; imports up,True,True,True
23991970,C23,Non-electrical articles of graphite or other carbon,68151100|68151200|68151300|68151900,4,15,1,64.79346082426052,,,,18.672202237940315,Missing / zero baseline,False,False,False
23991980,C23,"Articles of peat (including sheets, cylinder shells and plant pots) (excluding textile articles of peat fibre)",68152000,1,15,15,21.802362879469307,-52.0617253223157,-1045.868,0.6876934116325006,0.2717918919744466,Neither expected direction,False,False,False
24101100,C24,"Pig iron and spiegeleisen in pigs, blocks or other primary forms",72011011|72011019|72011030|72011090|72012000|72015010|72015090,7,15,15,-94.97345135122181,-47.86194993515044,-2242682.21,13.571097732103583,61.95837048789545,Output down; imports not up,False,False,False
24101245,C24,Ferro-silico-manganese,72023000,1,15,15,-38.980349779268565,-3.5838215159564535,-26371.06,71.99942266318241,80.2486966368186,Output down; imports not up,False,False,False
24101260,C24,Ferro-chromium,72024110|72024190|72024910|72024950|72024990,5,15,15,102.75061875931817,-68.00318003804882,-1211465.151,86.37005346632445,50.000786654289975,Neither expected direction,False,False,False
24101275,C24,Ferro-molybdenum,72027000,1,15,15,75.0,-15.685304514085207,-5451.357,89.67863128329448,80.71794952030804,Neither expected direction,False,False,False
24101300,C24,"Ferrous products obtained by direct reduction of iron ore and other spongy ferrous products, in lumps, pellets or similar forms; iron having a minimum purity by weight of 99,94  %, in lumps, pellets or similar forms",72031000|72039000,2,15,15,-87.25,96.38233171255774,1442049.99,78.90491956788627,98.29387312208162,Output down; imports up,False,True,False
24101410,C24,"Granules and powders, of pig iron, spiegeleisen, iron or steel",72051000|72052100|72052900,3,15,15,-10.112720607900382,-52.50383774405143,-119648.808,12.015223146930413,6.730166220367921,Output down; imports not up,False,False,False
24101420,C24,"Remelting scrap ingots of iron or steel (excluding products whose chemical composition conforms to the definitions of pig iron, spiegeleisen, or ferro-alloys)",72045000,1,15,15,-85.62774323175108,-70.4941110290757,-6015.192,0.15306164939655287,0.31372616141698895,Output down; imports not up,True,False,False
24102110,C24,Flat semi-finished products (of non-alloy steel),72071210|72071290|72072032|72072039,4,15,15,-28.891113414945835,-18.760293036120235,-1231829.544,48.135671759746174,51.46418364797996,Output down; imports not up,False,False,False
24102210,C24,Flat semi-finished products (slabs) (of stainless steel),72189110|72189180,2,15,15,72.42970356593557,405.49176413382304,140097.81,17.543900182555053,38.41388163425188,Imports up; output not down,False,True,False
24102310,C24,Flat semi-finished products (of alloy steel other than of stainless steel),72249014,1,15,15,-38.9193980896376,130.99488996067882,61164.658,4.537643832065076,15.237124046589644,Output down; imports up,True,False,False
24103110,C24,"Flat-rolled products of iron or non-alloy steel, of a width >= 600 mm, simply hot-rolled, not clad, plated or coated, in coils",72081000|72082500|72082600|72082700|72083600|72083700|72083800|72083900,8,15,15,-23.48165297311383,6.552267046129878,463044.28000000096,21.498463066005197,27.607171524893722,Output down; imports up,False,True,False
24103230,C24,"Flat-rolled products of iron or non-alloy steel, of a width < 600 mm, simply hot-rolled, not clad, plated or coated (excluding ‘wide flats’)",72111400|72111900,2,15,15,8.176322810851499,-67.50867594812455,-67890.744,3.4993872774193324,1.0774384903551872,Neither expected direction,False,False,False
24103330,C24,"Plates and sheets produced by cutting from hot-rolled wide strip of a width of 600 mm or more, of stainless steel",72192210|72192290|72192300|72192400,4,15,15,54.24912595947353,110.58049137381457,21125.150000000005,5.1493376398670865,6.9001037553630304,Imports up; output not down,False,True,False
24103510,C24,"Flat-rolled products, of tool steel or alloy steel other than stainless steel, of a width >= 600 mm, not further worked than hot-rolled, in coils (excluding products of high-speed or silicon-electrical steel)",72253010|72253090,2,15,14,2.2083389015323807,73.26381639978223,60339.433,1.688902129090105,2.829805302791735,Imports up; output not down,False,False,False
24103540,C24,"Flat-rolled products of alloy steel other than stainless, of a width >= 600 mm, not further worked than hot-rolled, not in coils, of a thickness of < 4,75 mm (excluding products of tool steel, high-speed steel or silicon-electrical steel)",72254090,1,15,15,17.51002614822086,178.79335551470362,4323.125,0.8801003951682423,2.0631229493127385,Imports up; output not down,False,False,False
24103600,C24,"Flat-rolled products of alloy steel other than stainless, of a width of < 600 mm, not further worked than hot-rolled (excluding products of high-speed steel or silicon-electrical steel)",72269120|72269191|72269199,3,15,15,72.3332505445736,-78.55383792618423,-57578.942,22.984587510273478,3.5809830996910157,Neither expected direction,False,False,False
24105430,C24,"Flat-rolled products of silicon-electrical steel, of a width < 600 mm, non-grain-oriented",72261910|72261980,2,15,15,107.76350163471378,-36.775917371256114,-17450.467,25.48601891458256,9.427054260686166,Neither expected direction,False,False,False
24105500,C24,"Flat rolled products of high speed steel, of a width < 600 mm",72262000,1,15,15,18.654704822196422,74.17536746071971,439.044,5.5290478650766595,7.911506641422141,Imports up; output not down,False,False,False
24106450,C24,"Forged bars, of stainless steel",72223051|72223091,2,15,15,132.62930400768448,-20.395213968626802,-650.188,4.065481208653598,1.4294176389161977,Neither expected direction,False,False,False
24106470,C24,"Bars and rods of stainless steel, cold-formed or cold-finished and further worked, or hot-formed and further worked, n.e.s. (excluding forged products)",72223097,1,15,15,288.88888888888886,538.1058675345886,22860.400000000005,10.55524842049886,16.22220000514755,Imports up; output not down,False,True,False
24106510,C24,"Bars and rods of high-speed steel, hot-rolled, in irregularly wound coils",72271000,1,15,15,1068.0876,-41.74423963133641,-18.117,0.8605305944402586,0.04327082974960852,Neither expected direction,False,False,False
24106550,C24,"Hot-rolled wire rod, of bearing steel",72279050,1,15,15,62.54072817360316,2576.460726846424,2197.721,0.06051435069804332,0.9872138133802789,Imports up; output not down,False,False,False
24106610,C24,Hot-rolled bars of high speed steel,72281020|72281050,2,15,15,13.189927982908323,-70.34419384461607,-3428.697,2.2471234837730494,0.5986755394773913,Neither expected direction,False,False,False
24106660,C24,"Bars and rods, of alloy steel, cold-formed or cold-finished (e.g. by cold-drawing), painted, coated, clad or further worked (excluding stainless steel)",72286080,1,15,15,1514.0107874611904,-80.7124389331219,-31277.669,70.3191084958216,2.753229926225948,Neither expected direction,False,False,False
24201110,C24,"Line pipe, of a kind used for oil or gas pipelines, seamless, of stainless steel",73041100,1,15,15,-81.22129280587862,-63.74247065186467,-4505.6410000000005,2.3154282754029545,4.3762646452446505,Output down; imports not up,True,False,False
24201150,C24,"Line pipe, of a kind used for oil or gas pipelines, seamless, of steel other than stainless steel",73041910|73041930|73041990,3,15,15,-10.733264549166776,-72.17002673355157,-133236.57,9.506864821008282,3.1713819778501735,Output down; imports not up,False,False,False
24201210,C24,"Casing, tubing and drill pipe, of a kind used in the drilling for oil or gas, seamless, of stainless steel",73042200|73042400,2,15,15,-65.38379950739763,-74.56434417479986,-5287.896,14.064170272453806,10.73461484307205,Output down; imports not up,False,False,False
24201250,C24,"Casing, tubing and drill pipe, of a kind used in the drilling for oil or gas, seamless, of steel other than stainless steel",73042300|73042910|73042930|73042990,4,15,15,-15.192806237576084,-40.00684140320077,-49784.266999999985,15.09823198100325,11.174224730494677,Output down; imports not up,False,False,False
24201310,C24,"Tubes and pipes, of circular cross-section, seamless, of stainless steel (excluding line pipe of a kind used for oil or gas pipelines and casing, tubing and drill pipe used for oil or gas drilling)",73044100|73044983|73044985|73044989,4,15,1,50.314650867102294,,,,4.406355364111732,Missing / zero baseline,False,False,False
24201330,C24,"Precision tubes and pipes, of circular cross-section, cold-drawn or cold-rolled, seamless, of steel other than stainless steel",73043120|73045181,2,15,15,3.520343691129768,-53.86794499769844,-23111.202,6.892122778373492,3.193366704935458,Neither expected direction,False,False,False
24201350,C24,"Tubes and pipes, of circular cross-section, cold-drawn or cold-rolled, seamless, of steel other than stainless steel (excluding precision tubes and pipes)",73043180|73045110|73045189,3,15,1,-19.803377075366967,,,,11.228993639614067,Missing / zero baseline,True,False,False
24201370,C24,"Tubes and pipes, of circular cross-section, hot-finished, seamless, of steel other than stainless steel (excluding line pipe of a kind used for oil or gas pipelines and casing, tubing and drill-pipe used for oil or gas drilling)",73043950|73043982|73043983|73043988|73045930|73045982|73045983|73045989,8,15,1,-13.475331824794335,,,,11.082275949446265,Missing / zero baseline,False,False,False
24201400,C24,"Tubes and pipes, of non-circular cross-section, seamless, and hollow profiles, seamless, of steel",73049000,1,15,15,1053.9202710327934,-74.10541435413774,-21751.335999999996,89.43747562528245,15.96735575465737,Neither expected direction,False,False,False
24202110,C24,"Line pipe, of a kind used for oil or gas pipelines, longitudinally welded, of an external diameter > 406,4 mm, of steel",73051100|73051200,2,15,15,-63.63636363636363,19.739478768016628,5520.239,1.2552023500274392,4.017551043472354,Output down; imports up,False,False,False
24202150,C24,"Line pipe, of a kind used for oil or gas pipelines, other than longitudinally welded, of an external diameter > 406,4 mm, of steel",73051900,1,15,15,-59.02214069248339,-68.08205949485453,-25756.881,12.938097732908085,10.374334838512413,Output down; imports not up,True,False,False
24202200,C24,"Casing, of a kind used in drilling for oil or gas, welded, of an external diameter > 406,4 mm, of steel",73052000,1,15,15,-41.787647781273066,-96.04273674430951,-15919.948,39.14615061199174,4.18979312149143,Output down; imports not up,False,False,False
24202300,C24,"Tubes and pipes, welded, of an external diameter > 406,4 mm, of steel (excluding line pipe of a kind used for oil or gas pipelines and casing used for oil or gas drilling)",73053100|73053900,2,15,15,20.786824215685563,-52.45980757942461,-82543.551,19.196291061304418,8.55081017580741,Neither expected direction,False,False,False
24202400,C24,"Tubes and pipes, riveted or similarly closed, of an external diameter > 406,4 mm, of steel (excluding line pipe for oil and gas pipelines, casing used for oil or gas drilling and welded tubes and pipes)",73059000,1,15,15,699.434170222829,-80.28818200410205,-36561.32,77.97376310625963,8.028007285395073,Neither expected direction,False,False,False
24203110,C24,"Line pipe, of a kind used for oil or gas pipelines, longitudinally or spirally welded, of an external diameter <= 406,4 mm, of stainless steel",73061100,1,15,1,-83.76125104077975,,,,1.47432799480773,Missing / zero baseline,False,False,False
24203150,C24,"Line pipe, of a kind used for oil or gas pipelines, longitudinally or spirally welded, of an external diameter <= 406,4 mm, of steel other than stainless steel",73061900,1,15,1,-96.25283993333333,,,,34.94281668093077,Missing / zero baseline,True,False,False
24203210,C24,"Casing and tubing, of a kind used in drilling for oil or gas, welded, of an external diameter <= 406,4 mm, of stainless steel",73062100,1,15,15,883.8071428571428,-97.67379807885213,-486.8570000000001,64.03117982868565,0.419158754344773,Neither expected direction,False,False,False
24203250,C24,"Casing and tubing, of a kind used in drilling for oil or gas, welded, of an external diameter <= 406,4 mm, of steel other than stainless steel",73062900,1,15,15,-22.850667823906644,123.67323260057042,279.26900000000006,1.0771000474509382,3.060154627535606,Output down; imports up,False,False,False
24203310,C24,"Tubes and pipes, of circular cross-section, welded, of an external diameter <= 406,4 mm, of stainless steel (excluding line pipe of a kind used for oil or gas pipelines, and casing and tubing used for oil or gas drilling)",73064020|73064080,2,15,15,-4.317243275165605,81.40697778121219,23513.611,1.7407650418066039,3.249672032668294,Output down; imports up,False,True,False
24203340,C24,"Precision tubes and pipes, of circular cross-section, welded, of an external diameter <= 406,4 mm, of steel other than stainless steel",73063012|73063018|73065021|73065029,4,15,1,-8.091107081723681,,,,11.087070678417783,Missing / zero baseline,False,False,False
24203370,C24,"Tubes and pipes, of circular cross-section, hot- or cold-formed and welded, of an external diameter <= 406,4 mm, of steel other than stainless steel",73063041|73063049|73063072|73063077|73063080|73065080,6,15,15,35.04245558910923,-10.886343189649306,-52362.674,24.515378713124665,17.6490950174735,Neither expected direction,False,True,False
24203410,C24,"Tubes and pipes, of non-circular cross-section, hot- or cold-formed and welded, of stainless steel",73066110|73066910,2,15,15,-52.96697484580575,2.2926352936386563,434.7289999999963,2.9343322392479827,6.169222147392332,Output down; imports up,False,False,False
24203430,C24,"Tubes and pipes, of square or rectangular cross-section, of a wall thickness <= 2 mm, hot- or cold-formed and welded, of steel other than stainless steel",73066192,1,15,15,20.22363064700272,-13.603560475342945,-34456.76400000003,21.99446490655609,16.84859136235963,Neither expected direction,False,False,False
24203450,C24,"Tubes and pipes, of square or rectangular cross-section, of a wall thickness > 2 mm, hot- or cold-formed and welded, of steel other than stainless steel",73066199,1,15,15,15.838393310734977,-15.980761331144599,-108985.568,28.31527012278929,22.2695505310137,Neither expected direction,False,True,False
24203470,C24,"Tubes and pipes, of other non-circular cross-section than square or rectangular, hot- or cold-formed and welded, of steel other than stainless steel",73066990,1,15,15,18.844073926854964,-18.159234721316363,-5237.067000000004,14.643046988433348,10.565494173374637,Neither expected direction,False,False,False
24203500,C24,"Tubes and pipes, open seam, riveted or similarly closed, of steel (excluding line pipe for oil and gas pipelines, casing and tubing used for oil or gas drilling and other welded tubes and pipes)",73069000,1,15,15,545.8333333333333,-56.26748517006976,-19758.593,19.6049350778586,1.624453086568168,Neither expected direction,False,False,False
24204010,C24,"Flanges, of steel (excluding cast fittings)",73072100|73079100,2,15,15,52.69269919209676,4.249236704000969,6162.69199999997,29.86725476914957,22.52603932223353,Imports up; output not down,False,False,False
24204030,C24,"Elbows, bends, couplings, sleeves and other threaded tube or pipe fittings, of steel (excluding cast fittings)",73072210|73072290|73072910|73079210|73079290|73079910,6,15,15,51.97255829844776,21.402584944579118,8177.569000000008,24.187567985414553,20.31031443785366,Imports up; output not down,False,False,False
24204050,C24,"Elbows, bends, couplings and sleeves and other socket welding tube or pipe fittings, of steel (excluding cast fittings)",73072980|73079980,2,15,11,8.145503904747908,,,,8.282345305334886,Missing / zero baseline,False,True,False
24204073,C24,"Butt welding elbows and bends, for tubes or pipes, of steel (excluding cast fittings)",73072310|73079311|73079391,3,15,15,-57.01211871361345,-5.303924361189405,-1517.3949999999963,17.01057105423968,31.106951910218218,Output down; imports not up,False,False,False
24204075,C24,"Butt welding tube or pipe fittings, other than elbows and bends, of steel (excluding cast fittings)",73072390|73079319|73079399,3,15,15,-19.91454159248489,-25.04682353257519,-3260.201,16.970921609079763,16.057982800247757,Output down; imports not up,False,False,False
24311010,C24,"Bars and rods, of non-alloy free-cutting steel, not further worked than cold-formed or cold-finished (e.g. by cold-drawing)",72151000,1,15,15,-38.90492880181144,-60.67140092318431,-70753.835,10.160160206468971,6.786017159821284,Output down; imports not up,False,False,False
24311020,C24,"Other bars and rods of iron or non-alloy steel, not further worked than cold-formed or cold-finished (e.g. by cold-drawing), containing by weight < 0,25 % of carbon, of square or other than rectangular cross-section (excluding those of free-cutting steel)",72155019,1,15,15,-39.223270971952395,-84.20599269512168,-282817.425,31.206021290707568,10.545022164548103,Output down; imports not up,False,False,False
24311030,C24,"Other bars and rods of iron or non-alloy steel, not further worked than cold-formed or cold-finished (e.g. by cold-drawing), containing by weight < 0,25 % of carbon of rectangular ‘other than square’ cross-section (excluding those of free-cutting steel)",72155011,1,15,15,63.88333333333334,-48.699625551162384,-1432.836,1.6082626888403233,0.5090584429770514,Neither expected direction,False,False,False
24311040,C24,"Other bars and rods of iron or non-alloy steel, cold-formed or cold-finished and further worked, or hot-formed and further worked, n.e.c. (excluding hot-rolled, hot-drawn or hot-extruded, not further worked than clad, and forged products)",72159000,1,15,15,-41.10078675622816,-79.23901182515448,-29224.239,8.629612311915375,3.22182375140605,Output down; imports not up,False,False,False
24311050,C24,"Other bars and rods of iron or non-alloy steel, not further worked than cold-formed or cold-finished (e.g. by cold-drawing), containing by weight >= 0,25  % of carbon (excluding those of free-cutting steel)",72155080,1,15,15,-25.40842473590518,-57.7688489375056,-76196.779,26.491546722418086,16.946211369853746,Output down; imports not up,False,False,False
24311060,C24,"Angles, shapes and sections, of iron or non-alloy steel, not further worked than cold-formed or cold-finished (e.g. by cold-drawing) (excluding profiled sheet)",72166900,1,15,15,456.7528980530165,157.3145290496169,10608.392,3.6752428025608563,1.7328395128896854,Imports up; output not down,False,False,False
24312010,C24,"Bars and rods, of high-speed steel, not further worked than cold-formed or cold-finished, even further worked, or hot-formed and further worked (excluding forged, semi-finished or flat-rolled products, hot-rolled bars and rods in irregularly wound coils); bars and rods, of silico-manganese steel, only cold-formed or cold-finished or hot-rolled, including further worked (excluding hot-rolled, hot-drawn or extruded, just clad, semi-finished products, flat-rolled products, hot-rolled bars and rods in irregularly wound coils)",72281090|72282099,2,15,15,-76.1126424460638,19.114977690881773,813.811,4.560581052963538,19.242930325839414,Output down; imports up,True,False,False
24312020,C24,"Bars/rods, 0,9 % to 1,15 % of carbon, 0,5 % to 2 % of chromium and, if present <= 0,5 % of molybdenum, only cold-formed or cold-finished (e.g. by cold-drawing) (excluding semi-finished or flat-rolled products; hot-rolled bars or rods in irregularly wound coils)",72285040,1,15,15,-12.901642372358069,-69.55123190058498,-56416.134,46.89656816759852,23.590020497550075,Output down; imports not up,False,False,False
24312030,C24,"Bars and rods of tool steel, only cold-formed or cold-finished (e.g. by cold-drawing) (excluding semi-finished products, flat-rolled products and hot-rolled bars and rods in irregularly wound coils)",72285020,1,15,15,29.606889150099658,27.83691765193943,6710.089,55.195548635281185,54.85525845902046,Imports up; output not down,False,True,False
24312040,C24,"Bars and rods, of alloy steel, not further worked than cold-formed or cold-finished (e.g. by cold-drawing) (excluding stainless steel, high-speed steel, silico-manganese steel, alloy bearing steel, tool steel)",72285061|72285069|72285080,3,15,15,-15.234169336903358,-67.43388515399427,-170066.176,32.206127871897216,15.43431537470897,Output down; imports not up,False,False,False
24312050,C24,"Sections, of alloy steel other than stainless, cold-finished or cold-formed (e.g. by cold-drawing)",72287090,1,15,15,15.670811665941153,-12.231013440961902,-420.32,4.229888119077066,3.2426505536294274,Neither expected direction,False,False,False
24313000,C24,Cold-drawn bars and solid profiles of stainless steel,72222011|72222019|72222021|72222029|72222031|72222039|72222081|72222089,8,15,15,52.925602047509116,83.77710000879716,57548.47299999998,21.219794849001712,24.453865370279495,Imports up; output not down,False,True,False
24321025,C24,"Flat-rolled products of iron or non-alloy steel, of a width of < 600 mm, simply cold-rolled ‘cold-reduced’, not clad, plated or coated, containing by weight < 0,25 % of carbon ‘electrical’",72112320,1,15,15,-53.86593199103221,-98.22905348746129,-40882.048,7.522954817370991,0.31130358254818563,Output down; imports not up,False,False,False
24321050,C24,"Flat-rolled products of alloy steel other than stainless, of a width of < 600 mm, hot-rolled or cold-rolled ‘cold-reduced’ and further worked (excluding plated or coated with zinc, and products of high-speed steel or silicon-electrical steel)",72269970,1,15,15,-99.33333333333333,15.314812752188555,327.246,0.007122139381843391,1.2170259963201366,Output down; imports up,True,False,False
24322010,C24,"Clad, cold-rolled narrow strip of non-alloy steel (excluding insulated electric strip), of a width of < 600 mm",72126000,1,15,15,37.09710588009487,24.674623473032465,1541.005,7.886847552410674,7.223837743844051,Imports up; output not down,False,False,False
24331110,C24,"Cold-formed sections, obtained from flat products, of non-alloy steel, not coated",72166110|72166190,2,15,15,-48.23594003508991,204.64563805416347,40169.571,0.6651989371378638,3.7916607320793987,Output down; imports up,True,True,True
24331130,C24,"Cold-formed sections, obtained from flat products, of non-alloy steel, coated with zinc",72169180,1,15,15,24.0100159437699,51.39928685614015,6659.802,0.6847367338589863,0.8347076456597009,Imports up; output not down,False,False,False
24331200,C24,"Cold-formed sections, obtained from flat products, of stainless steel",72224050,1,15,15,77.34010240504215,163.8463406128907,2010.991,0.6009798874227946,0.8915234185552899,Imports up; output not down,False,True,False
24332000,C24,"Cold-profiled (ribbed) sheets, of non-alloy steel",72169110,1,15,15,26.417992795561183,569.553490671633,27625.127000000004,0.9204889409014871,4.689760549486059,Imports up; output not down,False,True,False
24333000,C24,"Structures, solely or principally of iron or steel sheet comprising two walls of profiled (ribbed) sheet with an insulating core (excluding prefabricated buildings)",73089051,1,15,15,19.18751252976747,88.80487312983605,43526.896,2.301380360184127,3.5972597398245294,Imports up; output not down,False,True,False
24341130,C24,"Iron or non-alloy steel wire containing < 0,25 % of carbon including crimping wire excluding stranded wire, barbed wire used for fencing - duplex wire - saw-tooth wire, insulated electric wire",72171010|72171031|72171039|72172010|72172030|72173041|72173049|72179020,8,15,15,-7.87793923919784,-35.17007441132366,-204140.288,12.335561910116288,9.010306502192266,Output down; imports not up,False,False,False
24341150,C24,"Iron or non-alloy steel wire containing 0,25-0,6 % of carbon including crimped wire excluding stranded wire, barbed wire used for fencing, duplex wire, saw-tooth wire, insulated electric wire",72171050|72172050|72173050|72179050,4,15,15,-6.664928836778694,-54.380648364858544,-18458.97,4.78805188039644,2.3989766083422834,Output down; imports not up,False,False,False
24341170,C24,"Iron or non-alloy steel wire containing >= 0,6 % of carbon including crimping wire excluding stranded wire, barbed wire used for fencing, duplex wire, saw-tooth wire, insulated electric wire",72171090|72172090|72173090|72179090,4,15,15,-1.2947305896667927,-12.43696579616147,-23187.633,15.39455394335858,13.898280674641445,Output down; imports not up,False,False,False
24341200,C24,Stainless steel wire (excluding very fine sterile stainless wire used for surgical sutures),72230011|72230019|72230091|72230099,4,15,15,-11.095015467337287,106.36681189763726,59019.77099999999,25.516236059678878,44.295466624265195,Output down; imports up,False,True,False
24341300,C24,"Alloy steel wire (excluding stranded wire, barbed wire of a kind used for fencing, duplex wire, saw-tooth wire, insulated electric wire, of stainless steel)",72292000|72299020|72299050|72299090,4,15,15,38.30878199736934,327.11799573417534,321775.871,19.546018627115888,42.865467183672564,Imports up; output not down,False,True,False
24411030,C24,"Silver, unwrought or in powder form (including plated with gold or platinum)",71061000|71069100,2,15,12,15.856166959402707,,,,34.60588210748426,Missing / zero baseline,False,True,False
24411050,C24,"Silver, in semi-manufactured forms (including plated with gold or platinum) (excluding unwrought or in powder form)",71069200,1,15,12,-13.78933424481218,,,,16.719849898789143,Missing / zero baseline,False,True,False
24412050,C24,"Gold, in semi-manufactured forms for non-monetary use (including plated with platinum) (excluding unwrought or in powder form)",71081310|71081380,2,15,15,12.736490473673667,80.43046357615896,60.725,27.923559717583707,38.27329761439846,Imports up; output not down,False,True,False
24413070,C24,Platinum catalysts in the form of wire cloth or grill,71151000,1,15,15,199900.0,-77.43220263134342,-17.303,98.2414490459861,0.6264261660557262,Neither expected direction,False,False,False
24414000,C24,"Base metals or silver, clad with gold, semi-manufactured but not further worked",71090000,1,15,15,-53.77604166666667,112.88832487309644,22.239,0.8477858587597367,3.7887363260306124,Output down; imports up,False,False,False
24415030,C24,"Base metals clad with silver, semi-manufactured but not further worked",71070000,1,15,15,-56.98924731182795,-26.833976833976834,-20.85,29.465301478953357,41.54183412495433,Output down; imports not up,False,False,False
24415050,C24,"Base metals, silver or gold, clad with platinum, semi-manufactured but not further worked",71110000,1,15,15,-72.2,-75.28301886792454,-11.97,34.64052287581699,32.029339853300726,Output down; imports not up,False,False,False
24421130,C24,Unwrought non-alloy aluminium (excluding powders and flakes),76011000,1,15,15,-24.600749975395765,21.374350984431434,533951.372,77.71858177597178,84.88261068787213,Output down; imports up,False,False,False
24421200,C24,Aluminium oxide (excluding artificial corundum),28182000,1,15,15,-46.714691460088645,-52.16665412469382,-891206.534,27.499400220697883,25.400436678304015,Output down; imports not up,False,False,False
24422100,C24,"Aluminium powders and flakes (excluding prepared powders or flakes for use as colours, paints or the like)",76031000|76032000,2,15,15,-93.75,-12.610933141975622,-3555.215,1.7314627597896912,19.76656241802399,Output down; imports not up,False,False,False
24422230,C24,"Aluminium bars, rods and profiles (excluding rods and profiles prepared for use in structures)",76041010|76041090,2,15,15,147.78818739236849,-55.649113745587975,-24323.926000000003,16.116758517658553,3.324605738176511,Neither expected direction,False,False,False
24422250,C24,"Aluminium alloy bars, rods, profiles and hollow profiles (excluding rods and profiles prepared for use in structures)",76042100|76042910|76042990,3,15,15,38.865073377246674,86.4208925845297,247515.68200000006,9.623516335125903,12.507001541401303,Imports up; output not down,False,True,False
24422330,C24,"Non-alloy aluminium wire (excluding insulated electric wire and cable, twine and cordage reinforced with aluminium wire, stranded wire and cables)",76051100|76051900,2,15,15,-54.28350874801823,17.929731459300903,50366.99099999994,68.15686868153875,84.66572189964339,Output down; imports up,False,False,False
24422350,C24,"Aluminium alloy wire (excluding insulated electric wire and cable, twine and cordage reinforced with aluminium wire, stranded wire and cables)",76052100|76052900,2,15,15,21.167425119212837,-30.484788955448128,-7957.667,13.655107003469968,8.318308728771328,Neither expected direction,False,False,False
24422430,C24,"Aluminium plates, sheets and strips > 0,2 mm thick",76061130|76061150|76061191|76061193|76061199|76069100,6,15,1,-61.579785237812665,,,,31.660344783469817,Missing / zero baseline,True,False,False
24422450,C24,"Aluminium alloy plates, sheets and strips > 0,2 mm thick",76061211|76061219|76061230|76061250|76061292|76061293|76061299|76069200,8,15,1,50.65249569432908,,,,16.83210807686451,Missing / zero baseline,False,False,False
24422500,C24,"Aluminium foil of a thickness (excluding any backing) <= 0,2 mm",76071111|76071119|76071190|76071910|76071990|76072010|76072091|76072099,8,15,1,30.007298200438747,,,,24.00842723463046,Missing / zero baseline,False,False,False
24422630,C24,"Aluminium tubes and pipes (excluding hollow profiles, tube or pipe fittings, flexible tubing, tubes and pipes prepared for use in structures, machinery or vehicle parts, or the like)",76081000,1,15,15,-95.16791875,-1.079211205440067,-42.09499999999954,0.9657164751359302,16.64069639040618,Output down; imports not up,False,False,False
24422650,C24,"Aluminium alloy tubes and pipes (excluding hollow profiles, tubes or pipe fittings, flexible tubing, tubes and pipes prepared for use in structures, machinery or vehicle parts, or the like)",76082020|76082081|76082089,3,15,15,8.786120850854907,-3.081793306804048,-1102.676,18.14248166090193,16.489613973439116,Neither expected direction,False,False,False
24422670,C24,"Aluminium tube or pipe fittings (including couplings, elbows and sleeves) (excluding fittings with taps, cocks and valves, tube supports, bolts and nuts, clamps)",76090000,1,15,15,5786.123905999672,73.36461475581292,4264.867,23.048682942711896,0.8744734384826041,Imports up; output not down,False,True,False
24431130,C24,Refined unwrought lead (excluding lead powders or flakes),78011000,1,15,15,9.236223293246738,12.7853341233773,21381.715,15.189592089266776,15.606087401754667,Imports up; output not down,False,False,False
24431150,C24,Unwrought lead containing antimony (excluding lead powders or flakes),78019100,1,15,15,-39.95056982177607,-22.84189293108547,-7722.844,9.163948825831856,11.475241484273207,Output down; imports not up,False,False,False
24431190,C24,"Unwrought lead (excluding lead powders or flakes, unwrought lead containing antimony, refined)",78019910|78019990,2,15,12,-23.05462383339999,,,,22.647460109395738,Missing / zero baseline,False,True,False
24431230,C24,"Unwrought non-alloy zinc (excluding zinc dust, powders and flakes)",79011100|79011210|79011230|79011290,4,15,15,11.463010834015908,-9.588591660697643,-37805.77800000006,20.081313373403404,16.930760753472033,Neither expected direction,False,False,False
24431250,C24,"Unwrought zinc alloys (excluding zinc dust, powders and flakes)",79012000,1,15,15,32.604061495662975,8.06374109674357,2983.376,5.26431058961475,4.332279644085568,Imports up; output not down,False,False,False
24431330,C24,Unwrought non-alloy tin (excluding tin powders and flakes),80011000,1,15,15,12.255741666666676,-39.441626166072616,-22394.075000000008,82.55250155835242,71.85066771941595,Neither expected direction,False,False,False
24431350,C24,Unwrought tin alloys (excluding tin powders and flakes),80012000,1,15,15,38.39824414308974,-35.3983277738764,-1613.031,34.27898693136191,19.57957543706485,Neither expected direction,False,False,False
24432100,C24,"Lead plates, sheets, strip and foil; lead powders and flakes (excluding lead powders or flakes prepared as colours; paints or the like, insulated electric strip)",78041100|78041900|78042000,3,15,15,-48.18849037962715,-0.5566507385076247,-63.677999999998136,7.078448253650248,12.75579917463585,Output down; imports not up,False,False,False
24432200,C24,"Zinc dust, powders and flakes (excluding zinc dust powders or flakes prepared as colours, paints or the like, zinc pellets)",79031000|79039000,2,15,15,29.605086666666658,15.83592813344319,1809.8290000000018,5.16131369572785,4.638413170353409,Imports up; output not down,False,False,False
24432300,C24,"Zinc bars, rods, profiles, wire, plates, sheets, strip and foil",79040000|79050000,2,15,15,-11.203642756186216,-26.6200819965865,-4746.753000000003,5.956242339967739,4.973576933796927,Output down; imports not up,False,False,False
24432400,C24,"Tin bars, rods, profiles and wires",80030000,1,15,15,-39.333297691430516,-76.34570992605344,-1463.49,18.78776076021175,8.273825327008927,Output down; imports not up,True,False,False
24441100,C24,Copper mattes; cement copper (precipitated copper) (excluding copper powder),74010000,1,15,15,84.40921171221261,-55.197804433345965,-21706.371,59.189793094234645,26.05555218615355,Neither expected direction,False,False,False
24441200,C24,"Unrefined copper, copper anodes for electrolytic refining (including blister copper) (excluding electrocopper-plating, electroplating anodes)",74020000,1,15,15,0.3590759085490891,-20.78146648027207,-24367.05,16.396672739086522,13.40575669812317,Neither expected direction,False,False,False
24441330,C24,"Unwrought unalloyed refined copper (excluding rolled, extruded or forged sintered products)",74031100|74031200|74031300|74031900,4,15,15,4.710708239203165,-47.26894311927524,-754581.5549999999,47.27800028533397,31.109939646739388,Neither expected direction,False,False,False
24441370,C24,"Unwrought copper alloys (excluding rolled, extruded or forged sintered products); master alloys of copper (including alloys which are not usefully malleable) (excluding copper phosphide (phosphor copper) containing > 15 % by weight of phosphorous)",74032100|74032200|74032900|74050000,4,15,15,-40.74526839633433,-37.21528828046045,-15712.061,5.942034885856689,6.273811200393642,Output down; imports not up,True,False,False
24442100,C24,"Copper powders and flakes excluding cement copper, powders/flake powders used in the preparation of paints such as bronzes/golds, (chemical compounds), refined copper shot",74061000|74062000,2,15,15,-46.94662578550495,-14.136676502937927,-1864.4300000000019,25.917690093246176,36.15154456437029,Output down; imports not up,False,False,False
24442200,C24,"Copper and copper alloy bars, rods, profiles and hollow profiles (excluding bars and rods obtained by casting or sintering, copper wire rod in coils)",74071000|74072110|74072190|74072900,4,15,12,18.75925061300783,,,,2.3462169860792215,Missing / zero baseline,False,False,False
24442330,C24,"Copper wire, refined (transv. section > 6 mm), of copper alloy",74081100|74082100|74082200|74082900,4,15,15,-15.108864844774327,-63.82306671943051,-84604.147,5.060758739840664,2.2211816139127443,Output down; imports not up,False,False,False
24442350,C24,"Copper wire with cross-sectional dimension > 0,5 mm, <= 6 mm (excluding twine or cord reinforced with wire, stranded wire and cables)",74081910,1,15,15,-6.781855272208881,75.91307290086739,9279.362,3.7698784917643744,6.883962041778052,Output down; imports up,False,True,False
24442370,C24,"Copper wire with cross-sectional dimension <= 0,5 mm (excluding twine or cord reinforced with wire, stranded wire and cables)",74081990,1,15,15,-81.16404880780046,111.70861923724127,10241.282,2.087414507017534,19.330049004007453,Output down; imports up,True,True,True
24442400,C24,"Copper and copper alloy plates, sheets and strip of a thickness > 0,15 mm (excluding expanded copper metal, insulated electric strip)",74091100|74091900|74092100|74092900|74093100|74093900|74094000|74099000,8,15,12,-13.448870834575043,,,,6.780300973401479,Missing / zero baseline,False,False,False
24442500,C24,"Copper foil, of a thickness (excluding any backing) <= 0,15 mm",74101100|74101200|74102100|74102200,4,15,15,-95.99749843652283,95.30817144416339,14198.816000000003,1.829301981349299,47.6239361296161,Output down; imports up,True,False,False
24442630,C24,Copper tubes and pipes,74111010|74111090|74112110|74112190|74112200|74112900,6,15,12,-33.03101604551363,,,,13.057043113024658,Missing / zero baseline,True,True,True
24442650,C24,"Copper and copper alloy tube/pipe fittings including couplings, elbows, sleeves, tees and joints excluding bolts and nuts used for assembling/fixing pipes/tubes, fittings with taps, cocks, valves",74121000|74122000,2,15,15,88.93087586044895,45.95979810941018,21844.465,33.2833976807372,27.819251031616286,Imports up; output not down,False,True,False
24452100,C24,Nickel powders and flakes (excluding nickel oxide sinters),75040000,1,15,15,360.9873452571125,-11.966689577593392,-857.639,82.10666107900202,46.703173019191965,Neither expected direction,False,False,False
24452200,C24,"Nickel and nickel alloy bars, rods, profiles and wires (excluding prepared bars, rods or profiles for use in structures, insulated electric bars and wire, enamelled wire)",75051100|75051200|75052100|75052200,4,15,15,181.60214624447164,6.599504182671634,697.0099999999982,29.1584339317223,13.480587705658069,Imports up; output not down,False,False,False
24452300,C24,"Nickel and nickel alloy plate, sheet, strip and foil (excluding expanded metal)",75061000|75062000,2,15,15,48.85699096225411,30.488837256374435,1792.486,17.243879486087863,15.444710191877897,Imports up; output not down,False,False,False
24452400,C24,"Nickel tubes, pipes and tube or pipe fittings",75071100|75071200|75072000,3,15,15,-92.96233087601387,5.010235632862581,81.03499999999977,2.7669248240709523,29.805153144097382,Output down; imports up,True,False,False
24453017,C24,"Molybdenum and articles thereof (excluding waste and scrap), n.e.c.",81021000|81029400|81029500|81029600|81029900,5,15,15,155.93626016260163,-35.91113339299219,-829.4749999999998,42.89480443002608,15.831725909280113,Neither expected direction,False,False,False
24512000,C24,"Tubes, pipes and hollow profiles of cast iron excluding tubes, pipes, hollow profiles made into identifiable parts of articles, such as sections of central heating radiators and machinery parts",73030010|73030090,2,15,15,-61.36685786376519,-33.85052812211106,-68720.297,12.555981395899137,19.734124070775298,Output down; imports not up,True,False,False
24513030,C24,"Tube or pipe fittings, of non-malleable cast iron",73071110|73071190,2,15,15,20.19845305492407,-44.711058818607974,-22017.677,42.52500510315277,25.39170845228382,Neither expected direction,False,False,False
